imagem_id,classe_original,talhao_id,data_captura,equipamento
0055dd26-23a7-4415-ac61-e0b44ebfaf80___RS_HL 5672.JPG,Apple___healthy,T2,2026-08-01T07:00:00,camera_manual
00907d8b-6ae6-4306-bfd7-d54471981a86___RS_HL 5709.JPG,Apple___healthy,T4,2026-08-01T13:00:00,camera_manual
0098dbd9-286a-4d6a-bf4b-5459d66f88c0___RS_HL 5776.JPG,Apple___healthy,T1,2026-08-02T10:00:00,drone
00a6039c-e425-4f7d-81b1-d6b0e668517e___RS_HL 7669.JPG,Apple___healthy,T1,2026-08-02T06:00:00,drone
00fca0da-2db3-481b-b98a-9b67bb7b105c___RS_HL 7708.JPG,Apple___healthy,T3,2026-08-02T12:00:00,drone
010125c0-e6f2-4f3d-b469-dd98ffecbb01___RS_HL 7948.JPG,Apple___healthy,T4,2026-08-02T05:00:00,camera_manual
011d02f3-5c3c-4484-a384-b1a0a0dbdec1___RS_HL 7544.JPG,Apple___healthy,T1,2026-08-01T18:00:00,drone
013b7c70-5e3b-42b7-86af-167815a5b04f___RS_HL 7480.JPG,Apple___healthy,T4,2026-08-02T09:00:00,camera_manual
017fd21b-142f-4988-849a-5fd316ea9a1b___RS_HL 6279.JPG,Apple___healthy,T4,2026-08-02T05:00:00,camera_manual
0181db4e-718e-41bc-b6ed-92863471fa85___RS_HL 5941.JPG,Apple___healthy,T4,2026-08-02T13:00:00,camera_manual
0199bffc-baee-499f-8e03-5dadb8b671be___RS_HL 8042.JPG,Apple___healthy,T4,2026-08-02T13:00:00,camera_manual
01b32971-5125-4982-98e2-22daa9ae864a___RS_HL 7977.JPG,Apple___healthy,T3,2026-08-02T08:00:00,drone
01efa999-757d-487e-8250-27c7854c0ca8___RS_HL 7515.JPG,Apple___healthy,T2,2026-08-02T15:00:00,camera_manual
022b515d-41fd-448e-abac-e8722c32d864___RS_HL 8131.JPG,Apple___healthy,T4,2026-08-01T17:00:00,camera_manual
023810b0-18e6-4352-9dfa-c2f4c034cda5___RS_HL 7538.JPG,Apple___healthy,T2,2026-08-02T19:00:00,camera_manual
02720439-ecbd-4c7a-9382-4c8156b6f15b___RS_HL 5918.JPG,Apple___healthy,T3,2026-08-02T12:00:00,drone
02847045-4405-467c-9ccb-7ba2ab1d574c___RS_HL 5943.JPG,Apple___healthy,T4,2026-08-02T01:00:00,camera_manual
02a0f44c-9cbe-4a2e-9710-296692635ec6___RS_HL 5789.JPG,Apple___healthy,T1,2026-08-01T18:00:00,drone
02cd3257-a42f-4fbc-8056-a41d5aabfbc3___RS_HL 8029.JPG,Apple___healthy,T2,2026-08-02T15:00:00,camera_manual
02d0257a-d21a-43a4-9348-472043df801e___RS_HL 6065.JPG,Apple___healthy,T1,2026-08-01T14:00:00,drone
02fe229e-2b2e-4e1e-b56f-3af97996bee6___RS_HL 8134.JPG,Apple___healthy,T2,2026-08-02T15:00:00,camera_manual
03109942-bfa2-4728-b375-4f02a95957de___RS_HL 8066.JPG,Apple___healthy,T2,2026-08-02T07:00:00,camera_manual
03152113-855b-4eab-8a4f-7d78d92240d0___RS_HL 5838.JPG,Apple___healthy,T4,2026-08-02T05:00:00,camera_manual
036e9351-118e-4795-9f80-74c369b98c88___RS_HL 7513.JPG,Apple___healthy,T4,2026-08-02T09:00:00,camera_manual
039d297c-374b-47cd-bed1-a94ac757eb8b___RS_HL 7612.JPG,Apple___healthy,T4,2026-08-02T17:00:00,camera_manual
03aebf5c-6cca-40da-b61d-f3f83e1cbf9e___RS_HL 8080.JPG,Apple___healthy,T3,2026-08-01T12:00:00,drone
03cb0cf0-04cf-4549-a2b8-44ed75b2e56c___RS_HL 7460.JPG,Apple___healthy,T2,2026-08-01T19:00:00,camera_manual
03d420e7-42a1-41d8-9600-16d577043c64___RS_HL 5738.JPG,Apple___healthy,T3,2026-08-01T16:00:00,drone
03d9267c-935a-487b-a27f-fa22f935b299___RS_HL 5671.JPG,Apple___healthy,T2,2026-08-01T19:00:00,camera_manual
03f6a4b2-d08b-4f7f-8a8e-d132ff3eca8b___RS_HL 6226.JPG,Apple___healthy,T4,2026-08-02T21:00:00,camera_manual
04032305-5ca9-4110-b517-461f13c95f18___RS_HL 7446.JPG,Apple___healthy,T1,2026-08-01T14:00:00,drone
04125537-801d-4e15-b66c-224b09b4e1a7___RS_HL 7457.JPG,Apple___healthy,T2,2026-08-02T07:00:00,camera_manual
041482f6-6dd6-4ac9-9e59-e973c9bcaf6d___RS_HL 8155.JPG,Apple___healthy,T1,2026-08-01T10:00:00,drone
04467511-de12-439c-853f-ef4d99785541___RS_HL 7367.JPG,Apple___healthy,T3,2026-08-02T04:00:00,drone
044a96a2-d5ac-490b-8c57-2c1859cdf8f3___RS_HL 7991.JPG,Apple___healthy,T3,2026-08-02T12:00:00,drone
0460b7aa-4eb0-4c0b-80e5-055ced6684a3___RS_HL 6287.JPG,Apple___healthy,T2,2026-08-01T11:00:00,camera_manual
04d4f065-5cb8-4122-b479-d1362d007276___RS_HL 7719.JPG,Apple___healthy,T3,2026-08-01T12:00:00,drone
04f426ce-8f6f-400a-94f9-c513255d2fa4___RS_HL 7823.JPG,Apple___healthy,T1,2026-08-02T10:00:00,drone
0576bbc4-37b3-413c-8a35-4138c2da69a7___RS_HL 8038.JPG,Apple___healthy,T3,2026-08-02T00:00:00,drone
0580ddaa-0221-4adc-8b64-8ce1842f5f07___RS_HL 6242.JPG,Apple___healthy,T3,2026-08-01T20:00:00,drone
05e20036-a134-46c0-a06f-3c5d4768d787___RS_HL 5856.JPG,Apple___healthy,T1,2026-08-01T06:00:00,drone
063d4c39-48ee-4c1a-903a-fe1d8da621e1___RS_HL 7694.JPG,Apple___healthy,T4,2026-08-02T09:00:00,camera_manual
0646a42e-9fdd-4914-9879-50843fe1ac6d___RS_HL 6111.JPG,Apple___healthy,T2,2026-08-01T07:00:00,camera_manual
0692eda2-32c3-4f9a-b249-bb8112356999___RS_HL 6307.JPG,Apple___healthy,T3,2026-08-01T12:00:00,drone
06b0742a-6d5d-40c6-a02e-ecaa7e1279f0___RS_HL 7639.JPG,Apple___healthy,T1,2026-08-02T10:00:00,drone
06c0c5f7-59cd-498b-8284-51290720a18d___RS_HL 7636.JPG,Apple___healthy,T2,2026-08-02T19:00:00,camera_manual
06dad629-8898-4e90-bd0d-f1b34350b7a1___RS_HL 7387.JPG,Apple___healthy,T3,2026-08-02T00:00:00,drone
0756094c-e815-4897-8b74-5ec4e4cc59b6___RS_HL 7956.JPG,Apple___healthy,T2,2026-08-01T11:00:00,camera_manual
076255ae-2574-415a-b9db-feb739266656___RS_HL 7540.JPG,Apple___healthy,T1,2026-08-01T22:00:00,drone
0776a839-af75-4f70-81b5-2c8dbecc0c55___RS_HL 7851.JPG,Apple___healthy,T2,2026-08-01T07:00:00,camera_manual
07778a5c-8037-425f-aa83-d10b1e1d5db4___RS_HL 7269.JPG,Apple___healthy,T4,2026-08-02T13:00:00,camera_manual
0793dfa6-3728-409b-a5dc-7f3c07528dde___RS_HL 7379.JPG,Apple___healthy,T4,2026-08-02T09:00:00,camera_manual
07942abf-8326-4742-bcba-52ddba093974___RS_HL 5731.JPG,Apple___healthy,T4,2026-08-02T05:00:00,camera_manual
079543ef-5ba8-46ad-95de-7c006c7e7f36___RS_HL 7570.JPG,Apple___healthy,T2,2026-08-01T19:00:00,camera_manual
0802be25-38cf-4c85-bc3b-31988cafadcd___RS_HL 8084.JPG,Apple___healthy,T4,2026-08-01T17:00:00,camera_manual
0872ffc6-d9db-4ba7-a2bf-1fb0f537cafb___RS_HL 6129.JPG,Apple___healthy,T3,2026-08-02T20:00:00,drone
08aaa4e8-ed92-49d3-9ac3-1f6c59740017___RS_HL 7701.JPG,Apple___healthy,T1,2026-08-02T06:00:00,drone
08da0395-feee-4f66-b88b-2fa171d9521d___RS_HL 7779.JPG,Apple___healthy,T2,2026-08-01T07:00:00,camera_manual
08f0fe63-3c64-49a2-b413-c0de91abcafd___RS_HL 8008.JPG,Apple___healthy,T1,2026-08-02T02:00:00,drone
09074cd1-a3f0-4d64-97d9-16919451bd58___RS_HL 6258.JPG,Apple___healthy,T2,2026-08-02T07:00:00,camera_manual
09293103-81bd-45ef-b3ce-d163441d6b18___RS_HL 7337.JPG,Apple___healthy,T4,2026-08-02T13:00:00,camera_manual
09994dfa-4aab-4ada-9ef2-431d050e1e38___RS_HL 5658.JPG,Apple___healthy,T1,2026-08-01T22:00:00,drone
09ad370f-ca6e-48fc-9b4b-990b0d9f6cd3___RS_HL 8135.JPG,Apple___healthy,T1,2026-08-02T14:00:00,drone
09b428ff-8046-4c05-9dc3-991b58e4a649___RS_HL 7731.JPG,Apple___healthy,T3,2026-08-01T16:00:00,drone
0a02e8cb-b715-497f-a16a-c28b3409f927___RS_HL 7432.JPG,Apple___healthy,T2,2026-08-02T11:00:00,camera_manual
0a285c8b-1c31-48d4-89f2-af8b9edc36f6___RS_HL 5759.JPG,Apple___healthy,T1,2026-08-02T10:00:00,drone
0a553fc0-fc2c-4598-baba-3bc10191447c___RS_HL 5969.JPG,Apple___healthy,T4,2026-08-02T01:00:00,camera_manual
0adc1c5b-8958-47c0-a152-f28078c214f1___RS_HL 7825.JPG,Apple___healthy,T2,2026-08-02T03:00:00,camera_manual
0afaaf78-6ec5-49ee-a070-f6217039ed2d___RS_HL 7827.JPG,Apple___healthy,T1,2026-08-01T10:00:00,drone
0b00a1a8-b525-4392-bb6c-3ffb7d824bee___RS_HL 7904.JPG,Apple___healthy,T1,2026-08-01T10:00:00,drone
0bff693d-bab0-4438-9dac-e4503e5e83bb___RS_HL 5741.JPG,Apple___healthy,T4,2026-08-02T13:00:00,camera_manual
0c056dd8-2040-48cf-a9a8-53d8ae5662d0___RS_HL 7987.JPG,Apple___healthy,T2,2026-08-02T07:00:00,camera_manual
0c30f1f2-9eed-4861-bf66-eceae1b0b625___RS_HL 7430.JPG,Apple___healthy,T2,2026-08-02T03:00:00,camera_manual
0c55b379-c6e7-4b89-959f-abc506fed437___RS_HL 5927.JPG,Apple___healthy,T3,2026-08-01T08:00:00,drone
0c83f4eb-4949-47c8-bf63-312d16e64913___RS_HL 7619.JPG,Apple___healthy,T2,2026-08-02T07:00:00,camera_manual
0ca762d0-3853-4018-896e-8f01e29cb144___RS_HL 7558.JPG,Apple___healthy,T3,2026-08-01T20:00:00,drone
0ce497e6-8184-4ef6-9a9f-c46b66c898c3___RS_HL 6036.JPG,Apple___healthy,T2,2026-08-01T15:00:00,camera_manual
0cfa2ddf-56d9-4f62-89a4-f74e220f1859___RS_HL 6196.JPG,Apple___healthy,T1,2026-08-01T06:00:00,drone
0d01a8a3-9faa-4a1f-afe0-be6bffa42056___RS_HL 6204.JPG,Apple___healthy,T2,2026-08-02T03:00:00,camera_manual
0d072074-0253-4a6b-a4cb-02f520c46942___RS_HL 5805.JPG,Apple___healthy,T4,2026-08-01T17:00:00,camera_manual
0d3fa72f-0441-45e8-b30f-a83904f48f99___RS_HL 6261.JPG,Apple___healthy,T1,2026-08-02T10:00:00,drone
0d6e0971-a3d3-4773-b694-b2161248fdaf___RS_HL 5836.JPG,Apple___healthy,T2,2026-08-01T07:00:00,camera_manual
0d776b17-9724-44b9-9186-c89fd17bcf16___RS_HL 8073.JPG,Apple___healthy,T4,2026-08-01T21:00:00,camera_manual
0da48999-25da-4373-8277-3718a8203d0a___RS_HL 8012.JPG,Apple___healthy,T1,2026-08-01T22:00:00,drone
0da8c59a-e54c-4408-ae3c-06d54608b20a___RS_HL 6236.JPG,Apple___healthy,T3,2026-08-02T08:00:00,drone
0e277198-95a0-4700-a7b0-f1881af2b1c0___RS_HL 7285.JPG,Apple___healthy,T2,2026-08-01T07:00:00,camera_manual
0e3c0777-c214-4749-b8ae-4985274d2f9e___RS_HL 7984.JPG,Apple___healthy,T3,2026-08-02T16:00:00,drone
0e857e3d-34ff-4549-b8ef-4d699aacb178___RS_HL 7511.JPG,Apple___healthy,T3,2026-08-02T00:00:00,drone
0e8c4b90-36d4-4b8c-a134-88c344e97ac2___RS_HL 5721.JPG,Apple___healthy,T1,2026-08-01T18:00:00,drone
0e99efe9-d414-4091-b7b4-6ba6856db3d9___RS_HL 5841.JPG,Apple___healthy,T2,2026-08-01T07:00:00,camera_manual
0e9d1f0c-19b3-4765-87cc-470413d16275___RS_HL 7637.JPG,Apple___healthy,T1,2026-08-01T18:00:00,drone
0eacfbb6-3d68-4a89-b8f8-6b2d328102af___RS_HL 7961.JPG,Apple___healthy,T1,2026-08-02T14:00:00,drone
0ebf06b5-7471-42d7-b8d6-5a53127f90f3___RS_HL 8163.JPG,Apple___healthy,T1,2026-08-01T18:00:00,drone
0ec3bd54-80a1-4dcd-9411-bcfafd147272___RS_HL 7534.JPG,Apple___healthy,T1,2026-08-02T06:00:00,drone
0eceac69-c7bf-4e9e-a249-7ae23dcf065f___RS_HL 5888.JPG,Apple___healthy,T3,2026-08-01T16:00:00,drone
0eeeccc7-f3fb-4b7a-90ec-750fbf10f7e6___RS_HL 6249.JPG,Apple___healthy,T3,2026-08-01T08:00:00,drone
0f33804a-5389-49cc-abb1-c414b243991b___RS_HL 7321.JPG,Apple___healthy,T2,2026-08-01T15:00:00,camera_manual
0f56566e-6151-4ede-b10b-2b1f04f23659___RS_HL 7359.JPG,Apple___healthy,T3,2026-08-02T04:00:00,drone
0f5cb632-9b97-48ce-88d6-45bf321175ce___RS_HL 6088.JPG,Apple___healthy,T2,2026-08-01T15:00:00,camera_manual
0f6184c4-18d9-42c5-93d7-e9c4abe85560___RS_HL 7286.JPG,Apple___healthy,T3,2026-08-01T16:00:00,drone
0f78db5b-0775-4132-b7d6-6a5eb5f4682a___RS_HL 6006.JPG,Apple___healthy,T3,2026-08-02T04:00:00,drone
0fef497f-8fc7-45ee-ad1c-f4e9237fdaf4___RS_HL 7283.JPG,Apple___healthy,T3,2026-08-02T04:00:00,drone
1017bf7f-5a1e-459e-af55-c9a0f83f1b23___RS_HL 5868.JPG,Apple___healthy,T3,2026-08-01T12:00:00,drone
101c9dba-0628-40fd-a4af-cb7f4848d414___RS_HL 7358.JPG,Apple___healthy,T4,2026-08-02T13:00:00,camera_manual
10b8f12c-d16a-4fa0-b70a-5f066f6a1c5c___RS_HL 7312.JPG,Apple___healthy,T2,2026-08-02T03:00:00,camera_manual
10f68987-caf7-4e29-aa26-b48e074212f4___RS_HL 6130.JPG,Apple___healthy,T1,2026-08-01T18:00:00,drone
10f75d05-fa3e-4b14-b3d8-093292c218e6___RS_HL 7873.JPG,Apple___healthy,T4,2026-08-02T17:00:00,camera_manual
1116c1cc-48d8-4bb5-8349-099690ba0b0b___RS_HL 5980.JPG,Apple___healthy,T1,2026-08-02T02:00:00,drone
1141dcab-cf2a-40e4-8b19-a33aa318f875___RS_HL 5689.JPG,Apple___healthy,T1,2026-08-01T18:00:00,drone
115ce7f7-f1b1-4f24-a96f-07107c9e703c___RS_HL 5791.JPG,Apple___healthy,T4,2026-08-01T17:00:00,camera_manual
11636fd2-75f3-40e5-99c4-777589bfc392___RS_HL 8203.JPG,Apple___healthy,T4,2026-08-02T21:00:00,camera_manual
11749aa9-4b07-4cd8-8605-356de6d4cc68___RS_HL 7684.JPG,Apple___healthy,T2,2026-08-02T07:00:00,camera_manual
118160af-d2a3-48ef-8134-cf72f0588cfe___RS_HL 7456.JPG,Apple___healthy,T3,2026-08-02T12:00:00,drone
11bc4ba3-5d5e-4b1e-a5e3-27122256864a___RS_HL 7371.JPG,Apple___healthy,T4,2026-08-01T09:00:00,camera_manual
11beda66-01e9-4bfd-be37-c0f8646d1478___RS_HL 6271.JPG,Apple___healthy,T4,2026-08-02T09:00:00,camera_manual
11c35e07-255e-42cf-b8e9-4533c35ce2c6___RS_HL 7500.JPG,Apple___healthy,T4,2026-08-02T01:00:00,camera_manual
11dc8fb3-42f9-4d14-9e20-3252e18eb802___RS_HL 6278.JPG,Apple___healthy,T2,2026-08-02T11:00:00,camera_manual
12253089-92a5-4a3d-b742-f554cc2a0fe0___RS_HL 5756.JPG,Apple___healthy,T3,2026-08-02T08:00:00,drone
122d2ed7-efb5-4a82-a6f0-74e9524e83ff___RS_HL 5702.JPG,Apple___healthy,T1,2026-08-01T10:00:00,drone
1230a95a-5f08-4fd6-b6e9-44c0c7b1fe8c___RS_HL 8092.JPG,Apple___healthy,T2,2026-08-01T11:00:00,camera_manual
123de292-f902-404e-bfc9-3f248342f418___RS_HL 7542.JPG,Apple___healthy,T3,2026-08-01T20:00:00,drone
129abcae-51bd-43d9-9f30-c4e07523186a___RS_HL 7769.JPG,Apple___healthy,T3,2026-08-02T00:00:00,drone
12f455c2-a44e-4069-a8fb-b7bec17d23c1___RS_HL 5895.JPG,Apple___healthy,T2,2026-08-01T11:00:00,camera_manual
130a93b4-92ca-4883-b003-37954a929dbf___RS_HL 7855.JPG,Apple___healthy,T4,2026-08-02T13:00:00,camera_manual
13227870-bd81-48a1-97a0-8c5bcecef8f7___RS_HL 7452.JPG,Apple___healthy,T3,2026-08-02T12:00:00,drone
13298d36-4425-437d-ae8e-c7d70e200084___RS_HL 6271.JPG,Apple___healthy,T4,2026-08-01T09:00:00,camera_manual
1331fd38-acdf-488f-a5db-8dfcecfa5690___RS_HL 7381.JPG,Apple___healthy,T3,2026-08-02T20:00:00,drone
133aae4b-64c8-4def-8f1d-cdc4e1bb73a7___RS_HL 6180.JPG,Apple___healthy,T2,2026-08-01T11:00:00,camera_manual
1356ba06-a72d-480b-b9e5-7bc349d9e605___RS_HL 6208.JPG,Apple___healthy,T1,2026-08-01T18:00:00,drone
13575fc3-1674-4511-a124-2ed065f00cda___RS_HL 7351.JPG,Apple___healthy,T4,2026-08-01T13:00:00,camera_manual
13866bf5-0193-41b4-8e26-cb09d35e8697___RS_HL 5945.JPG,Apple___healthy,T3,2026-08-01T12:00:00,drone
1398b04d-e259-418b-a5db-d4b20b7a3380___RS_HL 7536.JPG,Apple___healthy,T3,2026-08-01T12:00:00,drone
139cb003-2cc1-43ce-bbdf-29767f9e2ce0___RS_HL 7386.JPG,Apple___healthy,T2,2026-08-02T07:00:00,camera_manual
139ff5a7-102b-4434-b540-eb6930e6d968___RS_HL 7910.JPG,Apple___healthy,T3,2026-08-02T08:00:00,drone
13a06d54-2bd9-4bd0-a260-1c193ac4caa8___RS_HL 6293.JPG,Apple___healthy,T4,2026-08-02T09:00:00,camera_manual
13bbfa7e-e864-414e-a16b-cb08688604ae___RS_HL 6190.JPG,Apple___healthy,T4,2026-08-02T13:00:00,camera_manual
13c8382b-ca6c-45f5-a6d0-acd67fb28651___RS_HL 7284.JPG,Apple___healthy,T4,2026-08-01T09:00:00,camera_manual
13cdbdbe-be7f-463c-9085-9ae160412772___RS_HL 6286.JPG,Apple___healthy,T2,2026-08-01T19:00:00,camera_manual
13dba956-2c74-400e-a2ac-b06baeee5e38___RS_HL 7571.JPG,Apple___healthy,T1,2026-08-02T14:00:00,drone
13ee12c2-f465-4e44-a81f-36695ded6955___RS_HL 7897.JPG,Apple___healthy,T2,2026-08-01T11:00:00,camera_manual
14009d84-bca8-4054-b09d-7fd4241c74a6___RS_HL 7907.JPG,Apple___healthy,T2,2026-08-01T15:00:00,camera_manual
14284447-1510-439f-bb04-8977e8fa8cbb___RS_HL 6257.JPG,Apple___healthy,T4,2026-08-01T21:00:00,camera_manual
1477ac33-4284-4db3-9a91-dbd61e6183e3___RS_HL 8059.JPG,Apple___healthy,T1,2026-08-02T06:00:00,drone
14828181-53d0-4dfb-92b1-d7a52602f3cb___RS_HL 7517.JPG,Apple___healthy,T3,2026-08-02T12:00:00,drone
14896dc0-688d-456f-b5ec-a037695b0193___RS_HL 6268.JPG,Apple___healthy,T3,2026-08-02T04:00:00,drone
1490daeb-9cfb-4456-bb27-dd836f9e07a6___RS_HL 5959.JPG,Apple___healthy,T4,2026-08-02T17:00:00,camera_manual
1495b096-6249-4f8c-b9e5-37e09fc21d1a___RS_HL 7716.JPG,Apple___healthy,T1,2026-08-02T02:00:00,drone
1497c20f-448a-48e2-9cf0-b4fc8cfa848a___RS_HL 6292.JPG,Apple___healthy,T1,2026-08-02T18:00:00,drone
14a71f70-0cd9-416c-88c9-5a76e0473e07___RS_HL 7884.JPG,Apple___healthy,T3,2026-08-02T12:00:00,drone
14bb032e-5462-40e4-9056-0e9c3eb47946___RS_HL 7301.JPG,Apple___healthy,T1,2026-08-02T14:00:00,drone
14c60de6-5641-4531-b2af-d1b767c28176___RS_HL 8161.JPG,Apple___healthy,T4,2026-08-02T17:00:00,camera_manual
14c691eb-78de-417f-8832-93427151a6e1___RS_HL 8090.JPG,Apple___healthy,T2,2026-08-02T07:00:00,camera_manual
14e92721-00a0-4696-9392-d3f633082454___RS_HL 5654.JPG,Apple___healthy,T4,2026-08-02T09:00:00,camera_manual
153e84e2-1849-4cf6-96b7-a1507376d496___RS_HL 8198.JPG,Apple___healthy,T3,2026-08-02T04:00:00,drone
153ee5ec-b8c2-4dd1-9387-cb0e796f301b___RS_HL 7563.JPG,Apple___healthy,T1,2026-08-02T14:00:00,drone
1598eb2e-21c6-4fda-9080-945551c7f2ee___RS_HL 7501.JPG,Apple___healthy,T3,2026-08-02T12:00:00,drone
15a995e0-2e4a-486b-8509-db35d944ce6d___RS_HL 8086.JPG,Apple___healthy,T3,2026-08-02T04:00:00,drone
15ad1bbe-d6da-4b40-aa05-38d394273595___RS_HL 8046.JPG,Apple___healthy,T4,2026-08-02T13:00:00,camera_manual
15b10e4e-2d9b-463e-85c0-d66ba29c5b49___RS_HL 7506.JPG,Apple___healthy,T2,2026-08-02T07:00:00,camera_manual
15bacfc9-1875-48b3-9b91-8b60f030d7ca___RS_HL 7240.JPG,Apple___healthy,T3,2026-08-02T16:00:00,drone
1617e81b-190b-41e8-b258-cf432f65b7ab___RS_HL 6058.JPG,Apple___healthy,T2,2026-08-01T23:00:00,camera_manual
1630633a-63cb-433f-96bc-bc47a933506c___RS_HL 5718.JPG,Apple___healthy,T4,2026-08-02T21:00:00,camera_manual
1652d645-fb1b-4529-acbe-17093566cd2a___RS_HL 8074.JPG,Apple___healthy,T1,2026-08-02T14:00:00,drone
16590622-481b-4f63-ac18-7f590f6af49a___RS_HL 7846.JPG,Apple___healthy,T1,2026-08-01T22:00:00,drone
167f191e-491b-471a-8dc7-ba76315fef0a___RS_HL 7279.JPG,Apple___healthy,T2,2026-08-02T11:00:00,camera_manual
167f64e6-c4c5-423b-8506-9b8210d5fd75___RS_HL 7926.JPG,Apple___healthy,T4,2026-08-02T09:00:00,camera_manual
168d6d21-9d72-43c0-acca-b216f64ee87b___RS_HL 7942.JPG,Apple___healthy,T4,2026-08-02T05:00:00,camera_manual
16b2b778-a864-496e-b292-3e9b4029902b___RS_HL 6178.JPG,Apple___healthy,T2,2026-08-01T11:00:00,camera_manual
16f4ae2e-0592-4a9b-ba7d-df9db0cc04fc___RS_HL 7688.JPG,Apple___healthy,T4,2026-08-02T13:00:00,camera_manual
176a0917-16d8-43c6-8698-1ae095282e66___RS_HL 7903.JPG,Apple___healthy,T1,2026-08-01T14:00:00,drone
177523d1-d9b9-4ba5-94b9-22d5832aa664___RS_HL 5762.JPG,Apple___healthy,T4,2026-08-02T17:00:00,camera_manual
177ee310-d918-4756-ab59-f6f5a1b9e446___RS_HL 7740.JPG,Apple___healthy,T4,2026-08-01T09:00:00,camera_manual
179ad6a1-385b-42a2-8232-538664869673___RS_HL 5771.JPG,Apple___healthy,T4,2026-08-02T09:00:00,camera_manual
17af118c-a4aa-49c6-b31b-b7de49b58dfa___RS_HL 7557.JPG,Apple___healthy,T3,2026-08-01T20:00:00,drone
17e328e5-37ef-4f34-b610-092fdfbbb314___RS_HL 5915.JPG,Apple___healthy,T4,2026-08-02T17:00:00,camera_manual
18121688-72a8-414a-8e36-43060cdebb22___RS_HL 5747.JPG,Apple___healthy,T1,2026-08-01T14:00:00,drone
181ce194-fdc9-4f0b-ae8d-0c621f723279___RS_HL 7487.JPG,Apple___healthy,T2,2026-08-01T19:00:00,camera_manual
18571abd-0d3c-42de-a257-f46c1a6d1517___RS_HL 6126.JPG,Apple___healthy,T3,2026-08-02T00:00:00,drone
18873cb4-cf30-414d-9ffd-c965879d84b1___RS_HL 6239.JPG,Apple___healthy,T1,2026-08-01T10:00:00,drone
188d8d1c-a33a-4513-b97f-466135939339___RS_HL 8151.JPG,Apple___healthy,T2,2026-08-01T11:00:00,camera_manual
189c5270-4ba6-4c14-bfb2-3a7dd4d3e7aa___RS_HL 5984.JPG,Apple___healthy,T4,2026-08-02T09:00:00,camera_manual
18a10d55-e00c-4bb7-9ea6-d11bf0de070e___RS_HL 7252.JPG,Apple___healthy,T4,2026-08-02T13:00:00,camera_manual
19331cca-70bd-47e9-8e0e-2b3ea81f2d1c___RS_HL 5655.JPG,Apple___healthy,T2,2026-08-02T07:00:00,camera_manual
194c4f91-31be-425f-8ac9-698202cf507d___RS_HL 7470.JPG,Apple___healthy,T1,2026-08-01T06:00:00,drone
198ed991-931b-444a-986d-a3facdb8255b___RS_HL 8105.JPG,Apple___healthy,T4,2026-08-02T05:00:00,camera_manual
19b3dc29-de7d-46e8-af14-7451d779f424___RS_HL 7373.JPG,Apple___healthy,T3,2026-08-02T20:00:00,drone
1a0ddafd-c52e-4ea1-ab34-a302cdc27be1___RS_HL 5785.JPG,Apple___healthy,T2,2026-08-02T15:00:00,camera_manual
1a1937a5-c204-4bde-8f70-58b619125c88___RS_HL 7722.JPG,Apple___healthy,T1,2026-08-02T18:00:00,drone
1a219a0d-defa-4ed1-8878-e3f6aeac847b___RS_HL 6046.JPG,Apple___healthy,T2,2026-08-02T19:00:00,camera_manual
1a593b62-fe23-462c-bf68-50f53f357609___RS_HL 6322.JPG,Apple___healthy,T3,2026-08-02T04:00:00,drone
1a905d2f-3b54-41b4-bab8-3c2b0845a91d___RS_HL 7958.JPG,Apple___healthy,T1,2026-08-02T14:00:00,drone
1aa82164-61f2-4baf-b99d-41f18f6e98cc___RS_HL 8087.JPG,Apple___healthy,T3,2026-08-02T20:00:00,drone
1aaa3665-febe-407c-8830-7919b093305e___RS_HL 7803.JPG,Apple___healthy,T1,2026-08-02T02:00:00,drone
1ab5e019-e5f0-4d8e-a252-94cb0aab8b0a___RS_HL 6269.JPG,Apple___healthy,T3,2026-08-01T12:00:00,drone
1ab74120-9cfd-47dd-9a80-ee37f2328be6___RS_HL 7667.JPG,Apple___healthy,T2,2026-08-01T19:00:00,camera_manual
1b22388a-cf05-4795-892f-a5b6f35304d5___RS_HL 8141.JPG,Apple___healthy,T4,2026-08-01T21:00:00,camera_manual
1b36926c-faee-4b6c-9f66-26d1377b9a78___RS_HL 7662.JPG,Apple___healthy,T1,2026-08-02T18:00:00,drone
1b7e4b68-0062-410d-a57f-48177145dfb6___RS_HL 7734.JPG,Apple___healthy,T4,2026-08-02T17:00:00,camera_manual
1b9f5fe1-6d06-4ff6-a35d-3155f623e4fb___RS_HL 6228.JPG,Apple___healthy,T2,2026-08-01T11:00:00,camera_manual
1c116208-4ef8-4b42-ba20-92c3b9ca957c___RS_HL 5885.JPG,Apple___healthy,T2,2026-08-02T11:00:00,camera_manual
1c2b0674-384b-4cad-8704-80781a89d78a___RS_HL 5848.JPG,Apple___healthy,T4,2026-08-01T09:00:00,camera_manual
1c2b51f1-5439-449a-9ca0-52dd158018fc___RS_HL 7998.JPG,Apple___healthy,T2,2026-08-01T11:00:00,camera_manual
1c34397e-9b33-436e-83fc-bd42014fdfa6___RS_HL 5687.JPG,Apple___healthy,T2,2026-08-02T11:00:00,camera_manual
1c45cf6f-2e2e-4091-9bc9-24463f9fcf90___RS_HL 5733.JPG,Apple___healthy,T2,2026-08-01T15:00:00,camera_manual
1c807ca4-b6f5-4123-8d3b-cd44238df38d___RS_HL 6140.JPG,Apple___healthy,T2,2026-08-01T11:00:00,camera_manual
1c85fc77-1843-4a85-8f21-107385d5873c___RS_HL 7272.JPG,Apple___healthy,T1,2026-08-02T10:00:00,drone
1cb890ab-c267-467f-abbc-be9023cb55ff___RS_HL 5667.JPG,Apple___healthy,T2,2026-08-01T15:00:00,camera_manual
1cbe6aef-57d4-4f2a-b8fb-0375db7084d3___RS_HL 7356.JPG,Apple___healthy,T2,2026-08-02T19:00:00,camera_manual
1cd322aa-2fdf-4e50-bb72-f9ebe031f385___RS_HL 7315.JPG,Apple___healthy,T4,2026-08-02T17:00:00,camera_manual
1ceda3e6-3df1-4a82-a5f5-6c62dbd8ccc3___RS_HL 8072.JPG,Apple___healthy,T4,2026-08-02T13:00:00,camera_manual
1cf4ad6b-8c00-42de-aff0-ee2662c54df1___RS_HL 7462.JPG,Apple___healthy,T4,2026-08-02T01:00:00,camera_manual
1d44a5a9-c15c-40d5-b2d6-bbd9e84c96ea___RS_HL 7923.JPG,Apple___healthy,T4,2026-08-02T01:00:00,camera_manual
1d4ea234-bb1b-44ec-9114-d1ea9abece5c___RS_HL 8002.JPG,Apple___healthy,T1,2026-08-01T14:00:00,drone
1d68db41-8cec-49d7-b702-d16e36348f6e___RS_HL 6300.JPG,Apple___healthy,T1,2026-08-01T22:00:00,drone
1d74d65a-039c-41d6-a459-13f946971ca1___RS_HL 7582.JPG,Apple___healthy,T3,2026-08-01T16:00:00,drone
1d74fb02-045f-4919-b360-46e51ee33e82___RS_HL 6086.JPG,Apple___healthy,T2,2026-08-01T15:00:00,camera_manual
1d7c71d2-fac0-4ee6-8def-765282cb744c___RS_HL 5758.JPG,Apple___healthy,T1,2026-08-02T14:00:00,drone
1d98a80e-f33b-44e5-99de-89fb990211f5___RS_HL 7834.JPG,Apple___healthy,T2,2026-08-01T11:00:00,camera_manual
1dabd7f0-68f4-4d1b-b026-e314457de638___RS_HL 8153.JPG,Apple___healthy,T4,2026-08-02T01:00:00,camera_manual
1db9945a-de31-4e5f-9f95-2888c6330057___RS_HL 7901.JPG,Apple___healthy,T4,2026-08-02T01:00:00,camera_manual
1dbfc9d3-f568-4e19-a83c-8fa408cfea3a___RS_HL 5909.JPG,Apple___healthy,T2,2026-08-01T19:00:00,camera_manual
1e59b25e-551a-4343-a551-cd03abdb5cac___RS_HL 7376.JPG,Apple___healthy,T4,2026-08-02T05:00:00,camera_manual
1ec5d93e-76ab-44cf-a53e-ef3f741a095a___RS_HL 7504.JPG,Apple___healthy,T4,2026-08-01T21:00:00,camera_manual
1ecec99b-aeb0-4261-85cf-ac2e8cc80ebd___RS_HL 6073.JPG,Apple___healthy,T1,2026-08-01T06:00:00,drone
1ee2a8ac-77e7-4799-bff1-be48e8aa9ae5___RS_HL 7303.JPG,Apple___healthy,T3,2026-08-01T16:00:00,drone
1f2a82f5-af63-46b8-9c18-d8b9567db343___RS_HL 7849.JPG,Apple___healthy,T2,2026-08-02T19:00:00,camera_manual
1f2d1c4b-78cd-418a-b0c3-2565b530fe5b___RS_HL 7572.JPG,Apple___healthy,T3,2026-08-01T20:00:00,drone
1f2ffb52-a697-43fc-a0d0-609d30e33bfe___RS_HL 6010.JPG,Apple___healthy,T2,2026-08-01T19:00:00,camera_manual
1fae0947-05ec-4487-a8d4-5ce3c860a21f___RS_HL 7962.JPG,Apple___healthy,T2,2026-08-02T07:00:00,camera_manual
1fd5cde9-dc78-4b8d-a82c-ab9a29880894___RS_HL 7918.JPG,Apple___healthy,T2,2026-08-02T15:00:00,camera_manual
1fdc99ae-fbc7-480f-9cde-e80b54744c0d___RS_HL 7972.JPG,Apple___healthy,T2,2026-08-02T07:00:00,camera_manual
1ff38f29-401d-4ec7-a99a-c4d3ccf42efc___RS_HL 7498.JPG,Apple___healthy,T1,2026-08-02T14:00:00,drone
20102c8b-dde0-47d2-8035-7ceeb42f1961___RS_HL 6207.JPG,Apple___healthy,T3,2026-08-02T12:00:00,drone
201de0e4-a74d-4dff-9b5b-e997d36e63d7___RS_HL 7569.JPG,Apple___healthy,T4,2026-08-01T21:00:00,camera_manual
203d4b1b-d358-43d5-bd7f-273e68993961___RS_HL 7590.JPG,Apple___healthy,T1,2026-08-01T06:00:00,drone
2056f48c-137e-4a96-b26d-1c6dae33ee47___RS_HL 7567.JPG,Apple___healthy,T3,2026-08-02T08:00:00,drone
2074d81b-88ad-40f7-9e7a-cd24c2435ea9___RS_HL 5804.JPG,Apple___healthy,T3,2026-08-02T04:00:00,drone
2076cebe-cecb-463f-9a0a-a20c4e53e5f3___RS_HL 5900.JPG,Apple___healthy,T2,2026-08-01T15:00:00,camera_manual
20828c75-15bc-4c31-a3ef-4ee3bfb7081b___RS_HL 8065.JPG,Apple___healthy,T3,2026-08-02T20:00:00,drone
20a6a1df-7c88-4c01-bfe0-2110c1eb0324___RS_HL 8133.JPG,Apple___healthy,T3,2026-08-01T08:00:00,drone
20c2fcd9-0df2-4a18-a976-5a4f2e3f22aa___RS_HL 7882.JPG,Apple___healthy,T4,2026-08-01T09:00:00,camera_manual
20d16569-6237-4038-b6a9-2b2e5375beea___RS_HL 6042.JPG,Apple___healthy,T3,2026-08-02T20:00:00,drone
2116b976-703d-46af-b8a0-ee3ff8e4afa4___RS_HL 5793.JPG,Apple___healthy,T4,2026-08-02T09:00:00,camera_manual
211f5e77-fdc9-4d96-9395-bb3647678c43___RS_HL 7364.JPG,Apple___healthy,T4,2026-08-02T09:00:00,camera_manual
21321d47-a7a7-40e7-9514-cfa4f45e2f22___RS_HL 5651.JPG,Apple___healthy,T3,2026-08-02T12:00:00,drone
21b1f887-6f78-4da8-b676-d9e53cb8b24d___RS_HL 6012.JPG,Apple___healthy,T1,2026-08-02T14:00:00,drone
21c10a73-ebeb-4a16-898b-8b39d9d6eca2___RS_HL 6315.JPG,Apple___healthy,T2,2026-08-01T23:00:00,camera_manual
21c42956-0894-43bf-a1b8-787ef33594c2___RS_HL 7686.JPG,Apple___healthy,T4,2026-08-02T17:00:00,camera_manual
221bfc6b-53d8-4677-8590-8f51530a9661___RS_HL 7260.JPG,Apple___healthy,T4,2026-08-02T21:00:00,camera_manual
22289256-19f2-49b7-a1b6-f1210557543b___RS_HL 7985.JPG,Apple___healthy,T3,2026-08-01T12:00:00,drone
223dbe3b-9f96-473b-a6a6-ea354777ae1f___RS_HL 8040.JPG,Apple___healthy,T1,2026-08-02T10:00:00,drone
2255256e-1e76-4c19-8d32-f168ac6eeaa2___RS_HL 5784.JPG,Apple___healthy,T2,2026-08-01T07:00:00,camera_manual
2260f331-0610-4dd8-9d8e-270115aba39b___RS_HL 6033.JPG,Apple___healthy,T3,2026-08-02T16:00:00,drone
2270f63e-fbad-41fd-95a4-4700006191f7___RS_HL 8000.JPG,Apple___healthy,T1,2026-08-02T10:00:00,drone
228c3cfc-c511-4f1d-80ef-eb6a9e89cc0b___RS_HL 7383.JPG,Apple___healthy,T4,2026-08-02T05:00:00,camera_manual
229d89f1-b2ac-4427-b7e7-47139f62b73d___RS_HL 7341.JPG,Apple___healthy,T1,2026-08-02T10:00:00,drone
22ccba73-f485-4c4d-a6a8-faaaa7c90e1f___RS_HL 7824.JPG,Apple___healthy,T4,2026-08-02T01:00:00,camera_manual
22e6ab6c-375c-475f-8888-3d2f6d939111___RS_HL 7625.JPG,Apple___healthy,T2,2026-08-02T19:00:00,camera_manual
2301f2bb-7972-4fb8-8be6-246ce55ca3b6___RS_HL 6100.JPG,Apple___healthy,T2,2026-08-01T11:00:00,camera_manual
230a4c38-8e59-4c1d-bda8-ee3401e6507b___RS_HL 7945.JPG,Apple___healthy,T3,2026-08-01T12:00:00,drone
232e37bf-da7c-4c4e-94fd-ce592dd37786___RS_HL 7770.JPG,Apple___healthy,T1,2026-08-01T22:00:00,drone
23307db5-ba40-498c-9b96-2c6b65f40c27___RS_HL 6096.JPG,Apple___healthy,T4,2026-08-02T09:00:00,camera_manual
2331c0e7-475e-4304-8f4e-d98f80778a08___RS_HL 8043.JPG,Apple___healthy,T1,2026-08-02T10:00:00,drone
2345cf40-76a9-4bb3-9e7c-8d185dd41905___RS_HL 8123.JPG,Apple___healthy,T3,2026-08-02T04:00:00,drone
23484fef-f518-486c-8469-c33469e4ac11___RS_HL 6117.JPG,Apple___healthy,T4,2026-08-01T21:00:00,camera_manual
234fbf88-be8a-4b45-a93d-493b6e83215c___RS_HL 8182.JPG,Apple___healthy,T2,2026-08-02T15:00:00,camera_manual
2363daeb-88d5-43f3-925b-be7360c10394___RS_HL 5828.JPG,Apple___healthy,T4,2026-08-01T09:00:00,camera_manual
236eab7b-6301-4764-8e70-7b3b87ecc904___RS_HL 8147.JPG,Apple___healthy,T3,2026-08-01T20:00:00,drone
2381a136-3832-4e59-a7d6-9fe4702ef0a0___RS_HL 7580.JPG,Apple___healthy,T3,2026-08-02T16:00:00,drone
238b94a0-eed1-4c28-8396-2de2e7247f72___RS_HL 8107.JPG,Apple___healthy,T2,2026-08-01T19:00:00,camera_manual
238ba7d8-807f-4af5-8524-5259b80cff9e___RS_HL 8119.JPG,Apple___healthy,T2,2026-08-02T19:00:00,camera_manual
23a11b8b-6812-481e-9258-e07cc24fdad4___RS_HL 5898.JPG,Apple___healthy,T2,2026-08-01T23:00:00,camera_manual
23a80c76-8642-4e07-b157-b73eff76c44e___RS_HL 5906.JPG,Apple___healthy,T3,2026-08-02T12:00:00,drone
23b5f9bf-18d8-43d3-a289-6398a7abde91___RS_HL 7914.JPG,Apple___healthy,T4,2026-08-01T21:00:00,camera_manual
23ea1618-d554-47fb-bc03-a1b978f14fbf___RS_HL 6008.JPG,Apple___healthy,T1,2026-08-02T18:00:00,drone
2408e9ef-1a03-44f4-9432-e24113c409e3___RS_HL 7556.JPG,Apple___healthy,T4,2026-08-02T21:00:00,camera_manual
24adc938-da71-4d2a-9c7e-f2dc3a73c908___RS_HL 7307.JPG,Apple___healthy,T3,2026-08-01T08:00:00,drone
24cddc8a-d7e6-4ebf-9771-b3844913f02e___RS_HL 5966.JPG,Apple___healthy,T3,2026-08-02T00:00:00,drone
2514a94f-5f1b-4792-92e7-63b6a552225a___RS_HL 8186.JPG,Apple___healthy,T2,2026-08-01T15:00:00,camera_manual
253bd68f-d969-4fa8-9373-6c49ba5fb274___RS_HL 7439.JPG,Apple___healthy,T2,2026-08-01T19:00:00,camera_manual
2551a3b8-b5dd-4716-88e6-517a012a44f1___RS_HL 7551.JPG,Apple___healthy,T2,2026-08-01T19:00:00,camera_manual
25aa6094-5f2e-4551-9349-a3fe0edd3b92___RS_HL 7296.JPG,Apple___healthy,T3,2026-08-02T08:00:00,drone
25de086c-ea7e-42b0-83fd-bc7d1e584d0a___RS_HL 5852.JPG,Apple___healthy,T4,2026-08-01T09:00:00,camera_manual
263c9e0a-4cba-451c-98bf-77ce71af1b82___RS_HL 6237.JPG,Apple___healthy,T4,2026-08-02T13:00:00,camera_manual
264deb35-dd16-459c-bbd5-4991f6b21be3___RS_HL 5842.JPG,Apple___healthy,T3,2026-08-01T12:00:00,drone
2693000f-ad26-46ae-9d5f-3fb67de2b86c___RS_HL 8206.JPG,Apple___healthy,T1,2026-08-02T10:00:00,drone
269865f0-68b7-4046-8076-22e347b36567___RS_HL 6256.JPG,Apple___healthy,T4,2026-08-01T13:00:00,camera_manual
26e85922-aaf1-4cc6-8bdb-2fb0222a4b8c___RS_HL 7624.JPG,Apple___healthy,T3,2026-08-01T08:00:00,drone
26f830c1-f86f-438b-9045-3531ef02ea9c___RS_HL 8122.JPG,Apple___healthy,T4,2026-08-01T13:00:00,camera_manual
270ca100-e754-4ed1-9fe8-0d3270cba958___RS_HL 5660.JPG,Apple___healthy,T4,2026-08-02T17:00:00,camera_manual
2710a9e1-5834-4606-9e2c-477c0415882e___RS_HL 7564.JPG,Apple___healthy,T4,2026-08-02T01:00:00,camera_manual
2735c32b-b407-4714-b190-2b35d8e9a61f___RS_HL 8104.JPG,Apple___healthy,T4,2026-08-02T09:00:00,camera_manual
274144ec-893c-43fb-ad9a-18f71ead2e58___RS_HL 5971.JPG,Apple___healthy,T4,2026-08-02T13:00:00,camera_manual
2766f4b1-33d2-4532-aab2-a7fb037b87bf___RS_HL 6155.JPG,Apple___healthy,T1,2026-08-01T18:00:00,drone
2768d40f-209f-4f71-a90a-a5f748fe299a___RS_HL 5938.JPG,Apple___healthy,T3,2026-08-01T16:00:00,drone
278e3aec-395c-457a-8fd0-ddf0ad8f3056___RS_HL 7377.JPG,Apple___healthy,T4,2026-08-02T17:00:00,camera_manual
2796f6e4-6b9f-4b3b-9f96-a6788b2e0f02___RS_HL 5712.JPG,Apple___healthy,T3,2026-08-02T20:00:00,drone
27af3831-cc86-4c30-96a5-98d5a2375fcd___RS_HL 8183.JPG,Apple___healthy,T3,2026-08-01T08:00:00,drone
27b057d7-929a-436f-905d-fd8339bf1bca___RS_HL 7366.JPG,Apple___healthy,T4,2026-08-02T17:00:00,camera_manual
27d5e1e8-d30f-4514-bafe-f600ad03a871___RS_HL 7648.JPG,Apple___healthy,T2,2026-08-02T19:00:00,camera_manual
281380c3-d61a-442c-8e1a-a8058645ff01___RS_HL 7350.JPG,Apple___healthy,T2,2026-08-01T07:00:00,camera_manual
2836a80f-2aa7-46b1-8d64-0cf10037eb67___RS_HL 7268.JPG,Apple___healthy,T3,2026-08-02T08:00:00,drone
28682886-ee9f-4698-854f-8f196c01b67a___RS_HL 6101.JPG,Apple___healthy,T4,2026-08-02T21:00:00,camera_manual
288e87b5-654d-434e-a5bc-3f8adaff8cc5___RS_HL 5714.JPG,Apple___healthy,T3,2026-08-02T20:00:00,drone
28b993ef-31f6-42a9-b39b-933a18c0b532___RS_HL 7798.JPG,Apple___healthy,T3,2026-08-01T12:00:00,drone
28c298e3-0846-4372-a9ab-562f2ce7cf9d___RS_HL 5846.JPG,Apple___healthy,T3,2026-08-02T00:00:00,drone
291f66c2-6044-4485-861a-8fa3aa625ddd___RS_HL 7520.JPG,Apple___healthy,T3,2026-08-01T16:00:00,drone
2922187c-ac88-45e4-96ae-2aa396d50bda___RS_HL 5700.JPG,Apple___healthy,T4,2026-08-02T05:00:00,camera_manual
29745ef7-133c-4f61-a5bd-592790f81a32___RS_HL 6326.JPG,Apple___healthy,T1,2026-08-02T18:00:00,drone
298c8daf-43cc-4f65-b2db-65623425e5f8___RS_HL 6103.JPG,Apple___healthy,T4,2026-08-01T17:00:00,camera_manual
2a485bb5-c59f-4af0-837a-063b60e0c3c8___RS_HL 6025.JPG,Apple___healthy,T4,2026-08-02T13:00:00,camera_manual
2a53473e-0c50-43d5-933c-a62576fb5f52___RS_HL 7664.JPG,Apple___healthy,T4,2026-08-02T09:00:00,camera_manual
2a73c206-19c5-4f7c-80da-1bdf62354562___RS_HL 6082.JPG,Apple___healthy,T4,2026-08-01T13:00:00,camera_manual
2a986e85-7e83-443a-871e-c590d5a25845___RS_HL 6000.JPG,Apple___healthy,T3,2026-08-01T08:00:00,drone
2ab9dfe3-b810-428c-843c-e257a25c4447___RS_HL 7576.JPG,Apple___healthy,T3,2026-08-01T20:00:00,drone
2abb295b-31c5-4e5f-b5c7-94ca57e94305___RS_HL 6277.JPG,Apple___healthy,T3,2026-08-02T08:00:00,drone
2ae4c8d8-309c-4dfa-8bde-b985b2a81272___RS_HL 7659.JPG,Apple___healthy,T2,2026-08-01T15:00:00,camera_manual
2b044129-3011-4709-8947-18c1a3bf014d___RS_HL 7919.JPG,Apple___healthy,T1,2026-08-01T22:00:00,drone
2b0d21b2-2320-4cb4-8d40-4684f0c91e55___RS_HL 7505.JPG,Apple___healthy,T1,2026-08-02T06:00:00,drone
2b21526f-9ab0-444b-829a-fa97cd727733___RS_HL 7844.JPG,Apple___healthy,T1,2026-08-01T18:00:00,drone
2b3fa6ff-a37a-497e-b122-5b29ae419bec___RS_HL 5979.JPG,Apple___healthy,T2,2026-08-02T07:00:00,camera_manual
2b48ce1f-c273-4c10-a7b9-2528944097b4___RS_HL 7787.JPG,Apple___healthy,T4,2026-08-02T05:00:00,camera_manual
2b76e710-42aa-4732-9d60-c7fdaa14f9fa___RS_HL 5822.JPG,Apple___healthy,T2,2026-08-02T03:00:00,camera_manual
2b76f048-cc2d-4e91-9652-ca3608dd0481___RS_HL 6201.JPG,Apple___healthy,T1,2026-08-02T18:00:00,drone
2b96d8f8-6642-4897-b43e-dde7fb2fcb2a___RS_HL 7295.JPG,Apple___healthy,T3,2026-08-02T20:00:00,drone
2ba31dd4-36d6-4cda-b2e6-c1f53a174d4d___RS_HL 6305.JPG,Apple___healthy,T2,2026-08-01T23:00:00,camera_manual
2bbd0a49-9a1c-473b-bdf3-51f154db463e___RS_HL 6081.JPG,Apple___healthy,T1,2026-08-01T10:00:00,drone
2bf54e83-c962-4b46-84b1-d5a8a7b686da___RS_HL 5858.JPG,Apple___healthy,T3,2026-08-01T16:00:00,drone
2c7fe12b-945d-4828-a327-fc17eb0c4afc___RS_HL 5942.JPG,Apple___healthy,T2,2026-08-02T11:00:00,camera_manual
2cad835a-1b47-4cad-b08e-acfd29cf5883___RS_HL 7647.JPG,Apple___healthy,T3,2026-08-01T12:00:00,drone
2d1542c5-6771-4433-a912-313e77945d85___RS_HL 5683.JPG,Apple___healthy,T1,2026-08-01T10:00:00,drone
2d62f422-484f-4fa9-af67-f2724cfe5564___RS_HL 7441.JPG,Apple___healthy,T2,2026-08-01T11:00:00,camera_manual
2d6efa59-1d5a-4f92-8879-2fdfa163d404___RS_HL 6157.JPG,Apple___healthy,T1,2026-08-01T22:00:00,drone
2d7f4c07-f4f4-4589-aa82-49e05e5b253b___RS_HL 8056.JPG,Apple___healthy,T2,2026-08-01T07:00:00,camera_manual
2da4c099-fc85-4895-bedc-8a0241ed23b5___RS_HL 5754.JPG,Apple___healthy,T4,2026-08-02T01:00:00,camera_manual
2dc5f050-21dd-4b81-a1cb-ef2a9f72f134___RS_HL 5694.JPG,Apple___healthy,T3,2026-08-01T08:00:00,drone
2e403d36-e4f2-4323-a78c-5a7330f1083c___RS_HL 7857.JPG,Apple___healthy,T2,2026-08-02T19:00:00,camera_manual
2e599aab-11dd-4073-845e-b45a6accb4de___RS_HL 8009.JPG,Apple___healthy,T1,2026-08-01T18:00:00,drone
2e6c2a31-e580-49ad-aa9e-31c11f0ff4b3___RS_HL 8137.JPG,Apple___healthy,T2,2026-08-02T15:00:00,camera_manual
2e7471ae-fd24-4038-9caf-98f4cf2a6946___RS_HL 7437.JPG,Apple___healthy,T4,2026-08-02T13:00:00,camera_manual
2f2f3662-f870-4b42-b00a-cf098b974d85___RS_HL 8140.JPG,Apple___healthy,T3,2026-08-02T08:00:00,drone
2fae96ef-fe0f-4004-bbb7-259c62cde5c3___RS_HL 7953.JPG,Apple___healthy,T4,2026-08-02T09:00:00,camera_manual
2fbd9205-be67-4f43-be2a-93a8def382a6___RS_HL 7680.JPG,Apple___healthy,T4,2026-08-02T01:00:00,camera_manual
303603ae-edae-45ba-914d-ab522db7089b___RS_HL 7400.JPG,Apple___healthy,T1,2026-08-01T10:00:00,drone
30995ef5-ad2d-4949-b0e0-f98b074b4a96___RS_HL 7378.JPG,Apple___healthy,T1,2026-08-01T18:00:00,drone
30eff8c3-a67c-42d3-b1c6-b17aa2ab8ea4___RS_HL 7461.JPG,Apple___healthy,T2,2026-08-01T15:00:00,camera_manual
30fb7843-8e70-407e-b361-aa54a7473c32___RS_HL 6143.JPG,Apple___healthy,T3,2026-08-02T20:00:00,drone
30fb851f-052b-4b63-bc29-6d824a764fd5___RS_HL 5916.JPG,Apple___healthy,T4,2026-08-01T09:00:00,camera_manual
3100088b-5df1-43b2-a1d9-8ff1d414b67b___RS_HL 5834.JPG,Apple___healthy,T3,2026-08-02T04:00:00,drone
313b7055-4346-4b7c-99fb-ada974f60486___RS_HL 6275.JPG,Apple___healthy,T4,2026-08-02T05:00:00,camera_manual
314b2ac4-0d06-4940-8517-0d4c1072acbf___RS_HL 5929.JPG,Apple___healthy,T1,2026-08-02T18:00:00,drone
31c8c28a-ba8f-4869-a623-949d6c67275d___RS_HL 8177.JPG,Apple___healthy,T3,2026-08-02T20:00:00,drone
32073031-1afb-4a9e-ad8b-2d19ef6bb00a___RS_HL 7362.JPG,Apple___healthy,T4,2026-08-01T09:00:00,camera_manual
32a59e5f-9167-42d4-8040-40563e416572___RS_HL 6156.JPG,Apple___healthy,T1,2026-08-02T18:00:00,drone
32b6be5f-6482-4bd2-876d-c2a518afed09___RS_HL 6163.JPG,Apple___healthy,T4,2026-08-02T01:00:00,camera_manual
32d7538b-1c41-49c4-a67e-4ef228aaa438___RS_HL 7529.JPG,Apple___healthy,T1,2026-08-02T10:00:00,drone
32da947b-7d05-459b-a5dc-b4481bb09f48___RS_HL 7450.JPG,Apple___healthy,T2,2026-08-01T19:00:00,camera_manual
33426aa7-70c4-4cf0-b275-1a4c3e782a92___RS_HL 7600.JPG,Apple___healthy,T1,2026-08-01T18:00:00,drone
336a5bb9-179f-44fb-a4d1-c59a40d90306___RS_HL 5978.JPG,Apple___healthy,T1,2026-08-02T06:00:00,drone
336c4870-9f2f-4cdc-ba05-f9d27271ef07___RS_HL 7670.JPG,Apple___healthy,T3,2026-08-02T12:00:00,drone
33acc3da-5f90-49e4-b70d-b3d60921e08e___RS_HL 7263.JPG,Apple___healthy,T4,2026-08-01T09:00:00,camera_manual
33c721c9-aa91-4173-8695-916b61852017___RS_HL 7816.JPG,Apple___healthy,T2,2026-08-01T23:00:00,camera_manual
33f6e93f-9275-445e-a795-e1ef9c20db7b___RS_HL 8051.JPG,Apple___healthy,T1,2026-08-02T18:00:00,drone
34121ffc-269b-481e-bbf5-96356da9f137___RS_HL 6185.JPG,Apple___healthy,T3,2026-08-02T16:00:00,drone
34881ed6-417b-41a6-9f03-1b9be5f09bb6___RS_HL 7463.JPG,Apple___healthy,T2,2026-08-02T07:00:00,camera_manual
349251ed-2e99-4af9-b432-2a63202a0985___RS_HL 6120.JPG,Apple___healthy,T2,2026-08-01T23:00:00,camera_manual
34960f92-a973-4d36-b388-f63b339b86bc___RS_HL 6167.JPG,Apple___healthy,T2,2026-08-01T23:00:00,camera_manual
34a96778-25fe-4e97-910e-56b39fc2bdd6___RS_HL 6263.JPG,Apple___healthy,T4,2026-08-02T13:00:00,camera_manual
34b8de2a-d30e-4e52-8269-d65cc4e444f6___RS_HL 7717.JPG,Apple___healthy,T4,2026-08-02T09:00:00,camera_manual
34edd324-8b91-417c-bb4c-3bf0dbe348d2___RS_HL 7698.JPG,Apple___healthy,T3,2026-08-01T16:00:00,drone
350182de-38b1-43bf-b189-1fec53a7f499___RS_HL 7867.JPG,Apple___healthy,T3,2026-08-02T08:00:00,drone
3518d065-38fa-4e26-aa0f-6addc2d2968a___RS_HL 7615.JPG,Apple___healthy,T3,2026-08-02T20:00:00,drone
3561a457-ec26-442a-925a-cdbe7f37a430___RS_HL 5786.JPG,Apple___healthy,T3,2026-08-01T20:00:00,drone
359c0812-8e11-45cf-98f7-95840b503b01___RS_HL 5650.JPG,Apple___healthy,T2,2026-08-02T11:00:00,camera_manual
35acdaad-cf75-4ea6-ae8b-02f5a6e7caeb___RS_HL 7620.JPG,Apple___healthy,T3,2026-08-01T12:00:00,drone
35f0c52c-8a43-4bf2-8d55-2a827dbc5c4d___RS_HL 7251.JPG,Apple___healthy,T3,2026-08-02T16:00:00,drone
36321868-bd15-45bc-94f7-b86603f7460d___RS_HL 5772.JPG,Apple___healthy,T4,2026-08-01T17:00:00,camera_manual
3643fe1d-9523-47cf-9952-7e2ecb027338___RS_HL 5704.JPG,Apple___healthy,T1,2026-08-01T22:00:00,drone
3645e3b0-e9c5-4b10-aea6-ce0ba996c059___RS_HL 7267.JPG,Apple___healthy,T1,2026-08-02T06:00:00,drone
3673d121-b5de-481c-b057-d4ee5b4959b1___RS_HL 6269.JPG,Apple___healthy,T4,2026-08-02T05:00:00,camera_manual
367d7a43-f910-4714-918f-f4b9ffde5a91___RS_HL 7692.JPG,Apple___healthy,T1,2026-08-02T06:00:00,drone
36980863-22cb-4e05-a1f6-53039a89993a___RS_HL 5934.JPG,Apple___healthy,T1,2026-08-01T14:00:00,drone
36ab2af7-aff6-4578-99ef-4cf5b6527a9c___RS_HL 7689.JPG,Apple___healthy,T2,2026-08-02T07:00:00,camera_manual
36b2cda3-5c11-45e2-962e-d9d9ba5a4896___RS_HL 7711.JPG,Apple___healthy,T1,2026-08-01T06:00:00,drone
36c00bef-25c2-48ae-9505-41827bcd83d8___RS_HL 6085.JPG,Apple___healthy,T2,2026-08-01T15:00:00,camera_manual
36cc892a-a8de-4547-939d-6dcaf2a8f179___RS_HL 7553.JPG,Apple___healthy,T3,2026-08-01T08:00:00,drone
3737a846-d49c-4f70-bb38-a11922e093d5___RS_HL 8017.JPG,Apple___healthy,T3,2026-08-02T00:00:00,drone
37581d20-bd40-4aca-81ae-00d83473d578___RS_HL 8091.JPG,Apple___healthy,T4,2026-08-02T21:00:00,camera_manual
375f1e44-235c-4ef0-a156-077b71abeed3___RS_HL 8162.JPG,Apple___healthy,T2,2026-08-02T11:00:00,camera_manual
375f472f-7a4e-41fd-af0e-b6da455dfc58___RS_HL 7477.JPG,Apple___healthy,T2,2026-08-01T15:00:00,camera_manual
37715958-a2d4-41d6-9672-9cafd0f1c146___RS_HL 7502.JPG,Apple___healthy,T1,2026-08-01T22:00:00,drone
37b1cd89-582a-40ce-b2ec-6a635e1fea17___RS_HL 6151.JPG,Apple___healthy,T3,2026-08-02T04:00:00,drone
37b9da4a-2823-48fb-ba35-4138a44acf53___RS_HL 5954.JPG,Apple___healthy,T1,2026-08-02T10:00:00,drone
37fcfaf7-88f4-4735-99a2-8df576e0f248___RS_HL 8108.JPG,Apple___healthy,T4,2026-08-01T17:00:00,camera_manual
3817a269-0274-4a5c-b851-46e91b10788f___RS_HL 5720.JPG,Apple___healthy,T1,2026-08-02T06:00:00,drone
381f3abb-208f-4f52-b7a2-57e35f31c373___RS_HL 5680.JPG,Apple___healthy,T3,2026-08-02T12:00:00,drone
38292be8-d182-458a-adcd-343435c343ec___RS_HL 5801.JPG,Apple___healthy,T2,2026-08-02T07:00:00,camera_manual
3829531e-aa99-481f-ab73-23690ea06417___RS_HL 8144.JPG,Apple___healthy,T4,2026-08-02T21:00:00,camera_manual
38394f24-6b80-4231-b2c4-850325c0718d___RS_HL 7968.JPG,Apple___healthy,T2,2026-08-01T19:00:00,camera_manual
386af887-8be7-4b99-9ef1-ee0eb5ba7d87___RS_HL 6030.JPG,Apple___healthy,T1,2026-08-02T18:00:00,drone
3876f449-0cd6-4910-9321-f56a28621c51___RS_HL 7775.JPG,Apple___healthy,T1,2026-08-01T22:00:00,drone
38c039b6-23f0-4fc2-a0df-e5ec3f523a09___RS_HL 5887.JPG,Apple___healthy,T3,2026-08-01T08:00:00,drone
38db4391-44e3-4aae-bb9d-51e8e03500b7___RS_HL 6321.JPG,Apple___healthy,T3,2026-08-01T16:00:00,drone
3969a6d5-f626-4a6a-bc72-3d38d1cff967___RS_HL 6092.JPG,Apple___healthy,T1,2026-08-01T10:00:00,drone
398f4455-d008-4d69-a58d-b0a1f228abaa___RS_HL 5729.JPG,Apple___healthy,T3,2026-08-02T00:00:00,drone
39bd8139-dfe4-45ec-8bf9-d9cabbdd1ea8___RS_HL 5659.JPG,Apple___healthy,T1,2026-08-01T06:00:00,drone
39be15a0-4c7f-4a8e-9938-829bec85fd1c___RS_HL 6209.JPG,Apple___healthy,T2,2026-08-01T11:00:00,camera_manual
39f64aba-4bf0-434c-9800-4a0b6bc324bd___RS_HL 7934.JPG,Apple___healthy,T2,2026-08-01T15:00:00,camera_manual
3a1ca70b-00f0-4a0b-a973-8db1da714e6c___RS_HL 7759.JPG,Apple___healthy,T1,2026-08-02T10:00:00,drone
3a26bfb8-eb90-4f61-bc32-8cbe65c708df___RS_HL 6174.JPG,Apple___healthy,T4,2026-08-01T13:00:00,camera_manual
3a544ee5-490e-4a41-b03b-cf1700362448___RS_HL 6200.JPG,Apple___healthy,T2,2026-08-02T15:00:00,camera_manual
3a5916ba-0db8-4aff-a282-26f33b056832___RS_HL 8125.JPG,Apple___healthy,T1,2026-08-01T06:00:00,drone
3a6789e3-2dd3-4513-b21d-be34f521c4a1___RS_HL 8031.JPG,Apple___healthy,T2,2026-08-02T19:00:00,camera_manual
3a74b441-4ab0-412f-ae66-f28f4b1d9df2___RS_HL 5968.JPG,Apple___healthy,T2,2026-08-02T03:00:00,camera_manual
3a80eee6-d03a-4ac9-8f73-5f251f568840___RS_HL 5935.JPG,Apple___healthy,T1,2026-08-02T06:00:00,drone
3ab37181-78d5-4bf2-8d20-a233d3c685aa___RS_HL 7407.JPG,Apple___healthy,T4,2026-08-01T21:00:00,camera_manual
3abb0d3f-f131-4025-af6d-68bd6f4d253e___RS_HL 8110.JPG,Apple___healthy,T4,2026-08-02T09:00:00,camera_manual
3adc3359-b27d-4eea-bffc-7422a9a15536___RS_HL 5755.JPG,Apple___healthy,T1,2026-08-02T10:00:00,drone
3af9dc00-a64b-4b45-a034-1d190e5277ea___RS_HL 7788.JPG,Apple___healthy,T4,2026-08-01T21:00:00,camera_manual
3aff0cab-c5f0-4fd5-8a7a-2a81160da701___RS_HL 7392.JPG,Apple___healthy,T1,2026-08-02T06:00:00,drone
3b0f637d-dd22-44a0-a4b4-2a7792e2ac76___RS_HL 7258.JPG,Apple___healthy,T2,2026-08-02T03:00:00,camera_manual
3b471f38-5b31-4f0c-83de-1ac26c92f63f___RS_HL 7408.JPG,Apple___healthy,T4,2026-08-02T01:00:00,camera_manual
3b59f785-afa8-4204-b6fd-467404734888___RS_HL 6144.JPG,Apple___healthy,T3,2026-08-01T20:00:00,drone
3b7ee41f-9af2-4425-a7ea-574ef63979c8___RS_HL 7838.JPG,Apple___healthy,T1,2026-08-01T06:00:00,drone
3b9d4604-18c3-49a7-8ac3-07386ae370fb___RS_HL 8179.JPG,Apple___healthy,T3,2026-08-01T12:00:00,drone
3bd24003-1163-40f4-8b1f-21aad7fc4b4b___RS_HL 5912.JPG,Apple___healthy,T3,2026-08-02T12:00:00,drone
3bde3d8d-8a44-4e06-9492-a54a9844bf90___RS_HL 7318.JPG,Apple___healthy,T3,2026-08-01T20:00:00,drone
3bfeaca2-de0b-4a2c-adc0-06adc87a1386___RS_HL 7425.JPG,Apple___healthy,T1,2026-08-02T18:00:00,drone
3c047601-ed4d-4178-8bed-33a65e5f4b6d___RS_HL 6001.JPG,Apple___healthy,T4,2026-08-02T01:00:00,camera_manual
3c1fd0db-4090-485a-9d59-4293714b482c___RS_HL 7581.JPG,Apple___healthy,T1,2026-08-01T18:00:00,drone
3c3127c8-58c3-43ab-9b6f-75c641db96ce___RS_HL 7282.JPG,Apple___healthy,T2,2026-08-02T11:00:00,camera_manual
3c469e15-452e-4332-9f4b-93104f32d5e9___RS_HL 7954.JPG,Apple___healthy,T4,2026-08-01T13:00:00,camera_manual
3c5ca000-1c26-46bf-8974-fd6599744059___RS_HL 7596.JPG,Apple___healthy,T1,2026-08-01T14:00:00,drone
3c739f46-0ab2-4441-8fa9-cbc16d7609cb___RS_HL 7385.JPG,Apple___healthy,T3,2026-08-01T16:00:00,drone
3d0032d5-ac37-4dbe-8c2c-ef567472578b___RS_HL 7750.JPG,Apple___healthy,T2,2026-08-01T23:00:00,camera_manual
3d075f90-7002-4c45-abc0-4f35ee49aa79___RS_HL 6272.JPG,Apple___healthy,T1,2026-08-02T18:00:00,drone
3d2a5995-d293-471e-bcd3-862a8850d78d___RS_HL 5773.JPG,Apple___healthy,T1,2026-08-01T10:00:00,drone
3d300955-5956-4ed8-9348-d2d02388d4d3___RS_HL 7772.JPG,Apple___healthy,T3,2026-08-02T08:00:00,drone
3df0da99-6c5d-4520-b396-9616e81f8935___RS_HL 6031.JPG,Apple___healthy,T1,2026-08-01T18:00:00,drone
3df65fa9-1348-4c13-aca6-04bdca4fc070___RS_HL 5668.JPG,Apple___healthy,T1,2026-08-01T18:00:00,drone
3e19a6c4-e5d8-4649-b403-7a8fd36b88e2___RS_HL 7533.JPG,Apple___healthy,T1,2026-08-01T14:00:00,drone
3e3eaffe-3dda-4a64-8aa7-ca6cf40ff284___RS_HL 5698.JPG,Apple___healthy,T3,2026-08-01T08:00:00,drone
3e694355-bfdc-4dfe-978e-16c08b70bdba___RS_HL 8028.JPG,Apple___healthy,T2,2026-08-02T07:00:00,camera_manual
3e8eb97c-b2ad-4aeb-82ff-2f1334801c9b___RS_HL 6098.JPG,Apple___healthy,T3,2026-08-01T20:00:00,drone
3ecbb982-2844-4662-ad65-9a94fee38fa3___RS_HL 8060.JPG,Apple___healthy,T2,2026-08-02T19:00:00,camera_manual
3ecfd9ce-30c4-4453-9d90-75854c7f82b7___RS_HL 5950.JPG,Apple___healthy,T1,2026-08-02T02:00:00,drone
3ee00792-0430-445e-8c25-970607d2759d___RS_HL 7810.JPG,Apple___healthy,T2,2026-08-02T19:00:00,camera_manual
3ee17877-b649-4b43-939a-d9415a21dfd5___RS_HL 7300.JPG,Apple___healthy,T2,2026-08-02T11:00:00,camera_manual
3ee70760-b734-43e2-b29b-aee4daafe6cd___RS_HL 7317.JPG,Apple___healthy,T2,2026-08-01T07:00:00,camera_manual
3eef4051-9e25-4e17-8540-c35e5df18648___RS_HL 6054.JPG,Apple___healthy,T2,2026-08-02T11:00:00,camera_manual
3f9788c1-8456-453f-b1c2-5cc66ba714a6___RS_HL 7635.JPG,Apple___healthy,T3,2026-08-01T20:00:00,drone
3fdbd8fe-f026-4fef-b02d-b451fb60cb86___RS_HL 7353.JPG,Apple___healthy,T1,2026-08-01T06:00:00,drone
400723a1-65ae-4d62-b7c7-d8c0b7a02480___RS_HL 7479.JPG,Apple___healthy,T2,2026-08-01T23:00:00,camera_manual
4019c49e-a237-4e3f-b4a9-823905304e05___RS_HL 7997.JPG,Apple___healthy,T2,2026-08-02T03:00:00,camera_manual
4023916c-9823-4410-bd89-b8bfe1b0b456___RS_HL 6009.JPG,Apple___healthy,T4,2026-08-02T05:00:00,camera_manual
404ef08f-0f34-4530-bc4b-ce356b3c2da1___RS_HL 7484.JPG,Apple___healthy,T4,2026-08-01T17:00:00,camera_manual
405ca310-f708-4815-b121-5bb315d98f6f___RS_HL 6122.JPG,Apple___healthy,T3,2026-08-01T16:00:00,drone
40655604-b43e-4dab-91a2-6fe928f782e9___RS_HL 7929.JPG,Apple___healthy,T2,2026-08-02T19:00:00,camera_manual
40b69253-5e07-452f-82b5-8d4f0f15e400___RS_HL 5813.JPG,Apple___healthy,T3,2026-08-02T16:00:00,drone
41628932-5547-443e-8659-ed8ad6be820e___RS_HL 5711.JPG,Apple___healthy,T1,2026-08-01T22:00:00,drone
4179bae8-d3f3-43ea-8e36-b3b4c752c261___RS_HL 6138.JPG,Apple___healthy,T4,2026-08-02T21:00:00,camera_manual
41969f52-e194-401e-a55b-4ff88f740a8a___RS_HL 6125.JPG,Apple___healthy,T4,2026-08-01T13:00:00,camera_manual
41a4e6fd-7e26-4c73-ac08-bcfffda53c0f___RS_HL 7322.JPG,Apple___healthy,T1,2026-08-01T14:00:00,drone
4221a70d-e5ef-44c7-843f-098a1fe0bfe3___RS_HL 8085.JPG,Apple___healthy,T4,2026-08-02T05:00:00,camera_manual
42777529-bf54-4134-9bd6-34fbd135575d___RS_HL 8045.JPG,Apple___healthy,T1,2026-08-02T02:00:00,drone
427a2799-ef47-4ee9-9175-f2f850cf933e___RS_HL 8018.JPG,Apple___healthy,T4,2026-08-02T13:00:00,camera_manual
42f558a0-c252-4949-ba12-232731aa9a6b___RS_HL 7543.JPG,Apple___healthy,T3,2026-08-01T08:00:00,drone
42fdd9ce-6860-4862-8717-4f147884c7d6___RS_HL 5739.JPG,Apple___healthy,T1,2026-08-01T18:00:00,drone
42feb98c-4131-453a-b189-5e7c147f3f32___RS_HL 6264.JPG,Apple___healthy,T4,2026-08-02T09:00:00,camera_manual
4306468f-a177-4c65-bb9a-4167e8d33223___RS_HL 5897.JPG,Apple___healthy,T1,2026-08-02T18:00:00,drone
430fd7d8-9390-411c-b849-e421cf11f7a7___RS_HL 7314.JPG,Apple___healthy,T3,2026-08-02T00:00:00,drone
432debb0-7063-4747-bf11-e6b335f58947___RS_HL 7548.JPG,Apple___healthy,T3,2026-08-02T08:00:00,drone
4342c40d-5a1b-4a93-97b4-2e3579802605___RS_HL 7744.JPG,Apple___healthy,T2,2026-08-02T11:00:00,camera_manual
435d4aff-f96c-415a-91a4-07e21179a3d0___RS_HL 8159.JPG,Apple___healthy,T3,2026-08-01T16:00:00,drone
43619607-151e-41c1-b428-89f24c177515___RS_HL 5723.JPG,Apple___healthy,T2,2026-08-01T11:00:00,camera_manual
445d268a-415e-41d4-80de-0116fdaca73d___RS_HL 5982.JPG,Apple___healthy,T3,2026-08-01T20:00:00,drone
44707c11-0d08-411f-9fa3-21d3edf72031___RS_HL 6255.JPG,Apple___healthy,T3,2026-08-02T00:00:00,drone
44714cae-d7c8-4b0a-9058-0fe9ba703064___RS_HL 8081.JPG,Apple___healthy,T4,2026-08-02T21:00:00,camera_manual
449205c0-c994-4e4f-9ea4-ef7fa45f2151___RS_HL 7730.JPG,Apple___healthy,T4,2026-08-01T09:00:00,camera_manual
44acd453-48a7-48db-997a-34b00a4d437a___RS_HL 7892.JPG,Apple___healthy,T2,2026-08-01T23:00:00,camera_manual
44be3db8-37a5-44e1-a1b5-df963562cb86___RS_HL 7531.JPG,Apple___healthy,T1,2026-08-01T14:00:00,drone
44d0b31c-72e0-4a8f-9c3b-64051dab5d2e___RS_HL 7856.JPG,Apple___healthy,T3,2026-08-02T04:00:00,drone
44f96d95-150b-499d-8fb7-a95ed4df85c6___RS_HL 8152.JPG,Apple___healthy,T3,2026-08-01T08:00:00,drone
45584571-03d6-40eb-909e-00c752a4d66e___RS_HL 5803.JPG,Apple___healthy,T2,2026-08-01T23:00:00,camera_manual
456779f4-b7a7-4980-94ee-1798491ca888___RS_HL 7415.JPG,Apple___healthy,T1,2026-08-01T22:00:00,drone
456d5c1e-e025-4d4d-866c-799627dfeb36___RS_HL 5673.JPG,Apple___healthy,T1,2026-08-01T10:00:00,drone
45b5782c-dd64-4513-954a-25a4c4c5fdef___RS_HL 7887.JPG,Apple___healthy,T2,2026-08-02T11:00:00,camera_manual
45c79d4a-ac12-4bf8-a4d6-f59898aa4570___RS_HL 6317.JPG,Apple___healthy,T2,2026-08-02T19:00:00,camera_manual
45ec1880-a9d2-4458-bd99-f0a6c01e54c4___RS_HL 6303.JPG,Apple___healthy,T1,2026-08-02T18:00:00,drone
461e67e8-40dd-4bf6-964a-d16c7fc59ac9___RS_HL 7244.JPG,Apple___healthy,T4,2026-08-02T21:00:00,camera_manual
468c07f3-8ac1-4b0f-8e10-f97a7b41f4f9___RS_HL 7661.JPG,Apple___healthy,T4,2026-08-01T21:00:00,camera_manual
46c590f0-7e60-4ccd-af4e-45f911abf66a___RS_HL 6152.JPG,Apple___healthy,T4,2026-08-02T01:00:00,camera_manual
46ef8441-3792-4ca8-919b-eb6cedd0ed3f___RS_HL 5998.JPG,Apple___healthy,T1,2026-08-02T02:00:00,drone
472f7b3f-a843-4ca2-b602-005ffc13d457___RS_HL 5864.JPG,Apple___healthy,T3,2026-08-02T12:00:00,drone
47c4f435-2335-44ff-be67-20586e69aacf___RS_HL 7552.JPG,Apple___healthy,T1,2026-08-01T10:00:00,drone
47c52b97-c8c7-41da-8bff-608d8db48408___RS_HL 6243.JPG,Apple___healthy,T2,2026-08-02T03:00:00,camera_manual
47c9915d-7fb5-4426-a1b8-5928c3b20666___RS_HL 7565.JPG,Apple___healthy,T2,2026-08-01T11:00:00,camera_manual
482fa3b9-4ab6-46ff-b670-ff5ba0f37425___RS_HL 5937.JPG,Apple___healthy,T2,2026-08-01T15:00:00,camera_manual
4839a9b1-c89f-475c-849f-c40c44e9cfff___RS_HL 6040.JPG,Apple___healthy,T4,2026-08-02T01:00:00,camera_manual
48585f10-a0d6-417c-9edc-fc029b04a195___RS_HL 7382.JPG,Apple___healthy,T2,2026-08-01T11:00:00,camera_manual
48beab72-35ef-4711-ad53-579bfaf787d3___RS_HL 6230.JPG,Apple___healthy,T3,2026-08-01T08:00:00,drone
48cdfda2-59c7-4de9-96e2-a38dffd80754___RS_HL 6158.JPG,Apple___healthy,T2,2026-08-01T11:00:00,camera_manual
48ff38b5-5af1-44e5-9d94-ee9a32715aba___RS_HL 6109.JPG,Apple___healthy,T4,2026-08-01T21:00:00,camera_manual
491f5957-ed75-4198-b988-4f0c834cd4ec___RS_HL 6043.JPG,Apple___healthy,T4,2026-08-01T21:00:00,camera_manual
4941b5f6-7a47-4207-bf9c-adfb43d46e26___RS_HL 6262.JPG,Apple___healthy,T1,2026-08-01T10:00:00,drone
49b6b50f-7c76-4c31-9e33-b5ae8d22264c___RS_HL 5882.JPG,Apple___healthy,T1,2026-08-01T22:00:00,drone
49c357ef-7887-43d3-a478-85486e70e2d3___RS_HL 5656.JPG,Apple___healthy,T3,2026-08-01T16:00:00,drone
49cc68a3-a1df-47c2-99d5-c2cb3a4c0227___RS_HL 7854.JPG,Apple___healthy,T4,2026-08-02T05:00:00,camera_manual
49d18ffd-bfd4-435d-bffb-fe66ec0e3af6___RS_HL 5647.JPG,Apple___healthy,T4,2026-08-01T21:00:00,camera_manual
49db45ee-cfb4-4691-800f-e1887f163f49___RS_HL 6160.JPG,Apple___healthy,T1,2026-08-02T02:00:00,drone
49fa7047-3a59-4afe-8dc3-e6fc10e5b830___RS_HL 7435.JPG,Apple___healthy,T4,2026-08-01T17:00:00,camera_manual
4a99390b-e2ee-4941-a14f-37575ada3004___RS_HL 6039.JPG,Apple___healthy,T1,2026-08-02T14:00:00,drone
4aa3b2bb-1bd4-410a-bf6b-09862798bf88___RS_HL 6148.JPG,Apple___healthy,T1,2026-08-01T10:00:00,drone
4aaa2349-eed7-48ed-a96c-02c313ee2d68___RS_HL 5911.JPG,Apple___healthy,T1,2026-08-02T14:00:00,drone
4ab36472-9140-4bab-a351-008dd4845fde___RS_HL 5870.JPG,Apple___healthy,T4,2026-08-02T17:00:00,camera_manual
4ab5d6f0-6f9a-4af3-ab4d-6daf034edeff___RS_HL 7889.JPG,Apple___healthy,T3,2026-08-02T04:00:00,drone
4b186022-c0ab-4a26-9930-c7944a3c431e___RS_HL 7389.JPG,Apple___healthy,T2,2026-08-02T11:00:00,camera_manual
4b22a1e7-745b-4c78-a49e-14ca8cfba26a___RS_HL 8111.JPG,Apple___healthy,T3,2026-08-01T08:00:00,drone
4b2958d2-b93d-4ed1-b899-01a6c3a5b8b6___RS_HL 7768.JPG,Apple___healthy,T3,2026-08-02T04:00:00,drone
4b2e833c-9618-4733-90b1-71877f87a6f6___RS_HL 7361.JPG,Apple___healthy,T3,2026-08-01T08:00:00,drone
4b8147d5-9bcb-4375-ab29-de19201bc9af___RS_HL 7372.JPG,Apple___healthy,T4,2026-08-02T05:00:00,camera_manual
4b8ec331-226a-4526-a87f-a2d45df438d7___RS_HL 5961.JPG,Apple___healthy,T2,2026-08-01T23:00:00,camera_manual
4bfc8d18-abd9-473f-b581-22283574686d___RS_HL 8088.JPG,Apple___healthy,T1,2026-08-01T10:00:00,drone
4c368acb-0a47-4c7f-84bd-29dc74660db9___RS_HL 5800.JPG,Apple___healthy,T4,2026-08-01T17:00:00,camera_manual
4c3bd8fb-b507-4ef4-93b6-39f1b0d087d8___RS_HL 6252.JPG,Apple___healthy,T2,2026-08-01T11:00:00,camera_manual
4c4358f8-03ad-4d68-be74-d769ab728ef1___RS_HL 5921.JPG,Apple___healthy,T2,2026-08-02T15:00:00,camera_manual
4c501b09-39fc-4c6c-9c50-2200f0ba8b27___RS_HL 8187.JPG,Apple___healthy,T1,2026-08-02T14:00:00,drone
4c50a62b-3af4-43f9-a31d-794abd545413___RS_HL 7739.JPG,Apple___healthy,T4,2026-08-01T09:00:00,camera_manual
4c6671cb-b873-4e04-9dd8-fafb839a3d28___RS_HL 7797.JPG,Apple___healthy,T4,2026-08-02T13:00:00,camera_manual
4c7d424b-d418-4b72-84a9-2a639eabb5ec___RS_HL 5734.JPG,Apple___healthy,T2,2026-08-02T19:00:00,camera_manual
4c7e1a5a-fc48-43a8-959d-c7c8ad6462b9___RS_HL 7561.JPG,Apple___healthy,T4,2026-08-01T17:00:00,camera_manual
4cc430bb-9f3d-4dfc-86c0-0dfdfd71ebb3___RS_HL 6147.JPG,Apple___healthy,T2,2026-08-01T11:00:00,camera_manual
4cd37f4e-557b-4317-8772-21abd1efec65___RS_HL 7420.JPG,Apple___healthy,T3,2026-08-01T08:00:00,drone
4cd8dfb9-2afe-425f-a110-39882ded3802___RS_HL 5799.JPG,Apple___healthy,T3,2026-08-02T20:00:00,drone
4cf06978-a0b5-43a0-8da3-fda45eee2e1c___RS_HL 5777.JPG,Apple___healthy,T2,2026-08-01T23:00:00,camera_manual
4cfa1595-b674-419b-93f7-2a836ff4d1bd___RS_HL 7464.JPG,Apple___healthy,T1,2026-08-01T14:00:00,drone
4d3a7082-8a74-4cbe-8c75-eb9ffd47490b___RS_HL 7792.JPG,Apple___healthy,T1,2026-08-01T22:00:00,drone
4d6b1b98-2f9a-454d-9ac9-37433c715920___RS_HL 7338.JPG,Apple___healthy,T2,2026-08-02T07:00:00,camera_manual
4d6cc52c-984d-4652-ac24-ad608cb2085d___RS_HL 7725.JPG,Apple___healthy,T4,2026-08-02T09:00:00,camera_manual
4d7bd871-a301-44ce-a229-a8136e0a43e4___RS_HL 7891.JPG,Apple___healthy,T2,2026-08-01T11:00:00,camera_manual
4da8c9ec-92d1-4e33-87b2-de2906f88a46___RS_HL 8201.JPG,Apple___healthy,T3,2026-08-02T20:00:00,drone
4ddc6bdf-fa72-43ff-99df-36430b318df4___RS_HL 7499.JPG,Apple___healthy,T4,2026-08-01T17:00:00,camera_manual
4ddf9e55-b678-4036-87c3-66076035cbe2___RS_HL 6194.JPG,Apple___healthy,T4,2026-08-02T13:00:00,camera_manual
4e481e14-a671-4794-a1f0-9fca67ad7d0d___RS_HL 8124.JPG,Apple___healthy,T2,2026-08-02T11:00:00,camera_manual
4e817ac6-818a-431f-af6d-e44477f9b649___RS_HL 7616.JPG,Apple___healthy,T2,2026-08-02T07:00:00,camera_manual
4eab95ce-76ec-4bd2-9cc6-f39747569750___RS_HL 5958.JPG,Apple___healthy,T4,2026-08-02T21:00:00,camera_manual
4eae8d4c-d3d9-4109-8637-76b68e1a5b66___RS_HL 5975.JPG,Apple___healthy,T2,2026-08-02T15:00:00,camera_manual
4ec6e6f9-7f03-44ca-9bd0-1f64b5964308___RS_HL 5669.JPG,Apple___healthy,T1,2026-08-02T02:00:00,drone
4f3f74a8-ea7f-4053-a14c-f2f6d3c219ad___RS_HL 7872.JPG,Apple___healthy,T3,2026-08-02T04:00:00,drone
4f7c8fa5-f8cf-4b64-aaff-14d4a1c2cb27___RS_HL 7421.JPG,Apple___healthy,T2,2026-08-01T23:00:00,camera_manual
4f84889d-5057-4b56-9643-86b7ec5fcfdd___RS_HL 8063.JPG,Apple___healthy,T3,2026-08-01T12:00:00,drone
4f915b76-fe41-4201-ae61-9c9ad7cbc94d___RS_HL 5933.JPG,Apple___healthy,T2,2026-08-02T07:00:00,camera_manual
4f9b8500-4510-4d79-bcbf-d9b680cd8fe8___RS_HL 6304.JPG,Apple___healthy,T1,2026-08-02T14:00:00,drone
4fa27e50-47f1-4ce8-964d-06e0d62c086d___RS_HL 7881.JPG,Apple___healthy,T1,2026-08-01T14:00:00,drone
4ffc00fe-a8ce-4103-9fab-30165684d8c5___RS_HL 7490.JPG,Apple___healthy,T2,2026-08-01T15:00:00,camera_manual
50477370-452c-4dd9-bdad-f270011e9094___RS_HL 6183.JPG,Apple___healthy,T2,2026-08-01T11:00:00,camera_manual
504ac2ab-ebfc-4c7d-89bf-d52955b6d297___RS_HL 7652.JPG,Apple___healthy,T1,2026-08-02T02:00:00,drone
5060f00a-8caf-4379-b0c7-01147b8d932a___RS_HL 7472.JPG,Apple___healthy,T3,2026-08-01T08:00:00,drone
507b3ab4-ca9a-490e-8f3a-0ac06905fc40___RS_HL 8033.JPG,Apple___healthy,T3,2026-08-02T04:00:00,drone
50d5a081-d2b9-4297-ad6b-6c572018d941___RS_HL 7388.JPG,Apple___healthy,T4,2026-08-01T21:00:00,camera_manual
514b3065-844b-40c8-8a86-043200a1779e___RS_HL 7721.JPG,Apple___healthy,T3,2026-08-02T04:00:00,drone
5150163c-ce61-4b06-bcab-d806f8c78dba___RS_HL 7682.JPG,Apple___healthy,T4,2026-08-02T13:00:00,camera_manual
5192db55-4aa7-421c-92d4-c2dac79e7379___RS_HL 6273.JPG,Apple___healthy,T4,2026-08-02T13:00:00,camera_manual
51ad3661-ed25-4c8f-9f90-44f8f0f042e0___RS_HL 7645.JPG,Apple___healthy,T1,2026-08-01T10:00:00,drone
51cafddc-e99e-43bd-866f-21564d062cb2___RS_HL 6328.JPG,Apple___healthy,T1,2026-08-02T06:00:00,drone
51cb81e8-dd15-40cd-b4f2-5287379dfe74___RS_HL 6104.JPG,Apple___healthy,T1,2026-08-02T06:00:00,drone
51e374ab-4fe6-4207-9d81-ec059f4cd3b8___RS_HL 8050.JPG,Apple___healthy,T3,2026-08-01T16:00:00,drone
51e68778-c3ba-423c-8fb8-bc5d1c20645a___RS_HL 7302.JPG,Apple___healthy,T1,2026-08-02T14:00:00,drone
523a77ee-6f19-4887-a35f-6ab14d47740b___RS_HL 8079.JPG,Apple___healthy,T4,2026-08-01T09:00:00,camera_manual
525ecf21-2ca1-4939-b258-6002432703aa___RS_HL 7712.JPG,Apple___healthy,T1,2026-08-01T18:00:00,drone
526782c6-8d24-4438-8255-37422811d33f___RS_HL 7601.JPG,Apple___healthy,T4,2026-08-01T21:00:00,camera_manual
52cf2701-f319-4b3e-b6fb-8071f2f09ca9___RS_HL 8191.JPG,Apple___healthy,T3,2026-08-02T12:00:00,drone
530f24d7-aefb-419d-b814-2cb3a81cfe2c___RS_HL 6071.JPG,Apple___healthy,T2,2026-08-01T23:00:00,camera_manual
531fbf24-8362-445d-ba13-6ece16d53de7___RS_HL 6206.JPG,Apple___healthy,T1,2026-08-01T22:00:00,drone
5345137b-4957-4d47-896c-e9dcab8b7c43___RS_HL 7685.JPG,Apple___healthy,T1,2026-08-02T18:00:00,drone
5348c7f1-02d4-40ae-989e-1537043644cf___RS_HL 7657.JPG,Apple___healthy,T4,2026-08-02T17:00:00,camera_manual
5356ef92-e60f-4456-8687-f8b624d60b53___RS_HL 5829.JPG,Apple___healthy,T3,2026-08-02T20:00:00,drone
53ad510e-0bf0-4366-928b-8d80f1a51b50___RS_HL 5873.JPG,Apple___healthy,T3,2026-08-02T16:00:00,drone
53ad897b-864f-414f-84e7-0ea0ce53fa1d___RS_HL 7273.JPG,Apple___healthy,T1,2026-08-01T06:00:00,drone
53b0c397-52b3-40c1-9ef5-c52b6ae7f4bb___RS_HL 6329.JPG,Apple___healthy,T2,2026-08-01T19:00:00,camera_manual
53d09cc6-89ef-4180-a823-31c5f6566656___RS_HL 6070.JPG,Apple___healthy,T1,2026-08-01T18:00:00,drone
54c9c89e-7cb7-4c1e-8bbe-f33ca90df541___RS_HL 7766.JPG,Apple___healthy,T1,2026-08-02T06:00:00,drone
54ef2bb4-12a7-447e-a980-32c74bd26c1e___RS_HL 7459.JPG,Apple___healthy,T1,2026-08-01T10:00:00,drone
556b0ba0-dfb0-45de-9806-c6c068a8149d___RS_HL 5644.JPG,Apple___healthy,T2,2026-08-02T19:00:00,camera_manual
558de0a1-89a7-4fa4-8814-bb1d8a845bfd___RS_HL 5779.JPG,Apple___healthy,T1,2026-08-02T02:00:00,drone
55a94d0f-ce98-4681-a4d5-a89dc2031b6a___RS_HL 7311.JPG,Apple___healthy,T4,2026-08-02T21:00:00,camera_manual
55b3e1e7-0bd4-4e0b-b929-19d68fc43e23___RS_HL 7653.JPG,Apple___healthy,T2,2026-08-02T15:00:00,camera_manual
55b70cf6-c157-48bb-892c-24fa7c230a85___RS_HL 6203.JPG,Apple___healthy,T2,2026-08-02T19:00:00,camera_manual
55c7113c-3c1e-452c-a7bd-bb6fe007a20d___RS_HL 5724.JPG,Apple___healthy,T2,2026-08-01T23:00:00,camera_manual
55e058db-7a66-4468-b6f8-a2e3fd4d567d___RS_HL 8128.JPG,Apple___healthy,T1,2026-08-02T14:00:00,drone
55e3aeb1-2c97-4cdd-9b75-8ab8d94c8447___RS_HL 7778.JPG,Apple___healthy,T2,2026-08-01T23:00:00,camera_manual
55e7b07d-f05f-403a-ab00-e8102cb0341c___RS_HL 7410.JPG,Apple___healthy,T1,2026-08-02T06:00:00,drone
55eca570-7e6f-4bb9-ae2e-b9834d8fcea7___RS_HL 7726.JPG,Apple___healthy,T2,2026-08-01T19:00:00,camera_manual
56357993-94b9-4ed2-bc6e-22d4245f958e___RS_HL 7313.JPG,Apple___healthy,T4,2026-08-02T21:00:00,camera_manual
567114a3-0ce7-42e3-8245-ca6f3e27cf43___RS_HL 8001.JPG,Apple___healthy,T1,2026-08-02T10:00:00,drone
567c7469-bee8-4ddc-8ee9-2f14b3fb569e___RS_HL 7817.JPG,Apple___healthy,T4,2026-08-02T13:00:00,camera_manual
56bc065a-e27d-4ec9-a15b-63188f6ddf66___RS_HL 7933.JPG,Apple___healthy,T4,2026-08-02T17:00:00,camera_manual
56bd23e7-9376-418a-8dfb-f767bdc78500___RS_HL 6124.JPG,Apple___healthy,T1,2026-08-01T14:00:00,drone
56c024f5-844e-47d0-a936-d1617219125c___RS_HL 7776.JPG,Apple___healthy,T2,2026-08-02T07:00:00,camera_manual
56c8fb12-185b-4225-bdee-abdbdcc6101b___RS_HL 7574.JPG,Apple___healthy,T2,2026-08-02T11:00:00,camera_manual
56ca7e9b-3db1-4130-ab97-8627eb1a3850___RS_HL 7593.JPG,Apple___healthy,T3,2026-08-01T16:00:00,drone
57113348-f0fa-49d9-9d53-46edc4ae7bdb___RS_HL 6215.JPG,Apple___healthy,T4,2026-08-02T21:00:00,camera_manual
57b5c040-d081-45ad-a73b-948eb18dd3eb___RS_HL 7826.JPG,Apple___healthy,T3,2026-08-01T08:00:00,drone
57e50846-b756-498f-a4b7-84571faed0ab___RS_HL 7541.JPG,Apple___healthy,T2,2026-08-01T15:00:00,camera_manual
57ef10ab-f1fe-4b14-ad46-91b4255f2e49___RS_HL 5796.JPG,Apple___healthy,T1,2026-08-01T06:00:00,drone
58200f54-e3ef-4546-9378-0700a030e697___RS_HL 8005.JPG,Apple___healthy,T1,2026-08-01T06:00:00,drone
5820f6e9-8564-4b16-b548-4565567b07c0___RS_HL 7793.JPG,Apple___healthy,T3,2026-08-01T12:00:00,drone
5823ffd3-bd23-4088-80f5-dd33ae876694___RS_HL 7765.JPG,Apple___healthy,T1,2026-08-01T10:00:00,drone
5857071f-208a-40a0-85f2-6bc9f5a98fea___RS_HL 6026.JPG,Apple___healthy,T1,2026-08-02T10:00:00,drone
58bebbd8-1cfa-486b-86b3-64cf33697320___RS_HL 7651.JPG,Apple___healthy,T4,2026-08-02T21:00:00,camera_manual
590363be-ab1f-4d0e-87a5-d632b28d79e0___RS_HL 7334.JPG,Apple___healthy,T3,2026-08-01T20:00:00,drone
5915bea7-aecc-4247-acfe-6e115e7c9836___RS_HL 7703.JPG,Apple___healthy,T2,2026-08-02T19:00:00,camera_manual
5941b857-a525-4aff-ba20-def608d63c4d___RS_HL 6119.JPG,Apple___healthy,T3,2026-08-01T16:00:00,drone
594c429c-488e-4d8e-9b44-c3929cecafc9___RS_HL 5878.JPG,Apple___healthy,T1,2026-08-01T22:00:00,drone
594d37c6-accf-4ea8-9c97-8a9e0300010d___RS_HL 8019.JPG,Apple___healthy,T1,2026-08-01T06:00:00,drone
595381e5-c16b-4348-aaea-00763903646d___RS_HL 6153.JPG,Apple___healthy,T3,2026-08-02T20:00:00,drone
5977222a-8f4a-44b3-9960-61fcf36c5e7f___RS_HL 5664.JPG,Apple___healthy,T2,2026-08-01T23:00:00,camera_manual
5a0aa782-76a8-4de9-89e9-47cb35d222e3___RS_HL 6310.JPG,Apple___healthy,T4,2026-08-02T21:00:00,camera_manual
5a2ee566-426a-4422-b8e7-14e2e3190846___RS_HL 7486.JPG,Apple___healthy,T3,2026-08-01T16:00:00,drone
5a92a89d-a10e-423c-aed8-8505e04e15dc___RS_HL 7836.JPG,Apple___healthy,T2,2026-08-01T23:00:00,camera_manual
5ac41a3d-ca1b-4215-a7a5-500d77acc67a___RS_HL 5931.JPG,Apple___healthy,T4,2026-08-02T09:00:00,camera_manual
5ade6606-f111-4074-a533-30f215297f08___RS_HL 6282.JPG,Apple___healthy,T3,2026-08-01T08:00:00,drone
5adf1cdb-17bc-4871-ad87-ccdf715cfdb7___RS_HL 7309.JPG,Apple___healthy,T4,2026-08-02T05:00:00,camera_manual
5b0eb6d3-92f9-4332-8228-6c587810f9c6___RS_HL 7949.JPG,Apple___healthy,T2,2026-08-02T15:00:00,camera_manual
5b264ecb-2c4c-47f3-93ec-c9f79a3e8e09___RS_HL 7401.JPG,Apple___healthy,T3,2026-08-02T00:00:00,drone
5b8c01e5-748f-4b5b-b64b-26bb129a5db6___RS_HL 7996.JPG,Apple___healthy,T3,2026-08-01T12:00:00,drone
5ba92c8d-c731-436f-9d77-5685ec780f5f___RS_HL 8120.JPG,Apple___healthy,T1,2026-08-01T22:00:00,drone
5bf61b7f-4211-4667-b004-3481279854f2___RS_HL 8095.JPG,Apple___healthy,T4,2026-08-02T17:00:00,camera_manual
5bfc7dd9-17aa-4e40-b7f3-6033dc95f408___RS_HL 5717.JPG,Apple___healthy,T2,2026-08-01T15:00:00,camera_manual
5c320c7a-e164-43d0-adab-b966ff9e2c1a___RS_HL 8055.JPG,Apple___healthy,T4,2026-08-02T01:00:00,camera_manual
5c554f84-2f25-4a08-8cd9-561a0c56fc12___RS_HL 5820.JPG,Apple___healthy,T3,2026-08-01T08:00:00,drone
5c74b103-09f2-48ae-bbdd-7aa9aaf929cc___RS_HL 5649.JPG,Apple___healthy,T3,2026-08-01T16:00:00,drone
5ceb4c0b-09ea-48e5-87b8-454adc630534___RS_HL 7573.JPG,Apple___healthy,T2,2026-08-01T15:00:00,camera_manual
5ceefac5-fa4f-4b5c-b270-3a945fc89ec0___RS_HL 6191.JPG,Apple___healthy,T2,2026-08-01T19:00:00,camera_manual
5d1bb18d-dda0-4079-b3c5-62bc50c3ce35___RS_HL 7560.JPG,Apple___healthy,T1,2026-08-01T14:00:00,drone
5d4206ed-09fa-42d5-a42d-2fc98cb4820d___RS_HL 6032.JPG,Apple___healthy,T2,2026-08-01T15:00:00,camera_manual
5d542bd8-d3c1-484e-9cc1-e7c409aff1f8___RS_HL 6197.JPG,Apple___healthy,T1,2026-08-01T14:00:00,drone
5d738917-48c8-4a27-90e9-0a4eac076fbc___RS_HL 5999.JPG,Apple___healthy,T1,2026-08-02T02:00:00,drone
5db8c857-6f3a-4066-9bd6-e245e725d03e___RS_HL 8016.JPG,Apple___healthy,T2,2026-08-01T11:00:00,camera_manual
5dba053d-d3b0-49b9-babc-4f1e8e7d3f59___RS_HL 6235.JPG,Apple___healthy,T2,2026-08-02T03:00:00,camera_manual
5decc9b0-698c-49d0-906b-1a679b0001f9___RS_HL 6245.JPG,Apple___healthy,T3,2026-08-02T08:00:00,drone
5ded9dac-20e0-4e68-a202-43c6723c335d___RS_HL 6186.JPG,Apple___healthy,T4,2026-08-02T21:00:00,camera_manual
5e39c42c-b499-495f-8612-eb3a1079d594___RS_HL 6047.JPG,Apple___healthy,T1,2026-08-01T18:00:00,drone
5e552830-5ccd-4f85-9f77-ed63db285890___RS_HL 5994.JPG,Apple___healthy,T1,2026-08-02T02:00:00,drone
5e6846df-21b1-444c-ac0d-34c67443dbef___RS_HL 7270.JPG,Apple___healthy,T3,2026-08-01T16:00:00,drone
5ee4cb1c-d933-4e89-b364-9b740b48e077___RS_HL 6224.JPG,Apple___healthy,T2,2026-08-01T07:00:00,camera_manual
5eea6ca0-2fb5-4382-bd60-2893d4367bc3___RS_HL 6007.JPG,Apple___healthy,T2,2026-08-02T03:00:00,camera_manual
5f067f00-b2c7-4948-b961-b940b4b148db___RS_HL 5860.JPG,Apple___healthy,T4,2026-08-02T05:00:00,camera_manual
5f1b959d-c157-455f-baea-258293cad073___RS_HL 6114.JPG,Apple___healthy,T2,2026-08-01T23:00:00,camera_manual
5f4ef432-dcd4-4035-811a-b86aff3c885f___RS_HL 5963.JPG,Apple___healthy,T4,2026-08-02T05:00:00,camera_manual
5f83961d-85ba-4fed-9d97-dbf83c2965d9___RS_HL 6029.JPG,Apple___healthy,T1,2026-08-02T06:00:00,drone
5fbda72a-a8f7-4ac9-a1d9-6c8d2e316297___RS_HL 7747.JPG,Apple___healthy,T4,2026-08-01T09:00:00,camera_manual
5fc41ba8-baf5-47ce-b6e5-3741dd3b154f___RS_HL 5965.JPG,Apple___healthy,T1,2026-08-01T14:00:00,drone
5fc76906-09db-4c86-a95e-f3c8d70c29c6___RS_HL 7414.JPG,Apple___healthy,T1,2026-08-01T22:00:00,drone
5fd5b78d-72e9-4e04-99cf-a1b4ef4ba485___RS_HL 7852.JPG,Apple___healthy,T2,2026-08-02T03:00:00,camera_manual
5fd95287-1688-4342-8105-ad21af63aeac___RS_HL 8078.JPG,Apple___healthy,T2,2026-08-02T15:00:00,camera_manual
602a8c1f-1fa9-4141-b589-d514acc17ce4___RS_HL 6016.JPG,Apple___healthy,T4,2026-08-01T09:00:00,camera_manual
6034f340-2122-4fe1-8696-cd5327f6984f___RS_HL 7445.JPG,Apple___healthy,T2,2026-08-02T19:00:00,camera_manual
60385266-12df-445f-9fcf-196b1f91c254___RS_HL 8070.JPG,Apple___healthy,T4,2026-08-02T09:00:00,camera_manual
603b96cc-3237-4ddf-97b9-11ddbf4840f0___RS_HL 7598.JPG,Apple___healthy,T1,2026-08-02T02:00:00,drone
605bebdc-6d3e-4cfe-8498-3ccd1028e76d___RS_HL 7877.JPG,Apple___healthy,T2,2026-08-01T23:00:00,camera_manual
606de063-baa7-4f80-b474-6e5cf4ea010a___RS_HL 7979.JPG,Apple___healthy,T3,2026-08-02T16:00:00,drone
60a20878-4945-491b-adff-ca8829824261___RS_HL 5847.JPG,Apple___healthy,T4,2026-08-01T21:00:00,camera_manual
60af8fc1-7f44-496c-9999-507d06e92142___RS_HL 7278.JPG,Apple___healthy,T4,2026-08-01T21:00:00,camera_manual
60be19f7-984f-4e9d-ad1d-4d21ea4c0eef___RS_HL 7966.JPG,Apple___healthy,T3,2026-08-01T20:00:00,drone
614e548e-9a13-428c-89bf-353a1880cf73___RS_HL 8190.JPG,Apple___healthy,T1,2026-08-02T02:00:00,drone
61697828-b645-4f07-844a-dc9902713d3e___RS_HL 7363.JPG,Apple___healthy,T4,2026-08-01T09:00:00,camera_manual
616a7bd4-b200-4057-9c03-3cdedae3992a___RS_HL 7614.JPG,Apple___healthy,T2,2026-08-01T07:00:00,camera_manual
61cac07b-9d6e-4fac-b60f-410280d94ed1___RS_HL 7455.JPG,Apple___healthy,T2,2026-08-01T23:00:00,camera_manual
61cc71ec-5d4d-4c85-939b-77e8cd75fafe___RS_HL 6038.JPG,Apple___healthy,T1,2026-08-01T10:00:00,drone
62047680-5efb-4779-99e0-d2bfe2ddba8a___RS_HL 7791.JPG,Apple___healthy,T1,2026-08-02T18:00:00,drone
6224ac4b-d395-4137-974b-e945c5655dbe___RS_HL 5960.JPG,Apple___healthy,T2,2026-08-02T11:00:00,camera_manual
622b6e6e-1388-4933-9f74-3ae54937a3d7___RS_HL 5920.JPG,Apple___healthy,T2,2026-08-02T19:00:00,camera_manual
6272b53a-1ade-46fc-85e8-cf9517c6e0ed___RS_HL 7858.JPG,Apple___healthy,T3,2026-08-01T16:00:00,drone
62acb368-c1b6-496c-910d-64cd4b8c5941___RS_HL 7964.JPG,Apple___healthy,T4,2026-08-01T21:00:00,camera_manual
62c6270f-9667-492e-be5b-ee599927718a___RS_HL 7671.JPG,Apple___healthy,T2,2026-08-02T19:00:00,camera_manual
62d3964c-3cc9-495c-94d5-0558f5fe3063___RS_HL 7607.JPG,Apple___healthy,T2,2026-08-02T19:00:00,camera_manual
62e8755e-c7c8-4eb9-b937-4dd4f1e14723___RS_HL 7339.JPG,Apple___healthy,T1,2026-08-01T06:00:00,drone
6379ed3c-dd03-4f07-a773-84842960d921___RS_HL 7741.JPG,Apple___healthy,T4,2026-08-02T09:00:00,camera_manual
638ea400-bbc7-4642-b7f3-f57e2f3409cb___RS_HL 7718.JPG,Apple___healthy,T3,2026-08-02T08:00:00,drone
63f2f961-ac3f-4a2d-9fc1-6987e8da97cc___RS_HL 7447.JPG,Apple___healthy,T4,2026-08-02T01:00:00,camera_manual
6422d3df-4b2d-4e73-b1c9-3da9f763cb75___RS_HL 7259.JPG,Apple___healthy,T1,2026-08-02T02:00:00,drone
6437e60f-2ce4-447d-be7f-b2fb181eef42___RS_HL 5992.JPG,Apple___healthy,T2,2026-08-02T15:00:00,camera_manual
643e172f-02bf-4021-9587-6cfd21c8a344___RS_HL 6053.JPG,Apple___healthy,T4,2026-08-01T13:00:00,camera_manual
64764c6e-6e57-4fbe-903f-06103bd72a38___RS_HL 5951.JPG,Apple___healthy,T2,2026-08-01T11:00:00,camera_manual
647ab085-3f32-4ff1-9972-bef63cb4085e___RS_HL 7595.JPG,Apple___healthy,T4,2026-08-02T17:00:00,camera_manual
6504ca1b-442e-4839-b61e-2660fffcb67b___RS_HL 7952.JPG,Apple___healthy,T1,2026-08-02T18:00:00,drone
6519f187-e99f-4a02-9a28-eb4e167ea35c___RS_HL 6015.JPG,Apple___healthy,T4,2026-08-02T05:00:00,camera_manual
65a6866e-a6ea-46d5-a8ca-413f98cd8b7a___RS_HL 5817.JPG,Apple___healthy,T1,2026-08-02T02:00:00,drone
65a6d1f7-616e-40b7-8ebb-8b895c69a7dd___RS_HL 7813.JPG,Apple___healthy,T2,2026-08-01T23:00:00,camera_manual
65c5f31a-626b-4e2c-afd1-d740ce4ab7d8___RS_HL 7995.JPG,Apple___healthy,T1,2026-08-02T10:00:00,drone
65f9450e-cd32-465c-b2cd-e24111798fb1___RS_HL 7950.JPG,Apple___healthy,T4,2026-08-02T09:00:00,camera_manual
65fcf384-964b-41c5-9a54-aecb473283d2___RS_HL 7672.JPG,Apple___healthy,T4,2026-08-02T13:00:00,camera_manual
6627c6e7-9d4f-41a7-9d86-ad04cfe2841a___RS_HL 7442.JPG,Apple___healthy,T2,2026-08-02T03:00:00,camera_manual
6695f23d-03f2-48ce-a3fe-b0fcd4f4972c___RS_HL 5884.JPG,Apple___healthy,T3,2026-08-01T08:00:00,drone
66b2ddc7-46d8-487c-a93b-43d4332b7a31___RS_HL 5764.JPG,Apple___healthy,T3,2026-08-02T08:00:00,drone
6758f085-1397-42a4-8b03-2f5e87f3bedd___RS_HL 5751.JPG,Apple___healthy,T3,2026-08-01T20:00:00,drone
6760f8fc-05d5-4cdb-ba7c-4d87d508bb79___RS_HL 8185.JPG,Apple___healthy,T4,2026-08-01T21:00:00,camera_manual
679f57c6-992b-424e-beb7-5344a873e1dd___RS_HL 8026.JPG,Apple___healthy,T4,2026-08-02T17:00:00,camera_manual
67bb4b6e-c398-42db-a269-7aa2e06fee3f___RS_HL 7610.JPG,Apple___healthy,T1,2026-08-02T02:00:00,drone
6806c56d-b5d6-45fc-8e96-0d8def5932b9___RS_HL 5692.JPG,Apple___healthy,T1,2026-08-02T02:00:00,drone
682b3d72-607f-404f-b9e8-48acc1574f41___RS_HL 7419.JPG,Apple___healthy,T3,2026-08-02T12:00:00,drone
686a65da-b541-4b08-94bf-631cf6d27449___RS_HL 7584.JPG,Apple___healthy,T1,2026-08-02T02:00:00,drone
686f612d-bb49-409a-8afa-0707481774fe___RS_HL 8184.JPG,Apple___healthy,T2,2026-08-02T07:00:00,camera_manual
68812d5a-2b5d-4a89-b8de-f8f87422f321___RS_HL 6280.JPG,Apple___healthy,T1,2026-08-02T18:00:00,drone
688b1671-7399-46a1-b93e-53b11cf210f7___RS_HL 7842.JPG,Apple___healthy,T4,2026-08-02T01:00:00,camera_manual
68b064ad-fce1-4ab8-9c2c-82f49c4a5ee2___RS_HL 7993.JPG,Apple___healthy,T2,2026-08-02T15:00:00,camera_manual
68bec77e-3c62-4ea5-85e4-fa29068ebb34___RS_HL 7340.JPG,Apple___healthy,T3,2026-08-02T00:00:00,drone
68d3346d-11c5-4ad7-ba09-2f616dde3848___RS_HL 7428.JPG,Apple___healthy,T1,2026-08-01T18:00:00,drone
68dd3ff0-d8d5-49a7-8813-46293114d967___RS_HL 7990.JPG,Apple___healthy,T4,2026-08-01T21:00:00,camera_manual
68f559ea-dff3-43a8-a804-a491e5c4feb9___RS_HL 7909.JPG,Apple___healthy,T1,2026-08-02T06:00:00,drone
68fdb88e-755a-47c3-8e60-600533b8a53c___RS_HL 7780.JPG,Apple___healthy,T2,2026-08-01T23:00:00,camera_manual
68feaaac-b503-4202-99fb-2cb86ad427c3___RS_HL 7916.JPG,Apple___healthy,T2,2026-08-02T19:00:00,camera_manual
69344270-ab7c-44c1-a395-03dfb984108a___RS_HL 5925.JPG,Apple___healthy,T4,2026-08-01T17:00:00,camera_manual
6935b4ee-4f53-4f11-b2bf-d9e7db6dcaa9___RS_HL 7253.JPG,Apple___healthy,T4,2026-08-01T17:00:00,camera_manual
698bc8a2-cead-4946-8d9a-abe38760d1fb___RS_HL 5855.JPG,Apple___healthy,T2,2026-08-01T19:00:00,camera_manual
6a2b2664-0e91-455c-8978-64c097631604___RS_HL 7808.JPG,Apple___healthy,T1,2026-08-01T22:00:00,drone
6a5ded2c-8123-4d42-86fe-7be3c9f268a1___RS_HL 6302.JPG,Apple___healthy,T2,2026-08-02T03:00:00,camera_manual
6aa4217e-6d45-4a3b-8804-99fe82bd8925___RS_HL 7627.JPG,Apple___healthy,T4,2026-08-01T17:00:00,camera_manual
6acc4c43-8bc1-4a6e-a6d6-93474e9c8502___RS_HL 7654.JPG,Apple___healthy,T3,2026-08-01T16:00:00,drone
6b106a6f-b47f-40a3-8825-f7bfea6163d7___RS_HL 7905.JPG,Apple___healthy,T2,2026-08-01T23:00:00,camera_manual
6b11324f-6b70-40d7-9cd2-f7d36b0c69cd___RS_HL 7431.JPG,Apple___healthy,T2,2026-08-02T07:00:00,camera_manual
6b1696f3-a455-4ac4-b5e4-2839681937fe___RS_HL 5867.JPG,Apple___healthy,T1,2026-08-01T06:00:00,drone
6bf1bcc0-0e98-4f3c-901d-ab8552f04fdd___RS_HL 7899.JPG,Apple___healthy,T3,2026-08-02T16:00:00,drone
6c8764e8-c52e-421a-995d-dc3fdce8f40f___RS_HL 7380.JPG,Apple___healthy,T2,2026-08-01T15:00:00,camera_manual
6d276438-7f26-4b65-b425-a18ce241ab04___RS_HL 6050.JPG,Apple___healthy,T2,2026-08-01T11:00:00,camera_manual
6d92d301-d0e2-4c46-8715-afa326a6d5d9___RS_HL 8193.JPG,Apple___healthy,T1,2026-08-02T10:00:00,drone
6dd6bf2b-b606-46fd-af76-6c9166c7d626___RS_HL 7276.JPG,Apple___healthy,T4,2026-08-02T21:00:00,camera_manual
6dea065f-3b56-4372-a04a-ab6d20e47234___RS_HL 7453.JPG,Apple___healthy,T2,2026-08-02T11:00:00,camera_manual
6e05d89e-4cb2-45bd-9800-f128ddbcdaa8___RS_HL 8127.JPG,Apple___healthy,T4,2026-08-02T05:00:00,camera_manual
6e158c4d-f39d-4667-9fb1-7ff184fd7288___RS_HL 6192.JPG,Apple___healthy,T2,2026-08-02T07:00:00,camera_manual
6e9b4ada-0f43-4de2-8e5d-463a3cb4da0f___RS_HL 7495.JPG,Apple___healthy,T3,2026-08-02T20:00:00,drone
6f354ce6-6c55-4cf0-a63e-11f901af67d6___RS_HL 8103.JPG,Apple___healthy,T4,2026-08-02T05:00:00,camera_manual
6fb1530c-0b24-48df-b2f2-02a8498546ad___RS_HL 8168.JPG,Apple___healthy,T1,2026-08-01T22:00:00,drone
6fdc92a4-12e5-43f3-8766-96f49075b59d___RS_HL 8015.JPG,Apple___healthy,T2,2026-08-01T11:00:00,camera_manual
6fe99b1c-d402-4756-a21b-ff964b999adb___RS_HL 6253.JPG,Apple___healthy,T2,2026-08-02T03:00:00,camera_manual
7007d57a-a05a-41b5-a80f-9fe33debaf1a___RS_HL 7354.JPG,Apple___healthy,T3,2026-08-02T04:00:00,drone
70491e38-2a9e-4fb7-9ab5-dfa49d46b202___RS_HL 7758.JPG,Apple___healthy,T4,2026-08-01T09:00:00,camera_manual
705990f2-bc4f-4568-af0b-2f58bd3b51a0___RS_HL 7608.JPG,Apple___healthy,T4,2026-08-01T13:00:00,camera_manual
707ef394-bd7d-463c-86b8-4a13464bc6e0___RS_HL 7555.JPG,Apple___healthy,T3,2026-08-01T12:00:00,drone
70b3a226-962d-4d2c-a6c0-31cb3d1eab4e___RS_HL 6189.JPG,Apple___healthy,T1,2026-08-02T10:00:00,drone
70bfc07a-818d-44fd-bd98-fc779161abce___RS_HL 6105.JPG,Apple___healthy,T1,2026-08-02T06:00:00,drone
70e5bc17-eaff-43e3-b198-2658561b63b1___RS_HL 5866.JPG,Apple___healthy,T4,2026-08-01T17:00:00,camera_manual
712b5957-4109-4ed4-a393-a6605ebe6c08___RS_HL 5750.JPG,Apple___healthy,T2,2026-08-01T11:00:00,camera_manual
715ddd59-a49f-42e1-8eed-2c3dd29677fd___RS_HL 5832.JPG,Apple___healthy,T4,2026-08-01T21:00:00,camera_manual
71689ece-34cc-4210-ad88-23ee1d26dfde___RS_HL 7924.JPG,Apple___healthy,T1,2026-08-01T22:00:00,drone
71757e95-73f9-4d07-b357-feb6b120f4fd___RS_HL 7280.JPG,Apple___healthy,T3,2026-08-02T16:00:00,drone
71b2b307-ddd7-48bf-b904-4d1101c9fc4b___RS_HL 7755.JPG,Apple___healthy,T2,2026-08-02T19:00:00,camera_manual
72053aee-f044-46c5-ab44-322e198c3f1d___RS_HL 7588.JPG,Apple___healthy,T3,2026-08-02T04:00:00,drone
72059689-4c66-4922-8702-1a8d1fef1594___RS_HL 7729.JPG,Apple___healthy,T3,2026-08-02T04:00:00,drone
720d9250-e209-42bd-8be8-c3ee3e2a057f___RS_HL 5869.JPG,Apple___healthy,T1,2026-08-01T18:00:00,drone
7236c207-e185-4e16-ad82-77b1dde69e23___RS_HL 6173.JPG,Apple___healthy,T2,2026-08-02T07:00:00,camera_manual
723a658e-85ee-431c-bfe7-a411686bd528___RS_HL 6074.JPG,Apple___healthy,T3,2026-08-01T20:00:00,drone
725e9b8f-f55c-44ce-a0d8-7b6829f86630___RS_HL 7532.JPG,Apple___healthy,T1,2026-08-01T10:00:00,drone
725fe867-1075-471a-b69d-6553d1445216___RS_HL 6127.JPG,Apple___healthy,T4,2026-08-02T05:00:00,camera_manual
726e185f-50c5-47f4-98cd-f1fd333f717b___RS_HL 5862.JPG,Apple___healthy,T1,2026-08-02T10:00:00,drone
72910301-856e-491d-b929-efdc81bb3eb5___RS_HL 5765.JPG,Apple___healthy,T1,2026-08-02T14:00:00,drone
72e2d888-0fd6-4bd0-be79-82715f062290___RS_HL 7621.JPG,Apple___healthy,T1,2026-08-02T14:00:00,drone
735b41f2-e433-4ca1-98eb-85b9af69a7bc___RS_HL 5879.JPG,Apple___healthy,T4,2026-08-02T09:00:00,camera_manual
73f042d4-5213-4618-9783-8ff76967cb75___RS_HL 7821.JPG,Apple___healthy,T2,2026-08-01T11:00:00,camera_manual
741841f6-e95c-4206-ac05-c5cb98c7e7cd___RS_HL 5908.JPG,Apple___healthy,T4,2026-08-02T05:00:00,camera_manual
7450ae7f-41df-4afb-a9f5-6a4059d7a4a1___RS_HL 5818.JPG,Apple___healthy,T4,2026-08-01T13:00:00,camera_manual
74ac887b-9c88-44bc-8f94-a1da87ccb3ef___RS_HL 7715.JPG,Apple___healthy,T2,2026-08-02T11:00:00,camera_manual
74bda678-63b6-44fb-8e8f-259788239618___RS_HL 5830.JPG,Apple___healthy,T2,2026-08-02T19:00:00,camera_manual
74d4928f-5a36-4f9b-acbe-be50736d397d___RS_HL 8169.JPG,Apple___healthy,T3,2026-08-02T08:00:00,drone
74df20a6-770a-4ab4-87a6-7020c98bc329___RS_HL 8064.JPG,Apple___healthy,T4,2026-08-02T17:00:00,camera_manual
74f7c545-de83-473d-82de-1e8c89fd975a___RS_HL 8172.JPG,Apple___healthy,T2,2026-08-02T07:00:00,camera_manual
74fa2964-1307-4b24-8361-0145f7f7f371___RS_HL 5919.JPG,Apple___healthy,T2,2026-08-02T07:00:00,camera_manual
7519aef6-3f42-4dd9-8e9e-f3eced492298___RS_HL 5863.JPG,Apple___healthy,T3,2026-08-01T08:00:00,drone
752c8f77-8b65-46df-886f-e95346e7856f___RS_HL 5705.JPG,Apple___healthy,T2,2026-08-02T15:00:00,camera_manual
753a02e9-3624-4692-a0c9-ccb78c8f916b___RS_HL 5782.JPG,Apple___healthy,T1,2026-08-02T10:00:00,drone
7569e8c8-96c8-4d87-8bcd-139566dd4d87___RS_HL 5763.JPG,Apple___healthy,T3,2026-08-02T12:00:00,drone
75872668-0901-4fe5-a995-80d0b0caee1c___RS_HL 8130.JPG,Apple___healthy,T1,2026-08-01T18:00:00,drone
75ab3bb8-40ec-4292-9c61-deaa6fcf71f0___RS_HL 8054.JPG,Apple___healthy,T4,2026-08-02T09:00:00,camera_manual
75b7a5bc-e419-4312-b5d9-6c3446a24ef4___RS_HL 6079.JPG,Apple___healthy,T4,2026-08-02T05:00:00,camera_manual
75bc8098-3ccc-4cc5-aff0-ce68b4fa2b82___RS_HL 7845.JPG,Apple___healthy,T2,2026-08-01T19:00:00,camera_manual
76236e9c-1898-475e-b0f6-0d535e105432___RS_HL 7702.JPG,Apple___healthy,T2,2026-08-02T03:00:00,camera_manual
76367d84-6702-4ef7-84f1-fe308315d04d___RS_HL 5967.JPG,Apple___healthy,T4,2026-08-02T13:00:00,camera_manual
764614d4-c19d-4dac-ba69-e2aced0900aa___RS_HL 7546.JPG,Apple___healthy,T2,2026-08-01T23:00:00,camera_manual
76598665-5f8b-4e6e-86c4-36d528385387___RS_HL 6312.JPG,Apple___healthy,T4,2026-08-02T13:00:00,camera_manual
7671e6ca-f9a9-4657-a96a-1bcf0df3abe7___RS_HL 6231.JPG,Apple___healthy,T3,2026-08-02T08:00:00,drone
768f1904-8365-4d72-aa84-87d9f09ef2d5___RS_HL 7937.JPG,Apple___healthy,T4,2026-08-01T21:00:00,camera_manual
76c0783e-5e1a-4a25-8371-9e7ef2a8c9d7___RS_HL 7465.JPG,Apple___healthy,T1,2026-08-01T06:00:00,drone
77004cfa-f435-49af-8435-7986927228ca___RS_HL 7609.JPG,Apple___healthy,T1,2026-08-01T22:00:00,drone
7703726c-19ce-4e3a-a921-1a84161b12d0___RS_HL 8174.JPG,Apple___healthy,T2,2026-08-02T15:00:00,camera_manual
7710d64d-83a3-46af-a9ff-535dd225523f___RS_HL 5788.JPG,Apple___healthy,T3,2026-08-01T12:00:00,drone
77273304-be77-4b74-a4ed-cd42826f4635___RS_HL 8178.JPG,Apple___healthy,T2,2026-08-02T07:00:00,camera_manual
772e7314-c24e-4126-aa12-224b27098319___RS_HL 5663.JPG,Apple___healthy,T3,2026-08-02T16:00:00,drone
7771f894-0889-44fc-93dc-0e0c1162a5e8___RS_HL 7870.JPG,Apple___healthy,T4,2026-08-02T09:00:00,camera_manual
777d6fd1-feb3-4dac-afa7-79b507d48ffa___RS_HL 5859.JPG,Apple___healthy,T4,2026-08-02T13:00:00,camera_manual
77a54591-ab85-4b5e-8341-62e599a9fc6f___RS_HL 8011.JPG,Apple___healthy,T3,2026-08-01T20:00:00,drone
77b48eb5-7237-460f-8751-cfb231c917a7___RS_HL 7687.JPG,Apple___healthy,T1,2026-08-02T06:00:00,drone
77b8d24a-27e6-410e-97ef-faacc60c5a10___RS_HL 5831.JPG,Apple___healthy,T3,2026-08-01T12:00:00,drone
77c943f7-afbd-4d41-a40a-9e05a2600fbc___RS_HL 7475.JPG,Apple___healthy,T2,2026-08-02T11:00:00,camera_manual
77ce37f4-d184-4798-87e9-57f7ca0d9536___RS_HL 6017.JPG,Apple___healthy,T4,2026-08-02T01:00:00,camera_manual
77dcceb4-6a47-42b6-837a-0b60999cd2d1___RS_HL 7471.JPG,Apple___healthy,T4,2026-08-01T21:00:00,camera_manual
7804bbbb-77aa-4556-ba93-a47fed2eb008___RS_HL 6159.JPG,Apple___healthy,T3,2026-08-02T00:00:00,drone
782b4257-75e0-46c4-8cf0-bae4f9895da6___RS_HL 7969.JPG,Apple___healthy,T1,2026-08-02T18:00:00,drone
78308303-e9ca-4cc5-861a-9a7d8017bdad___RS_HL 6176.JPG,Apple___healthy,T4,2026-08-02T13:00:00,camera_manual
7842bd80-8940-4bc3-a3b0-baebe47b6451___RS_HL 5955.JPG,Apple___healthy,T2,2026-08-02T07:00:00,camera_manual
786696fd-ef1f-4e75-9ddd-250b628d9fe3___RS_HL 6199.JPG,Apple___healthy,T2,2026-08-01T23:00:00,camera_manual
7873b55d-17cc-4d91-8914-e2473d18b766___RS_HL 8067.JPG,Apple___healthy,T1,2026-08-02T02:00:00,drone
78e648c6-a360-4fa8-b8ab-1225b164b7fd___RS_HL 7243.JPG,Apple___healthy,T2,2026-08-01T11:00:00,camera_manual
792beb2d-d492-4a19-aa08-412963b87fc7___RS_HL 6314.JPG,Apple___healthy,T2,2026-08-02T11:00:00,camera_manual
79d597cf-e046-4b0e-b489-a9d24b3a8f8e___RS_HL 8014.JPG,Apple___healthy,T4,2026-08-02T17:00:00,camera_manual
7a13d83d-7511-41c5-9fd5-9fd18d3cf3b1___RS_HL 5685.JPG,Apple___healthy,T4,2026-08-02T09:00:00,camera_manual
7a193736-ff69-4887-8cd6-44e4639de68f___RS_HL 5996.JPG,Apple___healthy,T1,2026-08-02T10:00:00,drone
7a4ee5b1-1dff-4719-a2be-e5b1674ac63d___RS_HL 6162.JPG,Apple___healthy,T1,2026-08-01T18:00:00,drone
7a56c531-cfa6-43c7-8241-dddf921f39d4___RS_HL 6240.JPG,Apple___healthy,T4,2026-08-02T05:00:00,camera_manual
7a5ad785-c05e-49bd-b1e0-4d9405bedfb5___RS_HL 7804.JPG,Apple___healthy,T3,2026-08-01T08:00:00,drone
7a95ed03-478d-4410-804f-1bab389d5f77___RS_HL 7678.JPG,Apple___healthy,T2,2026-08-02T03:00:00,camera_manual
7ac83dd1-c411-4348-82d9-f59abcf75924___RS_HL 7245.JPG,Apple___healthy,T1,2026-08-02T14:00:00,drone
7b0dc46f-4bfd-4329-85a3-06db12434d3a___RS_HL 7603.JPG,Apple___healthy,T1,2026-08-02T14:00:00,drone
7b236824-defb-40ae-8f83-76c00cf8b822___RS_HL 6222.JPG,Apple___healthy,T3,2026-08-02T12:00:00,drone
7b2e642b-cf2d-4154-b986-b7be01f215f5___RS_HL 7839.JPG,Apple___healthy,T4,2026-08-02T21:00:00,camera_manual
7b5603c7-76c7-4b94-9c7a-5db00fb8581d___RS_HL 6064.JPG,Apple___healthy,T1,2026-08-01T18:00:00,drone
7b7dde04-2c9d-47da-9b22-dc356a851810___RS_HL 5722.JPG,Apple___healthy,T1,2026-08-01T14:00:00,drone
7be4cfca-8984-4624-ac7e-94d19aa2e5fe___RS_HL 7656.JPG,Apple___healthy,T3,2026-08-01T12:00:00,drone
7bf0ddc7-fa85-442b-859b-486b087a4641___RS_HL 5837.JPG,Apple___healthy,T4,2026-08-02T17:00:00,camera_manual
7bf79f19-bb50-44cd-b8d5-0b4d6794689b___RS_HL 7989.JPG,Apple___healthy,T3,2026-08-02T00:00:00,drone
7c1289d0-4fe5-478c-a9f4-5d94b461d7bf___RS_HL 7970.JPG,Apple___healthy,T2,2026-08-02T07:00:00,camera_manual
7c2adcd0-fa59-4181-8abf-3840a445c786___RS_HL 7690.JPG,Apple___healthy,T3,2026-08-02T04:00:00,drone
7c388477-2953-4b3d-8f22-7f9eed5fff5c___RS_HL 7527.JPG,Apple___healthy,T2,2026-08-02T15:00:00,camera_manual
7c5e4508-64ba-4b06-8a5b-6d0147280d88___RS_HL 7577.JPG,Apple___healthy,T2,2026-08-02T03:00:00,camera_manual
7cbd343b-9af0-47cb-9aa5-e19e675b3057___RS_HL 7265.JPG,Apple___healthy,T2,2026-08-01T15:00:00,camera_manual
7ccedff8-c997-40f4-bcd6-50e43a783389___RS_HL 7936.JPG,Apple___healthy,T4,2026-08-02T13:00:00,camera_manual
7d9eb65f-be86-4516-b239-cbf856aa5ed4___RS_HL 6110.JPG,Apple___healthy,T1,2026-08-01T06:00:00,drone
7dd45aba-e6cc-4ef9-a52c-5223c2e6b0ea___RS_HL 5877.JPG,Apple___healthy,T2,2026-08-02T11:00:00,camera_manual
7de88302-023d-4979-ad91-88cb5c02f14b___RS_HL 7255.JPG,Apple___healthy,T1,2026-08-01T18:00:00,drone
7e2b569c-2eb5-4f4e-af96-e4cde4971634___RS_HL 6136.JPG,Apple___healthy,T4,2026-08-02T09:00:00,camera_manual
7e502244-9105-4931-abde-46f8f7993fd7___RS_HL 7745.JPG,Apple___healthy,T3,2026-08-02T04:00:00,drone
7e582ef9-de24-4f2d-bfd7-a9c79dd4fb1f___RS_HL 5881.JPG,Apple___healthy,T1,2026-08-02T06:00:00,drone
7e721779-b328-4c32-ad15-889743f9846a___RS_HL 7832.JPG,Apple___healthy,T4,2026-08-02T13:00:00,camera_manual
7ea27d6d-f7a0-44b3-b6a2-f24455deb48b___RS_HL 7589.JPG,Apple___healthy,T3,2026-08-02T20:00:00,drone
7ecec5dd-4dc9-4f1f-809c-4884d627a9e2___RS_HL 7467.JPG,Apple___healthy,T1,2026-08-02T10:00:00,drone
7f06e481-8f9a-47cd-860a-8fea5b81fe9b___RS_HL 6193.JPG,Apple___healthy,T3,2026-08-01T12:00:00,drone
7f447118-8a9c-4e77-8333-d411d1124c7f___RS_HL 5849.JPG,Apple___healthy,T3,2026-08-02T04:00:00,drone
7f7a6126-8b21-49fd-8880-25ffd0234302___RS_HL 6027.JPG,Apple___healthy,T2,2026-08-01T15:00:00,camera_manual
80089e7a-4c0c-492b-ac23-753be3617cbf___RS_HL 6099.JPG,Apple___healthy,T4,2026-08-02T09:00:00,camera_manual
801956aa-445e-4bb8-90bb-49dcea55c679___RS_HL 5865.JPG,Apple___healthy,T4,2026-08-02T05:00:00,camera_manual
801b694b-8412-4e4d-96f7-98b42e3fe214___RS_HL 7494.JPG,Apple___healthy,T1,2026-08-02T18:00:00,drone
801feab6-e225-4ce5-8bf0-6fb44a767045___RS_HL 7723.JPG,Apple___healthy,T4,2026-08-01T21:00:00,camera_manual
80392195-3a5e-4331-b824-5cd0e2dcc69d___RS_HL 5987.JPG,Apple___healthy,T4,2026-08-01T09:00:00,camera_manual
803fcf75-7e13-45a8-bb3d-352140702555___RS_HL 5677.JPG,Apple___healthy,T1,2026-08-01T10:00:00,drone
8042447f-f615-4683-b8fc-267e746a4744___RS_HL 7820.JPG,Apple___healthy,T1,2026-08-01T14:00:00,drone
8098a8fe-6a51-485f-ab92-97350982e651___RS_HL 7474.JPG,Apple___healthy,T3,2026-08-01T16:00:00,drone
80b2c0f7-a3fe-40d9-904d-0d78ac00e35f___RS_HL 7883.JPG,Apple___healthy,T2,2026-08-01T19:00:00,camera_manual
8130bd33-0680-4140-84c5-85f11c6c34ff___RS_HL 7397.JPG,Apple___healthy,T3,2026-08-02T04:00:00,drone
813a99b0-5df6-49cc-bd36-7910e0cb8912___RS_HL 7932.JPG,Apple___healthy,T1,2026-08-02T06:00:00,drone
8159ee63-0c79-4987-8d1d-42471d4e8b90___RS_HL 7508.JPG,Apple___healthy,T2,2026-08-02T03:00:00,camera_manual
81666301-0038-450d-bd14-36d069f4f30a___RS_HL 7696.JPG,Apple___healthy,T4,2026-08-02T13:00:00,camera_manual
817ae6f2-7f72-457f-889a-6cddeaf0945e___RS_HL 7674.JPG,Apple___healthy,T1,2026-08-01T14:00:00,drone
818082df-492c-4c5e-a3bb-a3153818d816___RS_HL 7319.JPG,Apple___healthy,T3,2026-08-02T12:00:00,drone
818854a8-1153-49bb-8981-8c6e5f34fbbe___RS_HL 8089.JPG,Apple___healthy,T3,2026-08-02T20:00:00,drone
81bf7931-e6d7-4f6d-aae5-9de7d0c4ae33___RS_HL 7893.JPG,Apple___healthy,T2,2026-08-01T15:00:00,camera_manual
81dd861f-5c83-41f3-8aa2-2abbb94ed9f5___RS_HL 7325.JPG,Apple___healthy,T1,2026-08-01T06:00:00,drone
8201f21f-cd54-4ff6-9fc7-f3e97b0a8b42___RS_HL 8077.JPG,Apple___healthy,T2,2026-08-01T15:00:00,camera_manual
826bd506-04f2-424d-89da-7fe6ad6926b2___RS_HL 5757.JPG,Apple___healthy,T1,2026-08-02T14:00:00,drone
828a6b50-e2fb-4e63-a595-556aa41d43a7___RS_HL 6250.JPG,Apple___healthy,T4,2026-08-02T17:00:00,camera_manual
8293f7a8-cfde-4dea-be03-8d750b133e30___RS_HL 7440.JPG,Apple___healthy,T3,2026-08-02T12:00:00,drone
82aeb30f-575f-46d5-b653-408c3cf5e553___RS_HL 7566.JPG,Apple___healthy,T1,2026-08-01T06:00:00,drone
82d55fb4-a8df-439a-9935-5e5f72b05383___RS_HL 6107.JPG,Apple___healthy,T3,2026-08-02T20:00:00,drone
82fa759f-dfdd-40ee-98df-ed232a081ab1___RS_HL 7629.JPG,Apple___healthy,T4,2026-08-02T09:00:00,camera_manual
831c37a3-44c3-4f1e-9fa2-4c10551809d2___RS_HL 6108.JPG,Apple___healthy,T3,2026-08-02T20:00:00,drone
83636c4e-c4f1-47c4-81e8-0bcf7bac8995___RS_HL 5730.JPG,Apple___healthy,T4,2026-08-02T21:00:00,camera_manual
836734c2-f568-4b02-896e-9a6bca89404f___RS_HL 7900.JPG,Apple___healthy,T4,2026-08-01T13:00:00,camera_manual
83849d18-49c5-412b-91c5-3fe882335e88___RS_HL 7840.JPG,Apple___healthy,T1,2026-08-02T06:00:00,drone
83d1ec74-db00-407e-ac1e-3cbb77d381e7___RS_HL 8102.JPG,Apple___healthy,T1,2026-08-01T22:00:00,drone
83e52e5f-0192-4cf9-b513-651040367ed8___RS_HL 7320.JPG,Apple___healthy,T4,2026-08-02T13:00:00,camera_manual
844a6049-175e-4f5b-bdf4-142866cf0bc8___RS_HL 8022.JPG,Apple___healthy,T2,2026-08-01T11:00:00,camera_manual
8471f2db-6c5c-4aba-9ea4-0eea99121f19___RS_HL 5641.JPG,Apple___healthy,T4,2026-08-02T05:00:00,camera_manual
84bfff51-9aa5-4e6f-8798-5c5b14baa7a6___RS_HL 7549.JPG,Apple___healthy,T4,2026-08-01T21:00:00,camera_manual
84d6003b-3195-49cb-9831-861d9dc5b2cd___RS_HL 8041.JPG,Apple___healthy,T1,2026-08-01T06:00:00,drone
84ed8ffd-a47f-4b52-befa-938a10012a4c___RS_HL 6135.JPG,Apple___healthy,T3,2026-08-02T16:00:00,drone
8516ac47-c297-4943-9ac1-a10f26e9101c___RS_HL 6094.JPG,Apple___healthy,T2,2026-08-01T23:00:00,camera_manual
8536327d-1f21-4599-a587-c75b3ae576e4___RS_HL 5746.JPG,Apple___healthy,T4,2026-08-02T17:00:00,camera_manual
8558ed98-6e99-4d7e-98e1-9437bd4d2382___RS_HL 5766.JPG,Apple___healthy,T1,2026-08-02T06:00:00,drone
857365c4-b60a-465e-8a86-101530c9e83d___RS_HL 5894.JPG,Apple___healthy,T2,2026-08-02T03:00:00,camera_manual
857684fb-c4a3-43a4-ad47-da0058b403cd___RS_HL 8053.JPG,Apple___healthy,T4,2026-08-02T09:00:00,camera_manual
85ebf3f6-11f4-45df-ac16-bd04b355cb31___RS_HL 5991.JPG,Apple___healthy,T4,2026-08-01T17:00:00,camera_manual
862f3f9e-e9b4-4cd1-9810-832f6bf1d285___RS_HL 7879.JPG,Apple___healthy,T2,2026-08-02T11:00:00,camera_manual
8656f9ff-3a95-4350-af32-82ed2fbff533___RS_HL 7976.JPG,Apple___healthy,T1,2026-08-02T06:00:00,drone
8673df90-01fb-4dde-9510-6743bfefb367___RS_HL 6069.JPG,Apple___healthy,T4,2026-08-01T09:00:00,camera_manual
86abe4bd-80fd-4a65-ba6f-fd48e6d51119___RS_HL 6251.JPG,Apple___healthy,T3,2026-08-02T16:00:00,drone
86bbe500-5e1b-4212-9c9d-eb324af1236b___RS_HL 7413.JPG,Apple___healthy,T1,2026-08-01T18:00:00,drone
86e79f38-1fcf-4581-945d-5a28ed6d6852___RS_HL 7391.JPG,Apple___healthy,T3,2026-08-02T08:00:00,drone
86f3c6c0-3038-45dc-9307-3f548f20b74b___RS_HL 6318.JPG,Apple___healthy,T1,2026-08-02T14:00:00,drone
86f6b322-e7af-4d91-b0c3-c5c6d6336fa5___RS_HL 7422.JPG,Apple___healthy,T4,2026-08-01T21:00:00,camera_manual
8704d8b7-1368-441a-bad0-9f05b1cb6e7b___RS_HL 7623.JPG,Apple___healthy,T2,2026-08-02T15:00:00,camera_manual
871420e0-e5de-40c7-a79c-a17fe1781f8e___RS_HL 7444.JPG,Apple___healthy,T3,2026-08-02T20:00:00,drone
872f47c5-4779-4ebc-8102-ee38e695f0d3___RS_HL 7943.JPG,Apple___healthy,T2,2026-08-02T11:00:00,camera_manual
872f54d3-61de-4b41-aaa4-57caad5ad9d3___RS_HL 7865.JPG,Apple___healthy,T1,2026-08-02T10:00:00,drone
8742bc93-09b4-4aa7-9a75-ec592ba27c57___RS_HL 7587.JPG,Apple___healthy,T4,2026-08-02T17:00:00,camera_manual
879e60c7-fa8a-421d-ad5d-06a43fa2ae89___RS_HL 7634.JPG,Apple___healthy,T2,2026-08-02T19:00:00,camera_manual
87a26817-6916-47fc-8cdb-adc5c57ad21b___RS_HL 5684.JPG,Apple___healthy,T1,2026-08-01T10:00:00,drone
87c49c13-8b4f-40c8-b624-57c19e6e51e9___RS_HL 5811.JPG,Apple___healthy,T3,2026-08-02T16:00:00,drone
88076c11-c60e-4aea-afca-a1f1187eff0a___RS_HL 5706.JPG,Apple___healthy,T4,2026-08-01T21:00:00,camera_manual
880ed927-54cb-43f7-8d9d-4e2705cc8472___RS_HL 7488.JPG,Apple___healthy,T1,2026-08-02T10:00:00,drone
88334c09-9bd6-4653-8109-f1a36383b131___RS_HL 7841.JPG,Apple___healthy,T2,2026-08-02T03:00:00,camera_manual
885dd825-a34b-4149-bbb0-445fa62a4e64___RS_HL 7814.JPG,Apple___healthy,T2,2026-08-02T07:00:00,camera_manual
889a58f6-911e-4f6f-86fa-7058d2a5d964___RS_HL 7632.JPG,Apple___healthy,T2,2026-08-02T03:00:00,camera_manual
88aad30d-4d2e-461f-847f-a4d2e9caf035___RS_HL 7967.JPG,Apple___healthy,T4,2026-08-02T21:00:00,camera_manual
88b24a9d-7b04-4b83-815b-52a9f5949bbd___RS_HL 8083.JPG,Apple___healthy,T1,2026-08-01T22:00:00,drone
88ffb541-e088-4505-baef-c292c25925dc___RS_HL 6164.JPG,Apple___healthy,T1,2026-08-02T18:00:00,drone
8912707b-6c5d-4744-ad9c-b5d3564a0850___RS_HL 7796.JPG,Apple___healthy,T3,2026-08-02T08:00:00,drone
892258ae-052d-4df5-8a8c-27924cd64a85___RS_HL 7497.JPG,Apple___healthy,T4,2026-08-01T09:00:00,camera_manual
89699048-94c3-4389-9a86-13e73dfd23c6___RS_HL 7257.JPG,Apple___healthy,T3,2026-08-02T08:00:00,drone
89ce10db-057c-4c03-9324-b512db8ca3d6___RS_HL 5797.JPG,Apple___healthy,T2,2026-08-02T19:00:00,camera_manual
89ddfb64-92d0-494d-b4a2-bb13f2c0db4c___RS_HL 7642.JPG,Apple___healthy,T4,2026-08-02T17:00:00,camera_manual
89f6b546-2692-4ea9-aaac-66ef1b8a7bdd___RS_HL 7250.JPG,Apple___healthy,T3,2026-08-02T00:00:00,drone
8a311714-e680-4c68-8f3a-60f4bfc16ada___RS_HL 8062.JPG,Apple___healthy,T1,2026-08-01T18:00:00,drone
8a5ead41-d268-4bc8-867e-036f90f3d99c___RS_HL 7771.JPG,Apple___healthy,T3,2026-08-01T16:00:00,drone
8a5fd341-9f0f-4c54-8f9d-b9c4c5b16994___RS_HL 7650.JPG,Apple___healthy,T3,2026-08-01T12:00:00,drone
8a6cad28-0c10-47aa-af0e-fd82de61ba70___RS_HL 6246.JPG,Apple___healthy,T4,2026-08-02T01:00:00,camera_manual
8acb2f43-d1ff-4a60-8462-04e578be3be2___RS_HL 7753.JPG,Apple___healthy,T4,2026-08-02T01:00:00,camera_manual
8ae37f10-377d-44a3-ad94-f271a95673c8___RS_HL 7297.JPG,Apple___healthy,T1,2026-08-01T22:00:00,drone
8aef4eea-eb12-493c-b912-d7cd43144c8b___RS_HL 8052.JPG,Apple___healthy,T3,2026-08-02T20:00:00,drone
8b258036-674c-4553-8e2c-408d02319a05___RS_HL 7767.JPG,Apple___healthy,T1,2026-08-02T02:00:00,drone
8b36cf3e-4ce6-477b-9773-442f5d3c90e1___RS_HL 7931.JPG,Apple___healthy,T1,2026-08-01T06:00:00,drone
8b60fc20-52fa-40a2-8d91-367307968f8e___RS_HL 7264.JPG,Apple___healthy,T2,2026-08-01T23:00:00,camera_manual
8b944746-e4b0-4032-b5ec-8a6252128065___RS_HL 6266.JPG,Apple___healthy,T2,2026-08-02T07:00:00,camera_manual
8b96fb28-f778-4d18-93ef-cb3ef4ecd532___RS_HL 7575.JPG,Apple___healthy,T4,2026-08-02T01:00:00,camera_manual
8b9db905-ed0e-4f6b-b5f0-451f8b27ecbd___RS_HL 7640.JPG,Apple___healthy,T4,2026-08-01T17:00:00,camera_manual
8bc978ac-e3b2-4466-a180-731dcbb71a59___RS_HL 8167.JPG,Apple___healthy,T4,2026-08-01T17:00:00,camera_manual
8c00ea10-bfc2-4d26-9dcf-afbf2dcd377a___RS_HL 7326.JPG,Apple___healthy,T3,2026-08-02T16:00:00,drone
8c00f0dd-bcef-4188-a270-91e563d7b18b___RS_HL 6182.JPG,Apple___healthy,T4,2026-08-01T13:00:00,camera_manual
8c43ceb4-000b-441b-887f-ef495da381e2___RS_HL 7864.JPG,Apple___healthy,T3,2026-08-01T20:00:00,drone
8c656b1d-5f20-4904-a20b-d0f7ef64e773___RS_HL 7526.JPG,Apple___healthy,T1,2026-08-02T06:00:00,drone
8c65a84d-100d-42af-bc07-6a02fd953a59___RS_HL 8192.JPG,Apple___healthy,T2,2026-08-02T19:00:00,camera_manual
8c678916-c5d8-445d-9283-88c90c529edc___RS_HL 5740.JPG,Apple___healthy,T3,2026-08-02T08:00:00,drone
8c6b7e3f-0a34-4370-9477-110614bd7a8f___RS_HL 7281.JPG,Apple___healthy,T4,2026-08-02T01:00:00,camera_manual
8c843c35-5dc9-47be-9ccf-1448ed30356c___RS_HL 5949.JPG,Apple___healthy,T3,2026-08-01T16:00:00,drone
8c850584-ade3-4067-bbf3-5c8602dba3c3___RS_HL 8175.JPG,Apple___healthy,T1,2026-08-02T06:00:00,drone
8cbf5a96-37a0-47d4-a626-26f0bcd9f024___RS_HL 5922.JPG,Apple___healthy,T3,2026-08-01T20:00:00,drone
8cc94307-16b9-4e2c-a786-5ba504d244c3___RS_HL 7799.JPG,Apple___healthy,T1,2026-08-01T14:00:00,drone
8cec684f-e301-4016-8bd8-4b686c6e4b9b___RS_HL 8075.JPG,Apple___healthy,T2,2026-08-02T19:00:00,camera_manual
8cf44f32-5736-4681-be02-f86e4454e00a___RS_HL 5904.JPG,Apple___healthy,T2,2026-08-02T15:00:00,camera_manual
8cf66a75-d71b-4808-a251-c929ecfa80bc___RS_HL 7514.JPG,Apple___healthy,T3,2026-08-02T04:00:00,drone
8d45fcf9-d1c1-47b6-be37-6e3d2fde46e0___RS_HL 7261.JPG,Apple___healthy,T4,2026-08-02T13:00:00,camera_manual
8de1ca48-0d3b-4473-bc5a-9b4a881006ff___RS_HL 7433.JPG,Apple___healthy,T1,2026-08-01T14:00:00,drone
8e11b695-ac84-42c4-926a-b48b311bcfe8___RS_HL 7782.JPG,Apple___healthy,T3,2026-08-01T16:00:00,drone
8e153b00-732e-420f-8cea-f947b19403ad___RS_HL 7728.JPG,Apple___healthy,T1,2026-08-02T02:00:00,drone
8e1d492d-1f6e-48a1-aa14-db5bc515d580___RS_HL 7822.JPG,Apple___healthy,T3,2026-08-01T20:00:00,drone
8e2d41f1-9cae-4f1a-b7b4-9ec0c6fbd6fe___RS_HL 7329.JPG,Apple___healthy,T4,2026-08-01T17:00:00,camera_manual
8e4b14b2-2601-4ffc-805c-a68b200e80ec___RS_HL 8069.JPG,Apple___healthy,T4,2026-08-01T21:00:00,camera_manual
8e4e37b7-0ac8-44d3-90e7-001bf26aa5f3___RS_HL 7417.JPG,Apple___healthy,T3,2026-08-02T00:00:00,drone
8eb47c92-87b8-4c92-a6a1-faf62e651e3e___RS_HL 8156.JPG,Apple___healthy,T3,2026-08-01T12:00:00,drone
8ef4c6f0-d4fd-4d4c-bc4d-525b6b74b19a___RS_HL 7786.JPG,Apple___healthy,T4,2026-08-02T13:00:00,camera_manual
8f38f758-8514-442b-82e9-90b53120db38___RS_HL 5781.JPG,Apple___healthy,T2,2026-08-01T07:00:00,camera_manual
8f4c3d68-2d5a-40c5-bca1-911002ff3324___RS_HL 7299.JPG,Apple___healthy,T4,2026-08-02T09:00:00,camera_manual
8f9ea5b9-f4c7-46d9-88b1-af5cf17694a0___RS_HL 7271.JPG,Apple___healthy,T4,2026-08-02T13:00:00,camera_manual
8fba2297-e4e5-4fab-b41d-d5cb537dc840___RS_HL 6220.JPG,Apple___healthy,T2,2026-08-02T07:00:00,camera_manual
8fd3cfbd-fbca-4c33-a2a7-1e7ecc71ec9e___RS_HL 6091.JPG,Apple___healthy,T1,2026-08-01T14:00:00,drone
8fdd8420-f139-40e5-8121-b76d43dcee32___RS_HL 6075.JPG,Apple___healthy,T2,2026-08-02T03:00:00,camera_manual
90f3d34a-1bed-4681-aed9-fcd39c74d573___RS_HL 5732.JPG,Apple___healthy,T4,2026-08-01T21:00:00,camera_manual
90fd9659-9d97-4428-bc35-c84def0ba3ba___RS_HL 7981.JPG,Apple___healthy,T1,2026-08-02T10:00:00,drone
9130029f-854a-4099-bc98-74170edfb660___RS_HL 7448.JPG,Apple___healthy,T2,2026-08-01T19:00:00,camera_manual
919e61a6-e6fa-4d4c-bad1-62eea9b19c79___RS_HL 8106.JPG,Apple___healthy,T1,2026-08-02T10:00:00,drone
91a935c4-659c-4344-8355-eba55d673af5___RS_HL 8189.JPG,Apple___healthy,T3,2026-08-01T08:00:00,drone
91c6a666-8d31-466f-b7cf-78c9268fba9c___RS_HL 7697.JPG,Apple___healthy,T2,2026-08-01T23:00:00,camera_manual
923ac4fd-39d5-4387-9636-ddfed02bc62e___RS_HL 8039.JPG,Apple___healthy,T1,2026-08-01T18:00:00,drone
92425071-59b8-4490-bea5-91830169a5a1___RS_HL 7469.JPG,Apple___healthy,T3,2026-08-02T12:00:00,drone
9244aeb1-9d6d-4ef7-9d94-7a02e369feea___RS_HL 7327.JPG,Apple___healthy,T1,2026-08-01T18:00:00,drone
925d0f0f-08ae-4f20-a528-0f78bf27b9e7___RS_HL 8032.JPG,Apple___healthy,T3,2026-08-02T04:00:00,drone
9284bd52-df45-4fc3-aaa6-4323666b41c4___RS_HL 7348.JPG,Apple___healthy,T4,2026-08-02T09:00:00,camera_manual
9290b98f-6984-44d4-b2d5-6eca9177156e___RS_HL 7458.JPG,Apple___healthy,T4,2026-08-02T09:00:00,camera_manual
92effbbb-c662-40c8-8aa9-a5a453d859df___RS_HL 5899.JPG,Apple___healthy,T2,2026-08-02T03:00:00,camera_manual
936c7bd1-5902-499b-b03b-bcf1f9434a06___RS_HL 7785.JPG,Apple___healthy,T4,2026-08-01T09:00:00,camera_manual
93d22073-347e-4447-ba19-92eccb54563e___RS_HL 5662.JPG,Apple___healthy,T4,2026-08-02T13:00:00,camera_manual
946b311a-cb67-46d4-8c8b-0d91ebd456f3___RS_HL 5809.JPG,Apple___healthy,T3,2026-08-02T16:00:00,drone
94aeb96c-b0f5-4554-9627-98d131c7b321___RS_HL 5988.JPG,Apple___healthy,T3,2026-08-01T12:00:00,drone
94b7e2c6-9081-4546-b411-c89c0dd219e7___RS_HL 7416.JPG,Apple___healthy,T4,2026-08-02T13:00:00,camera_manual
94c36e88-6c77-4e7b-b6c8-bf354d8f6fe9___RS_HL 7930.JPG,Apple___healthy,T3,2026-08-02T16:00:00,drone
94e40c05-1631-42bc-99b8-ec4afafd8d7b___RS_HL 5710.JPG,Apple___healthy,T3,2026-08-02T00:00:00,drone
950b3f81-0b23-4fed-a47c-e1291f430e8f___RS_HL 7418.JPG,Apple___healthy,T3,2026-08-02T16:00:00,drone
950e5c9d-49ec-4c5c-af23-69efff18f8a6___RS_HL 5749.JPG,Apple___healthy,T3,2026-08-02T12:00:00,drone
953076be-ed87-4a45-a553-48cd555b63bb___RS_HL 7888.JPG,Apple___healthy,T1,2026-08-02T14:00:00,drone
953743b5-d396-4f6f-926c-4e216df44f0b___RS_HL 5993.JPG,Apple___healthy,T4,2026-08-01T21:00:00,camera_manual
956ef90c-41af-4e70-89a7-291687859623___RS_HL 6063.JPG,Apple___healthy,T4,2026-08-02T09:00:00,camera_manual
95742a3e-9664-496c-8e3d-90bdd9299ae5___RS_HL 7298.JPG,Apple___healthy,T4,2026-08-02T17:00:00,camera_manual
957a4a41-e0d8-4dc3-8ed8-43f8c2ac3684___RS_HL 8157.JPG,Apple___healthy,T4,2026-08-01T13:00:00,camera_manual
957b622a-4f30-459f-9dbb-97c3f4bde0d3___RS_HL 6150.JPG,Apple___healthy,T3,2026-08-01T12:00:00,drone
95884f1c-6886-41a1-9ce3-cffa1dcaf8e5___RS_HL 6051.JPG,Apple___healthy,T3,2026-08-02T00:00:00,drone
95e2eed0-c0d2-4907-bfac-1117f38f5e5a___RS_HL 6202.JPG,Apple___healthy,T4,2026-08-02T01:00:00,camera_manual
95e92b80-49d6-4589-95ad-be379775d193___RS_HL 7451.JPG,Apple___healthy,T2,2026-08-02T19:00:00,camera_manual
962f2c1c-b6e2-4428-9ed1-077a92250128___RS_HL 5806.JPG,Apple___healthy,T2,2026-08-02T15:00:00,camera_manual
966a6112-9699-4511-a71b-02a1dd62cb65___RS_HL 5850.JPG,Apple___healthy,T2,2026-08-02T03:00:00,camera_manual
96717630-6d48-4660-b472-268f5f1304d9___RS_HL 7978.JPG,Apple___healthy,T2,2026-08-02T19:00:00,camera_manual
96dce078-e196-4d9b-837a-570480acdf6d___RS_HL 7890.JPG,Apple___healthy,T2,2026-08-01T11:00:00,camera_manual
96fa4629-851e-4706-b397-f27c6f6f272c___RS_HL 7913.JPG,Apple___healthy,T3,2026-08-02T16:00:00,drone
9781c9ee-9e01-4599-b799-3651b487ccc7___RS_HL 7304.JPG,Apple___healthy,T2,2026-08-02T03:00:00,camera_manual
97a6eaed-70d4-4b78-9871-1aba3d7a9abe___RS_HL 7908.JPG,Apple___healthy,T2,2026-08-02T19:00:00,camera_manual
985b2838-96ab-414f-9a53-89bb4567e682___RS_HL 5910.JPG,Apple___healthy,T1,2026-08-01T18:00:00,drone
9871fd63-1ee8-436a-a1b3-c6104350400b___RS_HL 5693.JPG,Apple___healthy,T2,2026-08-01T23:00:00,camera_manual
98834a65-1043-4c21-b06e-5f625274b0c4___RS_HL 6267.JPG,Apple___healthy,T2,2026-08-01T23:00:00,camera_manual
98cfff90-4edc-4b41-b834-09d18d1c08ca___RS_HL 6142.JPG,Apple___healthy,T3,2026-08-02T16:00:00,drone
98f456da-9871-48b8-b74a-a251dcfd1f9e___RS_HL 6123.JPG,Apple___healthy,T4,2026-08-02T01:00:00,camera_manual
990838f4-b976-45bb-859d-95de901acc8c___RS_HL 7365.JPG,Apple___healthy,T4,2026-08-02T01:00:00,camera_manual
9979c166-aa9e-4c63-af93-d9ad2b56bce2___RS_HL 5890.JPG,Apple___healthy,T1,2026-08-02T06:00:00,drone
997e59bf-7010-4153-a994-47aee2fdc666___RS_HL 8023.JPG,Apple___healthy,T2,2026-08-02T15:00:00,camera_manual
9992b9d9-9301-476c-b0a7-7b68ee8a47e5___RS_HL 6014.JPG,Apple___healthy,T2,2026-08-02T07:00:00,camera_manual
99997741-0ae6-4f14-a8e9-43b61a86ecc5___RS_HL 6294.JPG,Apple___healthy,T3,2026-08-01T16:00:00,drone
99b369d2-fa9b-4d3b-8516-462dbae8561a___RS_HL 7242.JPG,Apple___healthy,T3,2026-08-01T08:00:00,drone
99b7cd44-a359-45f7-98e0-155aa8f44eec___RS_HL 5728.JPG,Apple___healthy,T2,2026-08-02T19:00:00,camera_manual
99d2c488-dfa2-4dde-a3de-a9cbeca28583___RS_HL 5823.JPG,Apple___healthy,T4,2026-08-01T13:00:00,camera_manual
99eee6bd-5bca-412a-beaa-afc6009bb868___RS_HL 7434.JPG,Apple___healthy,T2,2026-08-01T19:00:00,camera_manual
9a7d0452-4015-4cef-ab3c-f8f9633b6e9b___RS_HL 8117.JPG,Apple___healthy,T2,2026-08-02T15:00:00,camera_manual
9aa3bace-83a4-4572-a2b2-cc12dcb4cafa___RS_HL 5742.JPG,Apple___healthy,T3,2026-08-02T12:00:00,drone
9ac93ab7-5e33-46f3-9db7-008edcf15f30___RS_HL 5787.JPG,Apple___healthy,T3,2026-08-01T12:00:00,drone
9ae0c2e4-ff70-4be7-a231-65d4c2acd8ee___RS_HL 7476.JPG,Apple___healthy,T2,2026-08-01T19:00:00,camera_manual
9b0ebfaf-9d8f-4195-b2af-9505b5bc1f19___RS_HL 6212.JPG,Apple___healthy,T2,2026-08-02T15:00:00,camera_manual
9b75de13-d4b0-4b3f-988c-3e9926eef957___RS_HL 6273.JPG,Apple___healthy,T2,2026-08-01T15:00:00,camera_manual
9b84171d-c1b4-4697-a82b-e33535021013___RS_HL 5977.JPG,Apple___healthy,T3,2026-08-02T08:00:00,drone
9b958d1b-ef54-4290-9636-4aa08eb55dda___RS_HL 5843.JPG,Apple___healthy,T3,2026-08-02T16:00:00,drone
9c817f68-e2ba-44cd-8408-492efd9932c8___RS_HL 7757.JPG,Apple___healthy,T4,2026-08-02T21:00:00,camera_manual
9c95370b-3dfa-4f1d-b9d6-def93d1cda1b___RS_HL 8044.JPG,Apple___healthy,T4,2026-08-02T13:00:00,camera_manual
9cfb97eb-0e0a-4e55-b25d-d6121ceded58___RS_HL 6146.JPG,Apple___healthy,T1,2026-08-01T10:00:00,drone
9d135274-b26e-4925-8215-13c928b56b81___RS_HL 7583.JPG,Apple___healthy,T4,2026-08-02T13:00:00,camera_manual
9d3b64cb-6af0-49b7-a488-2e8af4caff65___RS_HL 7330.JPG,Apple___healthy,T3,2026-08-01T12:00:00,drone
9d3bb139-5177-4d08-914b-5fe232cff065___RS_HL 6011.JPG,Apple___healthy,T3,2026-08-02T08:00:00,drone
9d555477-70c8-4716-b22e-8e353a290632___RS_HL 8013.JPG,Apple___healthy,T3,2026-08-02T12:00:00,drone
9d72b93c-59d4-41ec-b346-954a1e8e57bb___RS_HL 6284.JPG,Apple___healthy,T3,2026-08-02T20:00:00,drone
9d872301-fed3-4fc4-bf58-9963a5248105___RS_HL 5678.JPG,Apple___healthy,T3,2026-08-01T16:00:00,drone
9d98700c-5613-4156-95db-e09fbb00cb04___RS_HL 8007.JPG,Apple___healthy,T3,2026-08-02T00:00:00,drone
9dba8abe-f50e-45fe-aa32-17dd4445189b___RS_HL 7489.JPG,Apple___healthy,T4,2026-08-01T17:00:00,camera_manual
9decdcd8-8027-4901-8da6-bd27c01e1ba1___RS_HL 5798.JPG,Apple___healthy,T1,2026-08-01T14:00:00,drone
9e5f1beb-8245-4775-8298-4cb787b3f897___RS_HL 5854.JPG,Apple___healthy,T2,2026-08-02T03:00:00,camera_manual
9e68d5bf-8b78-4ba1-9f04-ce5c69c14d46___RS_HL 7733.JPG,Apple___healthy,T1,2026-08-01T10:00:00,drone
9ebc421f-9c65-41ee-a650-2da921e8e7cb___RS_HL 6227.JPG,Apple___healthy,T4,2026-08-02T13:00:00,camera_manual
9ec4f654-e45e-4910-8b1f-8b9825cefbd1___RS_HL 8173.JPG,Apple___healthy,T2,2026-08-01T19:00:00,camera_manual
9ece0a35-9af4-4974-acad-2aa973badf17___RS_HL 8129.JPG,Apple___healthy,T1,2026-08-01T18:00:00,drone
9ee2b5e6-46cf-400f-a82f-660a2ac05157___RS_HL 5643.JPG,Apple___healthy,T4,2026-08-01T21:00:00,camera_manual
9efbd99b-9ac8-4c6c-9ad6-6cece321b832___RS_HL 7346.JPG,Apple___healthy,T4,2026-08-02T21:00:00,camera_manual
9f288c49-e11c-4054-9a44-b5e81e39427a___RS_HL 7938.JPG,Apple___healthy,T1,2026-08-02T14:00:00,drone
9f6f67e7-5369-4642-9594-a29fba331a5c___RS_HL 5907.JPG,Apple___healthy,T4,2026-08-02T05:00:00,camera_manual
9fa007fa-08c0-4d3a-b2b4-9ac7ad72c316___RS_HL 7833.JPG,Apple___healthy,T4,2026-08-02T17:00:00,camera_manual
9fc6acc1-0394-498d-b51c-d2e92febae55___RS_HL 6013.JPG,Apple___healthy,T1,2026-08-01T18:00:00,drone
9fd4b6dc-c72b-4a90-b9c6-e5518f237d90___RS_HL 5760.JPG,Apple___healthy,T3,2026-08-02T20:00:00,drone
9fe1ea92-d106-4bc5-a0da-072a67c3260b___RS_HL 7828.JPG,Apple___healthy,T3,2026-08-01T20:00:00,drone
a0167593-6219-479d-9e28-161dfea5b19a___RS_HL 5790.JPG,Apple___healthy,T4,2026-08-01T21:00:00,camera_manual
a01b22a2-292a-485e-ad7d-ee14de31506c___RS_HL 6102.JPG,Apple___healthy,T3,2026-08-02T20:00:00,drone
a027ddf2-029c-43c2-b812-f3ffcdefea80___RS_HL 7859.JPG,Apple___healthy,T1,2026-08-02T14:00:00,drone
a0548b7d-598a-4637-acfa-653b7bd3e8cd___RS_HL 7917.JPG,Apple___healthy,T2,2026-08-01T07:00:00,camera_manual
a0670cfe-00e2-4c7a-a9f7-29408debdc3a___RS_HL 6061.JPG,Apple___healthy,T3,2026-08-02T00:00:00,drone
a09b0571-6876-487c-bf88-bb378dd4f0cc___RS_HL 8057.JPG,Apple___healthy,T1,2026-08-02T10:00:00,drone
a0a31340-6426-4e4b-9473-4daacbc305dc___RS_HL 7644.JPG,Apple___healthy,T3,2026-08-01T16:00:00,drone
a0c5f687-6807-44a3-8a74-faa5ab3d95bd___RS_HL 7850.JPG,Apple___healthy,T3,2026-08-01T16:00:00,drone
a0ebd8aa-d4d7-459e-8ecf-72f6854436aa___RS_HL 6238.JPG,Apple___healthy,T3,2026-08-01T16:00:00,drone
a117c853-363a-443a-b489-323fb4239f07___RS_HL 5697.JPG,Apple___healthy,T3,2026-08-01T16:00:00,drone
a11acc05-8bd6-43f7-9b9e-3899a0bbce2c___RS_HL 7658.JPG,Apple___healthy,T3,2026-08-02T04:00:00,drone
a1630d3e-2f30-455e-b259-d92b7b332588___RS_HL 5768.JPG,Apple___healthy,T2,2026-08-01T11:00:00,camera_manual
a1644fa1-0871-47e1-a316-bc435c6a275b___RS_HL 6225.JPG,Apple___healthy,T4,2026-08-01T13:00:00,camera_manual
a16cfc1d-26ae-4bf8-bd37-5f1ba495447b___RS_HL 5905.JPG,Apple___healthy,T2,2026-08-01T11:00:00,camera_manual
a1788b2d-2440-4087-b2b8-166029c423ef___RS_HL 5713.JPG,Apple___healthy,T4,2026-08-02T09:00:00,camera_manual
a1867bda-d965-4389-8a19-ed13c82df5f6___RS_HL 7655.JPG,Apple___healthy,T3,2026-08-02T04:00:00,drone
a19f8aa8-6d6e-4bcd-b0ac-5046336817bc___RS_HL 7660.JPG,Apple___healthy,T4,2026-08-02T17:00:00,camera_manual
a2024303-1e78-4f1b-80b4-3f02f9f5dceb___RS_HL 7707.JPG,Apple___healthy,T4,2026-08-02T13:00:00,camera_manual
a270262b-b9f7-4756-abc4-d8ce165a4a8f___RS_HL 7613.JPG,Apple___healthy,T1,2026-08-02T06:00:00,drone
a2b40acc-cec7-4c42-a1d4-199b85f7e4a1___RS_HL 7675.JPG,Apple___healthy,T2,2026-08-01T07:00:00,camera_manual
a2c29f1a-5bdd-4755-94ce-1ee4ed63d037___RS_HL 7332.JPG,Apple___healthy,T3,2026-08-01T08:00:00,drone
a30bee25-14fb-43d2-9ab2-b179c920839c___RS_HL 5778.JPG,Apple___healthy,T3,2026-08-02T16:00:00,drone
a30edbd9-7605-47ca-9841-dce943c3e12a___RS_HL 7523.JPG,Apple___healthy,T4,2026-08-02T13:00:00,camera_manual
a359d235-43af-469c-a14b-3a6677c0bb2e___RS_HL 8118.JPG,Apple___healthy,T1,2026-08-02T10:00:00,drone
a36d3771-3cbd-48ef-9e31-a1de629e56a6___RS_HL 8082.JPG,Apple___healthy,T1,2026-08-02T06:00:00,drone
a3bae732-a9e8-494a-93dd-7fd04dc558b7___RS_HL 6045.JPG,Apple___healthy,T3,2026-08-01T20:00:00,drone
a3d2fcfa-645e-419e-91a5-ab626f5fab6c___RS_HL 5930.JPG,Apple___healthy,T4,2026-08-01T21:00:00,camera_manual
a3dfe485-ef1c-4c7b-bb11-38528d73947b___RS_HL 7982.JPG,Apple___healthy,T4,2026-08-02T13:00:00,camera_manual
a4339fb7-ea48-4a93-ad00-aa1a55ea2b4e___RS_HL 7524.JPG,Apple___healthy,T3,2026-08-01T16:00:00,drone
a469c307-a754-4c0f-9012-b09ba22c4d00___RS_HL 5917.JPG,Apple___healthy,T1,2026-08-02T14:00:00,drone
a46a0643-d128-49ed-8044-de7e97fe3f97___RS_HL 6259.JPG,Apple___healthy,T4,2026-08-02T21:00:00,camera_manual
a48cbfdf-653b-4ab0-8f63-2d6977ec1014___RS_HL 5639.JPG,Apple___healthy,T4,2026-08-01T13:00:00,camera_manual
a4b86fe3-2a80-4399-bc38-6ab0f6c1ece6___RS_HL 6056.JPG,Apple___healthy,T1,2026-08-01T10:00:00,drone
a4c37f29-8f5a-4a06-b6c4-367d523d452a___RS_HL 7374.JPG,Apple___healthy,T4,2026-08-01T09:00:00,camera_manual
a4c3d6d2-cc69-4d8e-acc9-0e648df959ef___RS_HL 7806.JPG,Apple___healthy,T3,2026-08-02T12:00:00,drone
a4f33d84-f27c-481d-83ac-9575c8469fe6___RS_HL 7960.JPG,Apple___healthy,T3,2026-08-02T12:00:00,drone
a50556b8-e947-45f6-8b4e-6574ddab1903___RS_HL 7944.JPG,Apple___healthy,T1,2026-08-01T22:00:00,drone
a5121b4f-be3e-4911-9d15-2678a0ccf66d___RS_HL 7751.JPG,Apple___healthy,T3,2026-08-01T20:00:00,drone
a58444b0-ca47-491a-8ddb-c9ae42c26747___RS_HL 6060.JPG,Apple___healthy,T4,2026-08-01T21:00:00,camera_manual
a5acd48c-a7c2-42de-8a2e-231bb94e134d___RS_HL 7591.JPG,Apple___healthy,T2,2026-08-01T15:00:00,camera_manual
a5da624b-8a38-4e64-ae7f-ace8b7c20548___RS_HL 5997.JPG,Apple___healthy,T4,2026-08-01T13:00:00,camera_manual
a600f02f-b4a8-43e5-8d31-4c0d99009d7b___RS_HL 8132.JPG,Apple___healthy,T2,2026-08-01T11:00:00,camera_manual
a61c6603-0f78-4fb9-b917-99eaf0d67c3f___RS_HL 5853.JPG,Apple___healthy,T1,2026-08-01T06:00:00,drone
a63295f1-8032-4db2-b0d7-4e51f6e30bad___RS_HL 6089.JPG,Apple___healthy,T1,2026-08-02T06:00:00,drone
a64b16af-0fb8-4c07-a4d3-b3f87e33d6ca___RS_HL 5795.JPG,Apple___healthy,T1,2026-08-01T14:00:00,drone
a65ad047-7fcd-4059-a4fa-15cd09a284d4___RS_HL 7861.JPG,Apple___healthy,T1,2026-08-02T18:00:00,drone
a6af24a5-31a8-4154-bfe6-7b3f7d516f6a___RS_HL 7622.JPG,Apple___healthy,T3,2026-08-01T16:00:00,drone
a6cfd8cf-37d2-42ea-9946-daf4fc794e3e___RS_HL 7853.JPG,Apple___healthy,T4,2026-08-01T13:00:00,camera_manual
a6ff09a1-af72-4357-a122-4549efdb90b3___RS_HL 7646.JPG,Apple___healthy,T1,2026-08-01T10:00:00,drone
a70c8783-85c0-4a22-879f-9f0a0c46abf6___RS_HL 6161.JPG,Apple___healthy,T4,2026-08-01T13:00:00,camera_manual
a7fde017-ef6b-44c7-9b1e-825ed048fcce___RS_HL 6049.JPG,Apple___healthy,T2,2026-08-02T19:00:00,camera_manual
a850464f-70db-4726-8e80-bfe6ca501942___RS_HL 7999.JPG,Apple___healthy,T3,2026-08-02T08:00:00,drone
a88f01ad-8550-49f1-9757-e9e9649d81b2___RS_HL 7360.JPG,Apple___healthy,T2,2026-08-02T11:00:00,camera_manual
a8af4c4f-6022-4e82-99bf-b0044e1bd3c3___RS_HL 8003.JPG,Apple___healthy,T1,2026-08-02T14:00:00,drone
a8bcd8e0-29d1-4118-9117-838fc9174aa9___RS_HL 7618.JPG,Apple___healthy,T2,2026-08-01T19:00:00,camera_manual
a8c76694-697e-4684-bc13-ac1302ebd3c0___RS_HL 7411.JPG,Apple___healthy,T1,2026-08-01T10:00:00,drone
a8d012ca-b1ac-45b6-b8fa-44257fd4605f___RS_HL 5824.JPG,Apple___healthy,T4,2026-08-02T09:00:00,camera_manual
aa701c91-01d7-44bf-a1df-b4d8ca4fbce0___RS_HL 5715.JPG,Apple___healthy,T2,2026-08-02T15:00:00,camera_manual
aa8e1c77-667f-4610-8e36-c8a21f1f9eae___RS_HL 7578.JPG,Apple___healthy,T2,2026-08-01T11:00:00,camera_manual
aacd1350-3b5c-46c6-9320-84f45f5161db___RS_HL 7746.JPG,Apple___healthy,T1,2026-08-02T10:00:00,drone
ab014481-2a2f-4bb8-9a80-6b0ceb012625___RS_HL 5808.JPG,Apple___healthy,T4,2026-08-02T13:00:00,camera_manual
ab23fdc9-8036-47f2-a32b-b3facb13fd5b___RS_HL 5947.JPG,Apple___healthy,T2,2026-08-01T07:00:00,camera_manual
ab3bb73a-9828-4951-89c1-44a47e980ca2___RS_HL 7695.JPG,Apple___healthy,T1,2026-08-02T18:00:00,drone
ab407e72-8e8a-4d0b-b6c7-515054c65caa___RS_HL 7869.JPG,Apple___healthy,T1,2026-08-01T18:00:00,drone
ab4fd2f9-da8a-4fe7-9634-50be1efa0730___RS_HL 7714.JPG,Apple___healthy,T4,2026-08-02T09:00:00,camera_manual
ab56c266-3b13-43f0-9856-587367a3b45a___RS_HL 5770.JPG,Apple___healthy,T4,2026-08-02T21:00:00,camera_manual
ab5eb58e-8cd9-4f70-ac56-1a14c101622e___RS_HL 7927.JPG,Apple___healthy,T2,2026-08-01T19:00:00,camera_manual
ab9d5340-375c-4935-b997-99ed6e2cfaea___RS_HL 7493.JPG,Apple___healthy,T4,2026-08-02T21:00:00,camera_manual
abb44bf0-cc56-4086-a5eb-0747cddc367c___RS_HL 5679.JPG,Apple___healthy,T4,2026-08-02T05:00:00,camera_manual
abc9f5f6-ea98-46c0-8df7-2986969318bf___RS_HL 5928.JPG,Apple___healthy,T3,2026-08-02T08:00:00,drone
abff9f5a-3cc5-4753-96e7-1271110346cc___RS_HL 5914.JPG,Apple___healthy,T2,2026-08-02T11:00:00,camera_manual
ac41e650-367c-4a74-b26e-0a983bc1223b___RS_HL 7743.JPG,Apple___healthy,T2,2026-08-01T19:00:00,camera_manual
ac49a568-aa04-4c08-88a6-d1551e3f41ca___RS_HL 8146.JPG,Apple___healthy,T2,2026-08-01T07:00:00,camera_manual
ac7b5666-1fe7-4407-a769-7beb71dadd13___RS_HL 5640.JPG,Apple___healthy,T1,2026-08-02T02:00:00,drone
ac83e870-8aec-4b1a-8156-b9a60fa09259___RS_HL 5735.JPG,Apple___healthy,T2,2026-08-02T11:00:00,camera_manual
ac9eef55-7ba7-4663-913a-6c68fc5b3376___RS_HL 5696.JPG,Apple___healthy,T2,2026-08-02T03:00:00,camera_manual
acb21cc2-8d65-4880-a7bb-dcc1eab1564b___RS_HL 6272.JPG,Apple___healthy,T4,2026-08-02T21:00:00,camera_manual
acbdd971-62fa-4109-a0b7-38b6eae4d748___RS_HL 5939.JPG,Apple___healthy,T2,2026-08-01T11:00:00,camera_manual
ad7674f8-ff0c-43f8-9bb7-1c347ba197fe___RS_HL 7812.JPG,Apple___healthy,T3,2026-08-02T16:00:00,drone
ad772bfa-6845-4104-8d94-8d3a2adb67c2___RS_HL 6149.JPG,Apple___healthy,T1,2026-08-01T18:00:00,drone
ada1699c-0a91-44ea-bc2b-476147394421___RS_HL 5646.JPG,Apple___healthy,T2,2026-08-02T19:00:00,camera_manual
ae0a8f1e-235b-4fd9-980f-58d486951875___RS_HL 6244.JPG,Apple___healthy,T1,2026-08-02T06:00:00,drone
ae11ce7e-dfd2-42bc-9e1b-0b6a29f9e538___RS_HL 5674.JPG,Apple___healthy,T1,2026-08-02T18:00:00,drone
ae2bb9d6-502a-4ae2-b4e4-4c2fffd06ebc___RS_HL 7951.JPG,Apple___healthy,T1,2026-08-02T18:00:00,drone
ae4a5e3d-c781-49ec-901e-940f127e1688___RS_HL 6128.JPG,Apple___healthy,T3,2026-08-02T20:00:00,drone
ae67e27b-7937-4094-9263-580fcff3718d___RS_HL 7663.JPG,Apple___healthy,T2,2026-08-01T07:00:00,camera_manual
ae8840d7-cde8-4739-817a-9ff6f548c522___RS_HL 8197.JPG,Apple___healthy,T2,2026-08-02T11:00:00,camera_manual
aeae3ac9-437e-4f74-9ff4-48f9058e6c9e___RS_HL 7974.JPG,Apple___healthy,T4,2026-08-01T13:00:00,camera_manual
aed7208f-81b3-4fbc-869b-87083033e048___RS_HL 8180.JPG,Apple___healthy,T2,2026-08-01T19:00:00,camera_manual
aede527b-869e-4e42-a760-3ada64aeb8aa___RS_HL 6131.JPG,Apple___healthy,T1,2026-08-01T22:00:00,drone
af00bd10-d7ef-4076-90c8-28f2d6ff6aa2___RS_HL 8188.JPG,Apple___healthy,T4,2026-08-01T13:00:00,camera_manual
af109f85-cfe8-4547-a642-10fd10a2b79b___RS_HL 7393.JPG,Apple___healthy,T3,2026-08-01T08:00:00,drone
af2972a9-c62d-44bf-a5df-45c0bdf70572___RS_HL 5835.JPG,Apple___healthy,T1,2026-08-02T02:00:00,drone
af413561-59ca-4d3a-9e7d-34711b946db4___RS_HL 6298.JPG,Apple___healthy,T2,2026-08-01T23:00:00,camera_manual
afac9fcd-ff8d-4ab8-9be2-c5649a59d6a0___RS_HL 6324.JPG,Apple___healthy,T4,2026-08-01T21:00:00,camera_manual
afc0668a-0e88-4fa3-a91b-acf3f54551d7___RS_HL 7800.JPG,Apple___healthy,T3,2026-08-01T16:00:00,drone
afc70f71-aaa3-4de5-9fe4-1e951fda71cc___RS_HL 6211.JPG,Apple___healthy,T2,2026-08-02T15:00:00,camera_manual
b0178b88-d413-498c-a6de-1d7cef560d3a___RS_HL 7925.JPG,Apple___healthy,T4,2026-08-01T13:00:00,camera_manual
b0233269-e0b7-4314-8aa1-6b7ecfd12033___RS_HL 8049.JPG,Apple___healthy,T4,2026-08-01T09:00:00,camera_manual
b06260e3-9149-43c1-ab1d-2a592ee2b7fc___RS_HL 5825.JPG,Apple___healthy,T2,2026-08-01T15:00:00,camera_manual
b09360ae-9c60-49b8-abb8-edc4c37d79c3___RS_HL 7643.JPG,Apple___healthy,T1,2026-08-02T06:00:00,drone
b0ba7a6d-95eb-44e2-a2a5-4d9ef9b489d7___RS_HL 5896.JPG,Apple___healthy,T3,2026-08-01T12:00:00,drone
b122dc1b-a929-4b77-baa9-faf01744fd88___RS_HL 5657.JPG,Apple___healthy,T2,2026-08-01T11:00:00,camera_manual
b13ada28-ecc1-43e6-bfa2-e8847cd7ec02___RS_HL 7835.JPG,Apple___healthy,T1,2026-08-01T06:00:00,drone
b1784ebf-1145-4997-8e7c-4238d0ee2575___RS_HL 6299.JPG,Apple___healthy,T2,2026-08-01T11:00:00,camera_manual
b17878ef-2476-4eba-9bdf-0a7950edae2a___RS_HL 7957.JPG,Apple___healthy,T3,2026-08-02T00:00:00,drone
b1e778d9-67ab-4480-ad8c-99608cbad53e___RS_HL 5976.JPG,Apple___healthy,T1,2026-08-02T14:00:00,drone
b202b328-dec4-4b4a-bf6f-50c331f63f89___RS_HL 6311.JPG,Apple___healthy,T2,2026-08-01T07:00:00,camera_manual
b2187f22-a9bf-47e1-8b92-b12af779833f___RS_HL 5944.JPG,Apple___healthy,T3,2026-08-01T12:00:00,drone
b228e0e9-6082-4f02-a31e-11077fff799a___RS_HL 8143.JPG,Apple___healthy,T4,2026-08-02T09:00:00,camera_manual
b2acd8b3-5156-4568-95e3-b7c6604ce7cc___RS_HL 7959.JPG,Apple___healthy,T3,2026-08-02T04:00:00,drone
b2daabdc-93aa-462f-8789-6e491d95a027___RS_HL 7641.JPG,Apple___healthy,T2,2026-08-02T15:00:00,camera_manual
b30e7ae6-7ea7-4eaf-8ffa-06b0093c9f75___RS_HL 8030.JPG,Apple___healthy,T4,2026-08-01T13:00:00,camera_manual
b31c759a-547a-46de-937f-56714107db63___RS_HL 5857.JPG,Apple___healthy,T1,2026-08-02T10:00:00,drone
b31cfff9-da7e-40ca-8e8a-2b8562031473___RS_HL 7333.JPG,Apple___healthy,T3,2026-08-02T12:00:00,drone
b34b807c-4986-4b85-8ede-73d625a14921___RS_HL 8025.JPG,Apple___healthy,T4,2026-08-01T17:00:00,camera_manual
b3562453-945e-4462-8589-ec879c2a4102___RS_HL 5893.JPG,Apple___healthy,T1,2026-08-01T22:00:00,drone
b3731461-8db1-42f5-9976-5f3b8b72935b___RS_HL 5973.JPG,Apple___healthy,T3,2026-08-01T12:00:00,drone
b39834e5-d836-4265-a2d6-bba7116efaa3___RS_HL 7518.JPG,Apple___healthy,T2,2026-08-01T19:00:00,camera_manual
b3a6e935-5855-48b2-905a-e3d6e1806e94___RS_HL 5688.JPG,Apple___healthy,T1,2026-08-01T14:00:00,drone
b49f9a95-3672-4f62-9767-51a0f9825267___RS_HL 6232.JPG,Apple___healthy,T2,2026-08-01T11:00:00,camera_manual
b553a8a1-d101-4b38-aa0b-e76c89c10554___RS_HL 8010.JPG,Apple___healthy,T4,2026-08-01T13:00:00,camera_manual
b55fbd6e-955c-4016-acff-4829df8a2f0f___RS_HL 7399.JPG,Apple___healthy,T2,2026-08-02T19:00:00,camera_manual
b5bd9505-7491-4ff6-a703-d87b4f5db18b___RS_HL 6223.JPG,Apple___healthy,T4,2026-08-01T21:00:00,camera_manual
b5ff5168-38d9-4a8b-b5bb-94c310e77b53___RS_HL 6083.JPG,Apple___healthy,T2,2026-08-01T11:00:00,camera_manual
b6808ea5-f26b-49fa-87b2-a1bbbc98d74c___RS_HL 6095.JPG,Apple___healthy,T1,2026-08-02T18:00:00,drone
b681e485-e0a6-489f-b9c9-c67d67e70801___RS_HL 5874.JPG,Apple___healthy,T4,2026-08-01T21:00:00,camera_manual
b68238fa-2e01-43b2-bf8c-0e9d38848b02___RS_HL 6289.JPG,Apple___healthy,T2,2026-08-02T11:00:00,camera_manual
b687a4b9-a56c-4d15-b1a4-0e0ce647f7d3___RS_HL 7935.JPG,Apple___healthy,T1,2026-08-01T14:00:00,drone
b6a2a9d1-5fff-4f42-bc18-12c9777001e6___RS_HL 6067.JPG,Apple___healthy,T4,2026-08-01T13:00:00,camera_manual
b6d4b26d-cc9d-4250-ae1f-5678b5fcd068___RS_HL 8071.JPG,Apple___healthy,T2,2026-08-01T23:00:00,camera_manual
b776b468-ee06-4871-98da-3998ead30369___RS_HL 7438.JPG,Apple___healthy,T3,2026-08-01T16:00:00,drone
b78e8d44-f901-4cef-bb6b-220e229796e8___RS_HL 7468.JPG,Apple___healthy,T4,2026-08-02T01:00:00,camera_manual
b78fc35e-44b6-4e89-8a23-54becf423e0c___RS_HL 5964.JPG,Apple___healthy,T4,2026-08-02T05:00:00,camera_manual
b79b7572-548b-400e-a675-1ffa9a1d6079___RS_HL 6281.JPG,Apple___healthy,T2,2026-08-02T11:00:00,camera_manual
b7bc8a7b-c93c-44c2-9b8f-d142e05cee7f___RS_HL 7617.JPG,Apple___healthy,T4,2026-08-02T21:00:00,camera_manual
b7e9a2ff-31e8-4ddc-b739-17a8889715e7___RS_HL 6285.JPG,Apple___healthy,T2,2026-08-02T19:00:00,camera_manual
b85dfb75-f620-427c-9108-02547560a2b4___RS_HL 5913.JPG,Apple___healthy,T4,2026-08-01T17:00:00,camera_manual
b876a8f5-9fee-48fe-817c-f810a55c9ee2___RS_HL 7496.JPG,Apple___healthy,T2,2026-08-02T19:00:00,camera_manual
b8e23dd6-ff8c-4617-8602-c9c3a0039766___RS_HL 7983.JPG,Apple___healthy,T3,2026-08-01T16:00:00,drone
b8ed9a0b-1f7d-476e-907e-7c3c6936d325___RS_HL 5769.JPG,Apple___healthy,T1,2026-08-02T18:00:00,drone
b93cadc6-112d-40f1-bec9-60c88e79f919___RS_HL 6229.JPG,Apple___healthy,T4,2026-08-02T01:00:00,camera_manual
b95d7446-58e5-4f88-a1a9-4ee2930051c4___RS_HL 8205.JPG,Apple___healthy,T3,2026-08-01T20:00:00,drone
b9a7faa2-e43b-4d8d-8df0-2256c8ee3607___RS_HL 7483.JPG,Apple___healthy,T4,2026-08-02T01:00:00,camera_manual
b9d6a99b-7ffb-47a2-a9f5-e3fedf6c0ec8___RS_HL 8204.JPG,Apple___healthy,T3,2026-08-02T12:00:00,drone
b9d6f390-c210-486f-802b-e204e27990ea___RS_HL 7756.JPG,Apple___healthy,T2,2026-08-01T19:00:00,camera_manual
b9e6aeac-899b-4f14-9e45-abb938f58ec1___RS_HL 8200.JPG,Apple___healthy,T1,2026-08-01T10:00:00,drone
b9ff58a5-fdd5-429a-a6ef-e20d0be450e2___RS_HL 6059.JPG,Apple___healthy,T1,2026-08-01T06:00:00,drone
ba04fd9d-8914-4513-bc3a-2b8c3998fe83___RS_HL 7256.JPG,Apple___healthy,T1,2026-08-01T22:00:00,drone
ba0769ee-18a8-4250-b5c3-d7cfbb1ea0ac___RS_HL 6205.JPG,Apple___healthy,T1,2026-08-02T18:00:00,drone
ba1c31ed-0786-4d38-97dc-99c28fb61e64___RS_HL 7289.JPG,Apple___healthy,T1,2026-08-02T14:00:00,drone
ba26ee51-3cff-482d-8ed1-4387aa33f208___RS_HL 7316.JPG,Apple___healthy,T4,2026-08-02T01:00:00,camera_manual
ba33103e-1321-43f0-8a86-6d5e014c0755___RS_HL 8166.JPG,Apple___healthy,T4,2026-08-01T09:00:00,camera_manual
ba74e810-929a-4107-b366-ade4fc3cc50e___RS_HL 7436.JPG,Apple___healthy,T2,2026-08-01T15:00:00,camera_manual
ba78848a-d307-4ba9-bb8e-34de742de684___RS_HL 7266.JPG,Apple___healthy,T2,2026-08-02T03:00:00,camera_manual
ba7aa30a-5f0c-44b6-9323-f6ced64aed63___RS_HL 7370.JPG,Apple___healthy,T4,2026-08-01T21:00:00,camera_manual
bae0be56-db99-469e-909a-6035f9b85443___RS_HL 6003.JPG,Apple___healthy,T2,2026-08-01T19:00:00,camera_manual
baf96695-955b-4e24-8b10-c0d544a5d91a___RS_HL 7248.JPG,Apple___healthy,T4,2026-08-02T01:00:00,camera_manual
bb575ddf-8661-4bcc-82ee-25050ba543b7___RS_HL 5807.JPG,Apple___healthy,T2,2026-08-02T15:00:00,camera_manual
bb94fafa-e2c6-41bc-8146-83835e579513___RS_HL 7585.JPG,Apple___healthy,T4,2026-08-01T21:00:00,camera_manual
bbc953a4-7860-4273-a653-6697a53c74e2___RS_HL 7606.JPG,Apple___healthy,T1,2026-08-01T18:00:00,drone
bbf190ed-4d1d-4add-a0d9-e672860c7b1e___RS_HL 7736.JPG,Apple___healthy,T2,2026-08-02T19:00:00,camera_manual
bc0818a9-ad35-4d9d-93c7-20a9901c0781___RS_HL 8098.JPG,Apple___healthy,T2,2026-08-02T07:00:00,camera_manual
bc1fe2f2-05c7-485e-9f97-af1dfb59394a___RS_HL 5901.JPG,Apple___healthy,T3,2026-08-02T04:00:00,drone
bc9b490b-eb06-4b0a-bfcc-f90478e0418b___RS_HL 7677.JPG,Apple___healthy,T2,2026-08-01T19:00:00,camera_manual
bcc124a4-afd2-4663-86ff-5eef7101bf02___RS_HL 7939.JPG,Apple___healthy,T3,2026-08-02T08:00:00,drone
bcd55989-eab4-4d03-8fe2-2f24ba37c637___RS_HL 7394.JPG,Apple___healthy,T1,2026-08-02T18:00:00,drone
bd44da3a-be59-458e-a81b-cf8f9d38724d___RS_HL 7336.JPG,Apple___healthy,T3,2026-08-01T08:00:00,drone
bd55e151-34f4-46b0-8683-7315c39a7e34___RS_HL 7802.JPG,Apple___healthy,T1,2026-08-01T06:00:00,drone
bd61a0a7-939f-43ba-bb02-168ceb97a32a___RS_HL 5902.JPG,Apple___healthy,T2,2026-08-02T03:00:00,camera_manual
bd802f98-838a-4703-b38d-5db77ddac1b8___RS_HL 8154.JPG,Apple___healthy,T1,2026-08-01T14:00:00,drone
bd8417a5-84a7-4d6f-b71c-687c343d97f5___RS_HL 6028.JPG,Apple___healthy,T1,2026-08-01T22:00:00,drone
bd910a05-42d0-4e01-9d88-0c8577ccdbe2___RS_HL 7396.JPG,Apple___healthy,T1,2026-08-02T14:00:00,drone
bd91bdc8-d23d-4414-94ab-485c2bc509b1___RS_HL 6313.JPG,Apple___healthy,T3,2026-08-02T16:00:00,drone
bd9222f6-b97a-4e5b-ac0f-ff320f5f7180___RS_HL 7630.JPG,Apple___healthy,T3,2026-08-01T12:00:00,drone
bda31474-87d3-4256-ace8-00d20ef05139___RS_HL 7443.JPG,Apple___healthy,T3,2026-08-02T20:00:00,drone
bdcce69f-7520-48cc-b22b-c3ad33d5be71___RS_HL 7878.JPG,Apple___healthy,T1,2026-08-01T18:00:00,drone
bde3160c-8a91-4169-908c-62b3429dc829___RS_HL 5981.JPG,Apple___healthy,T3,2026-08-02T04:00:00,drone
bdf80993-e555-4609-8a83-7f1676bce18b___RS_HL 5682.JPG,Apple___healthy,T1,2026-08-01T18:00:00,drone
be0f61c7-6307-4492-8a2c-50987ca6890e___RS_HL 7403.JPG,Apple___healthy,T1,2026-08-01T06:00:00,drone
be58ce4e-6678-4315-8786-31bd39e11909___RS_HL 6106.JPG,Apple___healthy,T2,2026-08-01T23:00:00,camera_manual
be76ffa1-32a2-4d45-a5b4-740f0eb73156___RS_HL 5974.JPG,Apple___healthy,T3,2026-08-02T08:00:00,drone
be861072-a40c-4318-80a7-659f9f9a11ae___RS_HL 6241.JPG,Apple___healthy,T4,2026-08-02T05:00:00,camera_manual
beaa2ead-91d2-46f1-b2a0-f3a3662ee1f0___RS_HL 7676.JPG,Apple___healthy,T1,2026-08-01T22:00:00,drone
becd7e46-f87c-46d0-a973-f957e99ba4b7___RS_HL 7519.JPG,Apple___healthy,T1,2026-08-02T18:00:00,drone
bed5806d-7325-4a3f-9515-e357432636f1___RS_HL 6301.JPG,Apple___healthy,T1,2026-08-01T10:00:00,drone
bede2484-dd97-4291-9132-bf015313a6bd___RS_HL 8196.JPG,Apple___healthy,T3,2026-08-01T12:00:00,drone
bf26ad48-1ebb-4186-a52c-e249dc19317e___RS_HL 8195.JPG,Apple___healthy,T3,2026-08-02T16:00:00,drone
bf5065ab-8a95-42b7-a914-60c43973ac47___RS_HL 5827.JPG,Apple___healthy,T1,2026-08-01T14:00:00,drone
bf5b3cf2-cc13-4fbd-b629-7a7f56afe59b___RS_HL 5932.JPG,Apple___healthy,T1,2026-08-01T22:00:00,drone
bf73cd4a-c19c-457c-827b-144d15f88b37___RS_HL 7830.JPG,Apple___healthy,T3,2026-08-01T12:00:00,drone
bf8697bb-a12a-4488-9178-22180bde51e5___RS_HL 5889.JPG,Apple___healthy,T3,2026-08-02T20:00:00,drone
bfbfd624-ea18-4469-8038-4c90e4369209___RS_HL 7628.JPG,Apple___healthy,T1,2026-08-01T22:00:00,drone
bfe9c599-e0d3-4ce6-8d8a-403df3d265cc___RS_HL 8058.JPG,Apple___healthy,T2,2026-08-01T15:00:00,camera_manual
bfef73e8-a8d2-4c50-8266-b8eaafd993e4___RS_HL 5861.JPG,Apple___healthy,T2,2026-08-02T19:00:00,camera_manual
bfff4d8f-8a42-435a-9793-07d7858d0e9a___RS_HL 6177.JPG,Apple___healthy,T2,2026-08-02T11:00:00,camera_manual
c0045dfa-da87-423c-a78c-07eb2fd456f3___RS_HL 7764.JPG,Apple___healthy,T1,2026-08-02T02:00:00,drone
c023b0a2-5c8b-448f-9735-2e11a7a389ec___RS_HL 6198.JPG,Apple___healthy,T4,2026-08-01T21:00:00,camera_manual
c02b90e9-753e-44a7-a4b8-1e19f1de42f4___RS_HL 7971.JPG,Apple___healthy,T4,2026-08-01T13:00:00,camera_manual
c05b58c7-3d82-4e6b-b64f-324e0d30d44b___RS_HL 6320.JPG,Apple___healthy,T4,2026-08-01T09:00:00,camera_manual
c07b5a20-2ebb-44b8-8a17-f8ce3890de91___RS_HL 7638.JPG,Apple___healthy,T1,2026-08-02T18:00:00,drone
c08ff541-b426-4e5b-8630-98b5246b7d20___RS_HL 5642.JPG,Apple___healthy,T4,2026-08-01T17:00:00,camera_manual
c09a02e7-f47a-4dea-b648-eaad0d9f3df1___RS_HL 6037.JPG,Apple___healthy,T2,2026-08-01T19:00:00,camera_manual
c0eef36a-242b-4420-9153-198446da57d4___RS_HL 7478.JPG,Apple___healthy,T1,2026-08-01T10:00:00,drone
c0ffd6a1-e3d2-4034-aa74-597bf3a257e9___RS_HL 7973.JPG,Apple___healthy,T3,2026-08-02T12:00:00,drone
c1b8e085-537b-4a2d-890f-76f0dabb4757___RS_HL 7928.JPG,Apple___healthy,T1,2026-08-01T18:00:00,drone
c1c192eb-1b3d-4fc5-b2c1-4eba9445536d___RS_HL 8061.JPG,Apple___healthy,T4,2026-08-01T13:00:00,camera_manual
c1d50cb3-894c-4cfa-b414-b0a81b8cfbe6___RS_HL 7405.JPG,Apple___healthy,T4,2026-08-01T21:00:00,camera_manual
c1fb257d-b00b-4a71-baad-92a73af09f52___RS_HL 5745.JPG,Apple___healthy,T1,2026-08-02T18:00:00,drone
c21cf428-bfc3-4710-b5d2-69d1c0e94748___RS_HL 6268.JPG,Apple___healthy,T1,2026-08-02T06:00:00,drone
c2498e7d-1a61-467a-9de9-800bab0e69bb___RS_HL 7395.JPG,Apple___healthy,T1,2026-08-02T10:00:00,drone
c25d42b9-915a-442d-bdae-d1405e76b8a8___RS_HL 6179.JPG,Apple___healthy,T3,2026-08-01T16:00:00,drone
c2a0c51e-b57c-459f-8ce0-34f0816323db___RS_HL 7754.JPG,Apple___healthy,T2,2026-08-02T07:00:00,camera_manual
c2aa2c88-d07b-4df4-80c7-1ba703254844___RS_HL 5727.JPG,Apple___healthy,T3,2026-08-02T04:00:00,drone
c2bb2f86-2dc0-46cb-b6af-6fcfde123bec___RS_HL 7762.JPG,Apple___healthy,T3,2026-08-02T12:00:00,drone
c337df55-148e-41c6-8739-e7c87ec1b32e___RS_HL 6276.JPG,Apple___healthy,T3,2026-08-02T00:00:00,drone
c338ab5c-055e-4159-949f-9797c7314963___RS_HL 5989.JPG,Apple___healthy,T3,2026-08-02T12:00:00,drone
c35175e9-8421-4af6-a6dd-fc8163d7ba73___RS_HL 7876.JPG,Apple___healthy,T4,2026-08-02T21:00:00,camera_manual
c36cccf8-e56e-49ea-ba5e-b44cb9e04ebd___RS_HL 6062.JPG,Apple___healthy,T1,2026-08-02T02:00:00,drone
c3740e2e-9676-4468-a33b-3e11de158532___RS_HL 5872.JPG,Apple___healthy,T1,2026-08-02T10:00:00,drone
c3d84f64-28b0-4ea7-a45a-ea564a9b801e___RS_HL 5648.JPG,Apple___healthy,T4,2026-08-02T05:00:00,camera_manual
c3dfce5d-2232-4b97-8821-6f5c32553fb7___RS_HL 8149.JPG,Apple___healthy,T4,2026-08-01T09:00:00,camera_manual
c419612e-2fa8-4d25-96c5-0bf68b3c7205___RS_HL 7720.JPG,Apple___healthy,T3,2026-08-01T08:00:00,drone
c475ca60-0635-4bd9-8d2f-d3e7003304c0___RS_HL 5814.JPG,Apple___healthy,T1,2026-08-02T18:00:00,drone
c4fcb18d-d501-43da-a069-85bb58831714___RS_HL 5840.JPG,Apple___healthy,T1,2026-08-02T14:00:00,drone
c53b358c-9cf4-4388-9743-7c3447715424___RS_HL 7880.JPG,Apple___healthy,T3,2026-08-02T04:00:00,drone
c53e1b93-f910-412e-b902-19f1693ea08d___RS_HL 5962.JPG,Apple___healthy,T3,2026-08-02T20:00:00,drone
c5415525-b654-4f0d-8aaf-c529db6c630f___RS_HL 8115.JPG,Apple___healthy,T2,2026-08-01T15:00:00,camera_manual
c57694cb-8849-405f-9a84-bf0158c53c95___RS_HL 7241.JPG,Apple___healthy,T1,2026-08-01T22:00:00,drone
c58cad9c-4529-4be6-8c40-d0f10701fe14___RS_HL 5744.JPG,Apple___healthy,T2,2026-08-01T19:00:00,camera_manual
c5a79e4d-e008-452d-b71d-503ef9077903___RS_HL 8027.JPG,Apple___healthy,T3,2026-08-02T04:00:00,drone
c5a85d3c-72bf-4768-9e3c-d6ba6da6e82e___RS_HL 6295.JPG,Apple___healthy,T4,2026-08-01T13:00:00,camera_manual
c5bcd10f-39aa-47ce-a4e2-1f225bc60912___RS_HL 8037.JPG,Apple___healthy,T4,2026-08-02T09:00:00,camera_manual
c5f61d94-be12-4995-99e0-551384b7df17___RS_HL 7860.JPG,Apple___healthy,T2,2026-08-02T15:00:00,camera_manual
c6086c14-d6e9-4c87-8bfe-1275b959bcf7___RS_HL 7369.JPG,Apple___healthy,T1,2026-08-01T18:00:00,drone
c69944f6-08da-4638-8ff6-7e97b5878b57___RS_HL 5816.JPG,Apple___healthy,T3,2026-08-02T12:00:00,drone
c69a5e33-20a9-4f74-922e-c3bc34b1c98e___RS_HL 7921.JPG,Apple___healthy,T1,2026-08-02T02:00:00,drone
c6d3d356-50ed-4d65-8d29-e1b1b9f8f478___RS_HL 7347.JPG,Apple___healthy,T1,2026-08-01T22:00:00,drone
c6d8dca1-8921-4f81-aebe-90a692636b5a___RS_HL 7795.JPG,Apple___healthy,T4,2026-08-02T01:00:00,camera_manual
c6e3b06c-3fb3-4516-b663-dea564d907d8___RS_HL 6309.JPG,Apple___healthy,T2,2026-08-01T15:00:00,camera_manual
c72f2192-e438-4ae6-9b0a-0e9dafbf9a3e___RS_HL 7324.JPG,Apple___healthy,T1,2026-08-01T14:00:00,drone
c73cded7-83a5-4c2f-8f38-0b225165822c___RS_HL 5826.JPG,Apple___healthy,T3,2026-08-01T12:00:00,drone
c7ede8ae-237e-4228-b635-96d3b6a0bebe___RS_HL 7986.JPG,Apple___healthy,T3,2026-08-01T08:00:00,drone
c81e4d98-e76b-48cf-b03a-2ad382d19842___RS_HL 7807.JPG,Apple___healthy,T1,2026-08-01T10:00:00,drone
c81fa31b-23b0-4e58-bb69-36a45cb7898a___RS_HL 6093.JPG,Apple___healthy,T2,2026-08-02T07:00:00,camera_manual
c854044d-2c8f-4c16-9601-7183b71e25cc___RS_HL 8047.JPG,Apple___healthy,T1,2026-08-02T14:00:00,drone
c866af3f-3279-42b7-8e3d-f4f1a84f733b___RS_HL 5883.JPG,Apple___healthy,T4,2026-08-02T17:00:00,camera_manual
c86f1476-4e5c-4dbd-923d-a575bd03cd18___RS_HL 6210.JPG,Apple___healthy,T1,2026-08-01T06:00:00,drone
c87060be-7d4e-4cb2-b688-fe5378438d16___RS_HL 7473.JPG,Apple___healthy,T2,2026-08-02T15:00:00,camera_manual
c870969d-cf55-467f-85fe-f9752cb76ec6___RS_HL 6323.JPG,Apple___healthy,T2,2026-08-01T11:00:00,camera_manual
c89af5ca-be92-4d72-af08-56598771c4c3___RS_HL 5695.JPG,Apple___healthy,T3,2026-08-01T12:00:00,drone
c8f83443-9ab6-483b-99e2-d90760e32ea3___RS_HL 7535.JPG,Apple___healthy,T2,2026-08-02T07:00:00,camera_manual
c8fe407d-1806-41a1-9fee-0c7d2c538fba___RS_HL 6166.JPG,Apple___healthy,T2,2026-08-01T11:00:00,camera_manual
c928c4dd-fae7-4650-88e3-8b8cd738243e___RS_HL 7579.JPG,Apple___healthy,T1,2026-08-02T06:00:00,drone
c933494d-e4a3-497e-8518-c239d4f49f96___RS_HL 7423.JPG,Apple___healthy,T3,2026-08-02T12:00:00,drone
c936479f-544d-482a-a3d2-19b8bf69bf8d___RS_HL 7898.JPG,Apple___healthy,T1,2026-08-02T02:00:00,drone
c93d7101-89bf-48d9-bcb2-3957da7131ff___RS_HL 8035.JPG,Apple___healthy,T3,2026-08-01T20:00:00,drone
c95a27db-a513-4f92-b74f-cc4db60999a3___RS_HL 7599.JPG,Apple___healthy,T3,2026-08-02T04:00:00,drone
c95d4ca9-d33d-4cd6-b0da-31f327e8a5d6___RS_HL 7911.JPG,Apple___healthy,T4,2026-08-01T21:00:00,camera_manual
c96313e1-59f4-4c05-ba19-a03a613b7d6c___RS_HL 5707.JPG,Apple___healthy,T1,2026-08-02T14:00:00,drone
c9783552-aa6d-4288-ab36-a30887253bdd___RS_HL 7547.JPG,Apple___healthy,T4,2026-08-02T13:00:00,camera_manual
c9b9e157-bef7-41c8-be22-80933635137f___RS_HL 7922.JPG,Apple___healthy,T1,2026-08-01T22:00:00,drone
c9e911e2-cba6-4a08-b2a5-1c0e1bca68da___RS_HL 5821.JPG,Apple___healthy,T1,2026-08-02T14:00:00,drone
c9ea6277-0581-43dd-91d6-3fddfdf447be___RS_HL 7412.JPG,Apple___healthy,T4,2026-08-01T09:00:00,camera_manual
c9ecb848-37bb-4076-9f57-c1bbe22dbec2___RS_HL 7288.JPG,Apple___healthy,T1,2026-08-01T06:00:00,drone
c9fff3f0-930b-41e7-889d-8e60e0b720cd___RS_HL 7781.JPG,Apple___healthy,T2,2026-08-01T23:00:00,camera_manual
ca145350-137b-48ed-bbb4-0716f0f00448___RS_HL 7597.JPG,Apple___healthy,T1,2026-08-02T02:00:00,drone
ca1cb6e7-c72f-4c06-b7c8-b370b48a74c6___RS_HL 5691.JPG,Apple___healthy,T4,2026-08-01T17:00:00,camera_manual
ca4458ac-56ef-41f3-b7a9-6084846069fd___RS_HL 6072.JPG,Apple___healthy,T2,2026-08-01T19:00:00,camera_manual
ca66c694-e8cb-47df-84af-b4c46de1fd3e___RS_HL 7862.JPG,Apple___healthy,T1,2026-08-01T14:00:00,drone
cb237ceb-a536-4864-a5df-34aafa90dc5e___RS_HL 7871.JPG,Apple___healthy,T2,2026-08-02T11:00:00,camera_manual
cb2820ba-baab-455a-8830-df6f53bbb580___RS_HL 6097.JPG,Apple___healthy,T4,2026-08-02T13:00:00,camera_manual
cb32fb76-f899-4c50-8599-2d9551ff036d___RS_HL 6084.JPG,Apple___healthy,T1,2026-08-01T10:00:00,drone
cb368d24-b5a9-4056-8515-096c649d4007___RS_HL 7752.JPG,Apple___healthy,T3,2026-08-02T04:00:00,drone
cb6dbf98-5036-45b9-ab80-45b22ddbac00___RS_HL 6296.JPG,Apple___healthy,T1,2026-08-02T02:00:00,drone
cbc30a63-6c05-405d-b735-0a8eee10192d___RS_HL 5983.JPG,Apple___healthy,T2,2026-08-01T07:00:00,camera_manual
cbd14a0d-dbbd-42b7-a28e-4ad56133b425___RS_HL 7491.JPG,Apple___healthy,T3,2026-08-02T16:00:00,drone
cc2bdee9-6965-4a72-9e00-b5cf39074c88___RS_HL 8114.JPG,Apple___healthy,T4,2026-08-02T05:00:00,camera_manual
cc804c2c-87af-4c9f-b347-344701081271___RS_HL 7275.JPG,Apple___healthy,T4,2026-08-02T21:00:00,camera_manual
cc97a80b-968e-46ba-a7ad-afd3d0ffb21f___RS_HL 6048.JPG,Apple___healthy,T3,2026-08-02T12:00:00,drone
ccf86248-4dee-4fa3-8192-fc145a227ff1___RS_HL 8097.JPG,Apple___healthy,T2,2026-08-01T07:00:00,camera_manual
cd18fd71-59d6-4d48-8c52-d31ff68f1fe2___RS_HL 5716.JPG,Apple___healthy,T3,2026-08-02T20:00:00,drone
cd2bbe2b-8b63-44ea-a259-59d15dcf545d___RS_HL 8126.JPG,Apple___healthy,T1,2026-08-01T10:00:00,drone
cd320898-881e-4546-86fe-dd8676a88db8___RS_HL 7516.JPG,Apple___healthy,T3,2026-08-01T08:00:00,drone
cd39b453-a3bf-4c8c-9a17-98d8a9cde2a0___RS_HL 5775.JPG,Apple___healthy,T2,2026-08-02T15:00:00,camera_manual
cdd69da3-ed98-4c7f-9ee9-f0673820a56a___RS_HL 7631.JPG,Apple___healthy,T4,2026-08-01T09:00:00,camera_manual
ce2974ce-80a1-4edc-ab11-901f22a0c009___RS_HL 7700.JPG,Apple___healthy,T4,2026-08-02T13:00:00,camera_manual
ce2f655a-64d9-44ed-a67c-7e23db612a35___RS_HL 7915.JPG,Apple___healthy,T3,2026-08-01T16:00:00,drone
ce57ae51-2e2e-4e60-bbc8-033b7b0584d0___RS_HL 6005.JPG,Apple___healthy,T3,2026-08-02T12:00:00,drone
ce955079-4dde-4b96-9240-5348dbb3c774___RS_HL 7760.JPG,Apple___healthy,T3,2026-08-01T12:00:00,drone
ce9a3738-55ea-4974-8539-922ed4f864b8___RS_HL 6175.JPG,Apple___healthy,T1,2026-08-02T18:00:00,drone
ced1918e-3327-45c8-8107-c93dd2586380___RS_HL 5970.JPG,Apple___healthy,T3,2026-08-02T20:00:00,drone
ced4e27a-5eff-4190-a33a-cdc3d84c811e___RS_HL 6270.JPG,Apple___healthy,T4,2026-08-02T13:00:00,camera_manual
ceead707-a3f7-4ac7-801e-113399dcf68a___RS_HL 7254.JPG,Apple___healthy,T3,2026-08-01T20:00:00,drone
cf3df371-fa11-469e-8ab9-7bbeb7435920___RS_HL 6080.JPG,Apple___healthy,T1,2026-08-01T14:00:00,drone
cfb93659-94c6-4ff3-8104-bae70c975bde___RS_HL 5666.JPG,Apple___healthy,T3,2026-08-01T12:00:00,drone
cfde002c-0d87-4ccd-ab55-f14b47941e34___RS_HL 7424.JPG,Apple___healthy,T1,2026-08-02T14:00:00,drone
d05d3b29-86dc-411c-a7c2-ca2f9a784e02___RS_HL 8138.JPG,Apple___healthy,T1,2026-08-02T02:00:00,drone
d06d7e4c-e0d4-4f03-8f9d-004405a19f2b___RS_HL 5986.JPG,Apple___healthy,T2,2026-08-01T23:00:00,camera_manual
d092beaf-5cb5-400a-a3b7-b8bcd501af2b___RS_HL 8076.JPG,Apple___healthy,T1,2026-08-01T10:00:00,drone
d0a8e454-67d0-4ddd-b331-c0425f46b5e0___RS_HL 7274.JPG,Apple___healthy,T1,2026-08-02T14:00:00,drone
d103c4fb-790f-4178-8208-dd191b375600___RS_HL 5645.JPG,Apple___healthy,T1,2026-08-02T02:00:00,drone
d137e403-df20-4a3e-8b30-ab3357870c6f___RS_HL 8048.JPG,Apple___healthy,T4,2026-08-01T21:00:00,camera_manual
d15fe9d3-0631-4482-a482-68d9169f1970___RS_HL 7894.JPG,Apple___healthy,T1,2026-08-01T14:00:00,drone
d163d7d1-4557-443d-8584-dab6934f858f___RS_HL 7545.JPG,Apple___healthy,T1,2026-08-02T02:00:00,drone
d1660af9-58e5-458f-b125-4940f06711c0___RS_HL 7522.JPG,Apple___healthy,T3,2026-08-02T20:00:00,drone
d182b332-f33a-4ea1-aa3c-51ef7f01efd5___RS_HL 6137.JPG,Apple___healthy,T4,2026-08-02T01:00:00,camera_manual
d1b50c46-7da6-4940-89e2-800d8c56c228___RS_HL 7594.JPG,Apple___healthy,T1,2026-08-02T14:00:00,drone
d1dd75fa-e0f8-4942-b530-5f6371ac9bc8___RS_HL 7427.JPG,Apple___healthy,T1,2026-08-01T14:00:00,drone
d215e01d-93aa-41cc-9212-614c93151cca___RS_HL 8068.JPG,Apple___healthy,T2,2026-08-02T11:00:00,camera_manual
d22b7ff6-c7a8-4c8a-b398-918ea6009893___RS_HL 7604.JPG,Apple___healthy,T4,2026-08-02T01:00:00,camera_manual
d25674da-5147-4d9d-9041-5b1e97afbdc5___RS_HL 7492.JPG,Apple___healthy,T2,2026-08-02T11:00:00,camera_manual
d27854b1-51af-4804-a928-9305d63f2db1___RS_HL 6181.JPG,Apple___healthy,T4,2026-08-01T21:00:00,camera_manual
d29e5681-1f95-4efa-9196-9ecd45538d87___RS_HL 7328.JPG,Apple___healthy,T3,2026-08-02T12:00:00,drone
d2ccc66e-eedd-4a68-8b8b-d4b8018f6a56___RS_HL 5792.JPG,Apple___healthy,T4,2026-08-02T01:00:00,camera_manual
d2ec850e-20f3-40dc-917a-641424016b92___RS_HL 6217.JPG,Apple___healthy,T4,2026-08-01T13:00:00,camera_manual
d2efd9dd-384c-4ad9-8b41-9780b0ed0c72___RS_HL 5703.JPG,Apple___healthy,T1,2026-08-01T10:00:00,drone
d2fc2f4e-9094-4e38-bc7a-f40c5c059280___RS_HL 8170.JPG,Apple___healthy,T1,2026-08-02T18:00:00,drone
d2fe5d37-e8e1-42b2-a24b-875fb2527675___RS_HL 7947.JPG,Apple___healthy,T4,2026-08-02T21:00:00,camera_manual
d321145e-6ab0-4ad2-8109-f34ee4389149___RS_HL 7848.JPG,Apple___healthy,T1,2026-08-01T14:00:00,drone
d345baff-7be6-45a6-802a-b945b95b5885___RS_HL 5956.JPG,Apple___healthy,T1,2026-08-01T06:00:00,drone
d3524c88-0d60-43e0-a181-3ecc0facd54a___RS_HL 8181.JPG,Apple___healthy,T4,2026-08-02T17:00:00,camera_manual
d3543a4b-c5df-44f9-99e2-199e814e61cc___RS_HL 7805.JPG,Apple___healthy,T1,2026-08-02T06:00:00,drone
d3647b4c-45d8-4366-8e93-baf1310072ba___RS_HL 6248.JPG,Apple___healthy,T1,2026-08-02T06:00:00,drone
d3780b4b-4bf7-484a-ab4a-2c2f0894f930___RS_HL 7681.JPG,Apple___healthy,T2,2026-08-01T19:00:00,camera_manual
d39e5813-55e2-40e1-a305-5d549efa46f4___RS_HL 8112.JPG,Apple___healthy,T3,2026-08-02T08:00:00,drone
d3b63202-6e22-4d60-b4d0-31c54ffd2762___RS_HL 5675.JPG,Apple___healthy,T1,2026-08-01T10:00:00,drone
d3db83a2-69b7-4de2-b868-fc3f04a0bf85___RS_HL 7481.JPG,Apple___healthy,T4,2026-08-01T21:00:00,camera_manual
d3f4f38e-212e-451f-9a8f-26a6ea5e3877___RS_HL 5924.JPG,Apple___healthy,T3,2026-08-01T16:00:00,drone
d4008303-6d94-458e-b0f4-61044cc427ae___RS_HL 7709.JPG,Apple___healthy,T3,2026-08-02T00:00:00,drone
d40c491e-7efa-4e8e-865a-fc2e5a240a66___RS_HL 8148.JPG,Apple___healthy,T2,2026-08-02T07:00:00,camera_manual
d43caafc-79b9-43fb-ad92-d72d56a98494___RS_HL 7398.JPG,Apple___healthy,T2,2026-08-02T15:00:00,camera_manual
d44b9a3e-7cec-4e55-af4b-0df481af3f79___RS_HL 7831.JPG,Apple___healthy,T1,2026-08-01T18:00:00,drone
d454a4da-a867-45f8-962e-465946df58c9___RS_HL 5876.JPG,Apple___healthy,T4,2026-08-01T21:00:00,camera_manual
d45d99cd-6834-4e22-9a4d-f58ef0806ed0___RS_HL 7562.JPG,Apple___healthy,T4,2026-08-02T21:00:00,camera_manual
d496c802-e976-49b5-af09-b698fcf991f7___RS_HL 7429.JPG,Apple___healthy,T4,2026-08-02T21:00:00,camera_manual
d4ddb36a-e4cf-41be-b3f6-16c584e62b9a___RS_HL 7994.JPG,Apple___healthy,T3,2026-08-02T20:00:00,drone
d509b6e5-a4b7-49c8-ac55-c06c8dab3005___RS_HL 7626.JPG,Apple___healthy,T4,2026-08-02T13:00:00,camera_manual
d529f5df-f802-4cfe-9a4c-4739ba5dfbdf___RS_HL 7875.JPG,Apple___healthy,T4,2026-08-02T17:00:00,camera_manual
d54ab4d3-cd8b-4485-81b5-a38273f5fe1f___RS_HL 6076.JPG,Apple___healthy,T1,2026-08-01T22:00:00,drone
d5551b0d-594f-48c7-b689-c409145bf6cf___RS_HL 6325.JPG,Apple___healthy,T4,2026-08-01T17:00:00,camera_manual
d5578393-868f-49fa-8fff-4f0484b4507e___RS_HL 5995.JPG,Apple___healthy,T2,2026-08-01T15:00:00,camera_manual
d56f2b29-74ed-4997-a16c-f3416fe36c04___RS_HL 7988.JPG,Apple___healthy,T4,2026-08-02T05:00:00,camera_manual
d57beb14-b60a-431f-8a41-17a342cba57a___RS_HL 5737.JPG,Apple___healthy,T3,2026-08-01T08:00:00,drone
d57f5f33-d8e9-4c40-80ad-c2875743f781___RS_HL 5726.JPG,Apple___healthy,T1,2026-08-01T22:00:00,drone
d5c866b2-7eb2-421a-a42a-906308cbffb2___RS_HL 6116.JPG,Apple___healthy,T2,2026-08-01T19:00:00,camera_manual
d5f63752-d817-4b29-a773-f0e87544d61f___RS_HL 7247.JPG,Apple___healthy,T1,2026-08-02T14:00:00,drone
d5fc35d2-b7d0-4ff7-9f96-5d3055ef6dde___RS_HL 8150.JPG,Apple___healthy,T1,2026-08-02T14:00:00,drone
d6035c7f-f163-4c6b-ba51-d61d10ca1fed___RS_HL 8109.JPG,Apple___healthy,T1,2026-08-02T10:00:00,drone
d61c652b-5e6d-4994-aa4c-bbde26ca0de8___RS_HL 6002.JPG,Apple___healthy,T3,2026-08-01T12:00:00,drone
d6318793-dacc-4b58-bb19-043324042180___RS_HL 7246.JPG,Apple___healthy,T3,2026-08-02T12:00:00,drone
d64e56f8-7015-423b-9926-5fcf3b4370f5___RS_HL 7735.JPG,Apple___healthy,T1,2026-08-02T10:00:00,drone
d6590bcb-cb7e-47c9-beb0-80785efb4046___RS_HL 6234.JPG,Apple___healthy,T3,2026-08-02T16:00:00,drone
d6a24569-4143-4445-9b3f-77c889df9cd8___RS_HL 6288.JPG,Apple___healthy,T2,2026-08-01T23:00:00,camera_manual
d6aa67d8-1597-4c78-ae39-a6dcad5de6b2___RS_HL 6188.JPG,Apple___healthy,T1,2026-08-02T14:00:00,drone
d6b55200-ce53-474b-be71-94b24991fa65___RS_HL 5743.JPG,Apple___healthy,T4,2026-08-01T09:00:00,camera_manual
d6daf7ae-43ab-4a27-a881-8b716d6c55a1___RS_HL 5845.JPG,Apple___healthy,T3,2026-08-01T08:00:00,drone
d6dd2845-b0ca-4a51-8d0f-db77c8f06e73___RS_HL 5748.JPG,Apple___healthy,T3,2026-08-02T00:00:00,drone
d7308460-64d2-4e9e-aa0d-5b4f62d378ef___RS_HL 5802.JPG,Apple___healthy,T3,2026-08-01T08:00:00,drone
d74bd0ad-5a61-48ed-a5b6-9e0bf5f3911d___RS_HL 7906.JPG,Apple___healthy,T4,2026-08-01T13:00:00,camera_manual
d76e79e5-2cd5-4a03-9354-5759b2741210___RS_HL 7980.JPG,Apple___healthy,T4,2026-08-02T09:00:00,camera_manual
d7cc096f-4900-44b4-a85e-216386a73773___RS_HL 5774.JPG,Apple___healthy,T3,2026-08-01T20:00:00,drone
d7e31783-62dc-472c-a380-f7cc82207f48___RS_HL 7748.JPG,Apple___healthy,T2,2026-08-02T07:00:00,camera_manual
d7e45523-ed79-4f45-ac59-92c7234682b6___RS_HL 7510.JPG,Apple___healthy,T1,2026-08-02T10:00:00,drone
d80a4d8f-c6a6-41e9-92d0-ba21894f8c64___RS_HL 5794.JPG,Apple___healthy,T3,2026-08-02T00:00:00,drone
d80c1667-5e83-4405-9759-a9521eff44ad___RS_HL 5699.JPG,Apple___healthy,T4,2026-08-02T21:00:00,camera_manual
d81744f3-b4a1-4343-b956-7975fe630b83___RS_HL 7343.JPG,Apple___healthy,T3,2026-08-02T04:00:00,drone
d8182f26-41c1-47b0-96e2-e55236736738___RS_HL 6078.JPG,Apple___healthy,T4,2026-08-02T13:00:00,camera_manual
d82119e5-4ee9-4523-9e08-e827d2df02cb___RS_HL 7355.JPG,Apple___healthy,T3,2026-08-01T08:00:00,drone
d826b07d-a57b-4331-a451-8bb1ea264861___RS_HL 7537.JPG,Apple___healthy,T1,2026-08-02T10:00:00,drone
d830e2b3-a724-448b-978b-2529bcdb35bf___RS_HL 6087.JPG,Apple___healthy,T3,2026-08-02T12:00:00,drone
d8328d5d-be0d-4de4-8f9d-6cf4b2dcc531___RS_HL 5665.JPG,Apple___healthy,T2,2026-08-02T19:00:00,camera_manual
d87f5af4-6d78-40a7-838c-c5016a07a111___RS_HL 5676.JPG,Apple___healthy,T2,2026-08-01T19:00:00,camera_manual
d88aa4e9-2d7d-4bd6-9a1d-e2f5a77507ff___RS_HL 7673.JPG,Apple___healthy,T4,2026-08-02T05:00:00,camera_manual
d89ecf86-b89a-4be1-9ac9-017d54734563___RS_HL 7402.JPG,Apple___healthy,T1,2026-08-01T14:00:00,drone
d8bd2900-b811-43a1-9ed7-05aa5f3f2649___RS_HL 7794.JPG,Apple___healthy,T3,2026-08-01T12:00:00,drone
d8da7e4d-9520-4a25-8f29-4ff677e7c214___RS_HL 7763.JPG,Apple___healthy,T3,2026-08-02T20:00:00,drone
d91b6c09-9022-4860-98fb-643c0ec85fe3___RS_HL 7965.JPG,Apple___healthy,T3,2026-08-02T16:00:00,drone
d91d546a-0d07-4c6c-b1b6-1686371c0062___RS_HL 8121.JPG,Apple___healthy,T2,2026-08-02T03:00:00,camera_manual
d93353b1-0471-4372-8c80-cc8dbd069d46___RS_HL 7592.JPG,Apple___healthy,T2,2026-08-02T19:00:00,camera_manual
d96d3f24-2fb9-4650-8cd4-c58e1a42f18f___RS_HL 8176.JPG,Apple___healthy,T3,2026-08-02T12:00:00,drone
d990e148-621b-4e71-8a8c-9b71c15f7faf___RS_HL 8004.JPG,Apple___healthy,T4,2026-08-01T17:00:00,camera_manual
d9983cb7-98ea-4dff-b283-faa1d93faa36___RS_HL 7749.JPG,Apple___healthy,T2,2026-08-01T23:00:00,camera_manual
d99bef24-fac5-4739-8e4e-02465dba4fa8___RS_HL 5686.JPG,Apple___healthy,T3,2026-08-01T20:00:00,drone
d9cf36cf-9ce1-4846-927e-17287008563e___RS_HL 7335.JPG,Apple___healthy,T2,2026-08-01T15:00:00,camera_manual
d9de1954-e451-48e5-ad8b-5aeca90fe7ea___RS_HL 6034.JPG,Apple___healthy,T3,2026-08-02T04:00:00,drone
d9e69ce7-c65b-4c96-85ad-04fcb1698d55___RS_HL 8020.JPG,Apple___healthy,T4,2026-08-02T09:00:00,camera_manual
da3ef282-bae6-465c-9ffb-a393c4c38f1d___RS_HL 7528.JPG,Apple___healthy,T3,2026-08-01T12:00:00,drone
da4815d7-03f0-44f0-bc35-8d28c578cbc2___RS_HL 5990.JPG,Apple___healthy,T2,2026-08-01T07:00:00,camera_manual
da781038-1b3d-4934-8927-9477efa7d5ec___RS_HL 5815.JPG,Apple___healthy,T1,2026-08-02T10:00:00,drone
da91e28c-3e10-406c-be5c-d10afd8e183d___RS_HL 6041.JPG,Apple___healthy,T2,2026-08-02T11:00:00,camera_manual
dab1c693-aed0-4a33-ab47-66948821a615___RS_HL 7706.JPG,Apple___healthy,T3,2026-08-02T16:00:00,drone
dab82d8b-05d6-4f3c-8ab7-666b6cc46d72___RS_HL 7874.JPG,Apple___healthy,T2,2026-08-01T15:00:00,camera_manual
daf045c7-3756-4753-922e-8f36a84a3422___RS_HL 5719.JPG,Apple___healthy,T4,2026-08-01T09:00:00,camera_manual
db172d76-ff08-4bd5-bd0b-6231f432434a___RS_HL 5725.JPG,Apple___healthy,T1,2026-08-01T06:00:00,drone
db1d4348-8db7-420a-b2b4-ac86393f349e___RS_HL 8199.JPG,Apple___healthy,T3,2026-08-02T08:00:00,drone
db44d33e-8ef6-449f-9c92-211b4f7412ce___RS_HL 5783.JPG,Apple___healthy,T4,2026-08-02T05:00:00,camera_manual
db85b64d-0f2a-41ad-9ac2-f912283d8e4b___RS_HL 7863.JPG,Apple___healthy,T4,2026-08-02T21:00:00,camera_manual
dbe7017a-b866-4c93-8ee5-8b2526929328___RS_HL 7992.JPG,Apple___healthy,T2,2026-08-01T23:00:00,camera_manual
dbe783c1-f25b-4c7b-9151-4f4abab0ec31___RS_HL 5701.JPG,Apple___healthy,T4,2026-08-01T09:00:00,camera_manual
dbe91ac0-dcec-40f0-8be3-be2cafd83d5a___RS_HL 7384.JPG,Apple___healthy,T1,2026-08-02T06:00:00,drone
dbea92a9-9473-4cb1-b181-341789de0681___RS_HL 5708.JPG,Apple___healthy,T3,2026-08-01T12:00:00,drone
dc18b924-f172-445d-8fed-61445d437aaa___RS_HL 6270.JPG,Apple___healthy,T2,2026-08-01T11:00:00,camera_manual
dc3fca98-91d0-4c97-aaa1-cdd1ad618b38___RS_HL 6290.JPG,Apple___healthy,T4,2026-08-02T21:00:00,camera_manual
dc456961-360a-419b-abb7-b3de3963742a___RS_HL 6055.JPG,Apple___healthy,T2,2026-08-01T15:00:00,camera_manual
dcaa9b5c-3581-421e-b3ee-b52097931cd6___RS_HL 7404.JPG,Apple___healthy,T1,2026-08-01T22:00:00,drone
dd296b3c-b97a-4af0-b9f2-3085b1e8b35a___RS_HL 7503.JPG,Apple___healthy,T4,2026-08-01T17:00:00,camera_manual
dd2b6b6b-2278-4f52-8009-2d57037ab3f2___RS_HL 5670.JPG,Apple___healthy,T4,2026-08-02T01:00:00,camera_manual
dd4efe08-e387-42e2-9c4c-61b35b09bd0d___RS_HL 8136.JPG,Apple___healthy,T3,2026-08-02T20:00:00,drone
ddbedf65-df68-476a-b6d5-c2b72d5e9b0b___RS_HL 5753.JPG,Apple___healthy,T3,2026-08-02T20:00:00,drone
ddbfa011-a5f6-449d-a327-b169fb547136___RS_HL 6306.JPG,Apple___healthy,T1,2026-08-02T18:00:00,drone
ddca8aa6-4338-40ea-bf8b-004a53547144___RS_HL 6052.JPG,Apple___healthy,T2,2026-08-02T15:00:00,camera_manual
ddcb6c1e-1512-4f0f-95c0-8c99dbdba7e0___RS_HL 7801.JPG,Apple___healthy,T1,2026-08-02T10:00:00,drone
de10e57b-5529-437c-8d64-15821f05c574___RS_HL 8094.JPG,Apple___healthy,T2,2026-08-02T15:00:00,camera_manual
de1cec8e-3880-4410-9fdb-99e79ce2dcbe___RS_HL 7819.JPG,Apple___healthy,T4,2026-08-02T21:00:00,camera_manual
de864ffe-aea2-4c80-bd60-adfc8787be7f___RS_HL 5985.JPG,Apple___healthy,T4,2026-08-02T17:00:00,camera_manual
de9e2aa0-cc3c-4771-bf19-15ac01a4cd25___RS_HL 5819.JPG,Apple___healthy,T3,2026-08-02T20:00:00,drone
deaf8b47-7a21-4cd2-97a6-8dc1fc644d00___RS_HL 5812.JPG,Apple___healthy,T2,2026-08-01T15:00:00,camera_manual
decde1a5-7bb9-4f9c-ae10-99b8edcb24fd___RS_HL 7375.JPG,Apple___healthy,T3,2026-08-01T08:00:00,drone
deec00ab-1c30-441b-b6c0-9dd0dec827f4___RS_HL 6327.JPG,Apple___healthy,T1,2026-08-01T10:00:00,drone
def9ef11-75da-4f8f-8334-c6c54a31d3d6___RS_HL 5936.JPG,Apple___healthy,T3,2026-08-02T08:00:00,drone
df61d058-fa1e-4636-97e8-3e1d567fddd9___RS_HL 6139.JPG,Apple___healthy,T1,2026-08-01T10:00:00,drone
df6bce5a-1d1b-49f6-a9cb-8f262701b335___RS_HL 8164.JPG,Apple___healthy,T3,2026-08-01T12:00:00,drone
dfe47262-125f-4452-ab64-3c445b386061___RS_HL 7349.JPG,Apple___healthy,T1,2026-08-02T02:00:00,drone
dff74209-1167-4878-8236-e0bf62e877dd___RS_HL 7815.JPG,Apple___healthy,T4,2026-08-02T21:00:00,camera_manual
e00be9db-9536-411d-a9f9-415387f2e605___RS_HL 7249.JPG,Apple___healthy,T2,2026-08-01T07:00:00,camera_manual
e00d340c-2088-458e-b41d-b628959397c1___RS_HL 5940.JPG,Apple___healthy,T4,2026-08-01T21:00:00,camera_manual
e0b3b9e7-70ab-4cd5-ba2f-2924568dc837___RS_HL 7774.JPG,Apple___healthy,T2,2026-08-02T11:00:00,camera_manual
e1049a9b-7eb2-423b-9a2f-299d24499732___RS_HL 7344.JPG,Apple___healthy,T3,2026-08-02T20:00:00,drone
e10f9ab3-4775-4947-920a-d272329ae225___RS_HL 7946.JPG,Apple___healthy,T3,2026-08-02T08:00:00,drone
e1571e9e-b373-4d7d-9106-a0b1e4e89bd9___RS_HL 7342.JPG,Apple___healthy,T1,2026-08-01T10:00:00,drone
e162d750-979e-4e0c-b530-5ebde0367453___RS_HL 7345.JPG,Apple___healthy,T2,2026-08-01T23:00:00,camera_manual
e181a90b-4e75-418b-a8d8-98173cd8bd1a___RS_HL 8194.JPG,Apple___healthy,T1,2026-08-01T14:00:00,drone
e1ba14eb-adfc-4b8f-91ec-cb6fa892f501___RS_HL 7633.JPG,Apple___healthy,T2,2026-08-01T07:00:00,camera_manual
e1e675c7-7ec2-44d9-b5c6-9b71151e1447___RS_HL 7466.JPG,Apple___healthy,T2,2026-08-01T19:00:00,camera_manual
e1feed76-9ae7-449b-8c58-aebd806c680b___RS_HL 8034.JPG,Apple___healthy,T2,2026-08-02T15:00:00,camera_manual
e25a6ff6-6872-4e79-ac62-14221935dd6b___RS_HL 5736.JPG,Apple___healthy,T3,2026-08-02T16:00:00,drone
e263a6c7-e289-4d26-ad07-1a11c6854208___RS_HL 8113.JPG,Apple___healthy,T1,2026-08-02T02:00:00,drone
e2799f4e-65ba-4f57-aa7d-9ac6cfa6c300___RS_HL 6265.JPG,Apple___healthy,T3,2026-08-02T00:00:00,drone
e29afa6a-10d2-4d5c-a31c-b06fdf1bbadd___RS_HL 7691.JPG,Apple___healthy,T2,2026-08-02T07:00:00,camera_manual
e2af3daf-392f-4661-baf0-f4d4522a07f9___RS_HL 5652.JPG,Apple___healthy,T1,2026-08-01T22:00:00,drone
e2cce5a6-04a9-436d-8e56-3bf4979b47bc___RS_HL 5886.JPG,Apple___healthy,T1,2026-08-02T06:00:00,drone
e30a5d07-5f6a-459a-a92d-52f86824bd2a___RS_HL 7896.JPG,Apple___healthy,T3,2026-08-02T08:00:00,drone
e30f75c3-08c7-47fa-ae3c-7e1e3e782583___RS_HL 6247.JPG,Apple___healthy,T4,2026-08-02T09:00:00,camera_manual
e323a987-eb04-44a2-aaa0-0d85518bb3dd___RS_HL 7668.JPG,Apple___healthy,T2,2026-08-01T11:00:00,camera_manual
e34850c1-041f-4674-ba19-b3c48956e986___RS_HL 6184.JPG,Apple___healthy,T4,2026-08-01T21:00:00,camera_manual
e35729f0-09b8-4cd4-a04c-30c9b49095c5___RS_HL 6068.JPG,Apple___healthy,T3,2026-08-02T16:00:00,drone
e366d6d6-7a22-4182-bf81-a573831404a2___RS_HL 6165.JPG,Apple___healthy,T3,2026-08-01T16:00:00,drone
e3a3c4f3-12b0-49f2-a14c-c73cdc542e74___RS_HL 7773.JPG,Apple___healthy,T2,2026-08-01T23:00:00,camera_manual
e3aa227f-1e49-4a2a-8e10-6a1c5c985214___RS_HL 6057.JPG,Apple___healthy,T3,2026-08-02T16:00:00,drone
e3bbf9e4-4af5-4137-b996-440c5de827dd___RS_HL 5780.JPG,Apple___healthy,T1,2026-08-02T02:00:00,drone
e439a002-e035-401e-a1aa-77f99fbd65ad___RS_HL 5880.JPG,Apple___healthy,T3,2026-08-01T20:00:00,drone
e4bca84a-8bf3-477f-8c67-208f7484b0af___RS_HL 7287.JPG,Apple___healthy,T1,2026-08-02T06:00:00,drone
e4c6e085-5cc2-4bbb-a43e-3d839724c31d___RS_HL 8139.JPG,Apple___healthy,T2,2026-08-01T19:00:00,camera_manual
e5e32bed-0c56-49c1-93d8-415115dd9a09___RS_HL 8006.JPG,Apple___healthy,T1,2026-08-02T18:00:00,drone
e60576a0-8d11-4fe9-8efa-5fe763573dc7___RS_HL 7406.JPG,Apple___healthy,T2,2026-08-01T23:00:00,camera_manual
e662b14d-58f7-4347-98b7-ba9cbc1e858f___RS_HL 6024.JPG,Apple___healthy,T4,2026-08-02T01:00:00,camera_manual
e686d3b8-b691-4cc0-a371-8d812c168911___RS_HL 7539.JPG,Apple___healthy,T1,2026-08-02T10:00:00,drone
e6b195c1-8aa7-4853-9885-2a6db55b99aa___RS_HL 7409.JPG,Apple___healthy,T3,2026-08-02T16:00:00,drone
e6e1a82f-890f-4c43-b7cc-e35418a28359___RS_HL 6260.JPG,Apple___healthy,T3,2026-08-02T08:00:00,drone
e6fe30f6-a65f-473c-b266-f9a5cec8f6b4___RS_HL 7559.JPG,Apple___healthy,T2,2026-08-02T11:00:00,camera_manual
e703a7bf-2f28-4577-9463-e67397c1b673___RS_HL 8100.JPG,Apple___healthy,T1,2026-08-01T18:00:00,drone
e706b363-0bc0-4846-9b56-b7ff2f60e112___RS_HL 5952.JPG,Apple___healthy,T1,2026-08-01T14:00:00,drone
e77cdcd7-1279-4cd1-87db-9d80721311b4___RS_HL 6283.JPG,Apple___healthy,T2,2026-08-02T07:00:00,camera_manual
e7de79f6-05b5-4f79-8b00-b6c212bea3cd___RS_HL 7699.JPG,Apple___healthy,T3,2026-08-02T04:00:00,drone
e7ef1fc4-cb01-4be4-98ea-207ec6dfb91a___RS_HL 6316.JPG,Apple___healthy,T1,2026-08-01T18:00:00,drone
e7f0bd90-56b8-4d09-a406-9c4786eaca3a___RS_HL 7738.JPG,Apple___healthy,T1,2026-08-01T06:00:00,drone
e81989f9-3f71-4473-b997-fc0230a2f87e___RS_HL 7568.JPG,Apple___healthy,T1,2026-08-02T06:00:00,drone
e83245d3-f5e6-43f4-9621-899b089f1c08___RS_HL 7586.JPG,Apple___healthy,T4,2026-08-02T21:00:00,camera_manual
e8f01d04-432d-4894-990b-df471a782651___RS_HL 6297.JPG,Apple___healthy,T1,2026-08-02T14:00:00,drone
e99a7776-9700-4845-bec6-b3db896f5562___RS_HL 7732.JPG,Apple___healthy,T1,2026-08-01T14:00:00,drone
e9a9e270-a397-4f0c-a1aa-d064d38379e2___RS_HL 8158.JPG,Apple___healthy,T1,2026-08-02T02:00:00,drone
e9d92a83-92dd-442f-8138-627ead72fcaf___RS_HL 5839.JPG,Apple___healthy,T2,2026-08-01T15:00:00,camera_manual
e9f437d0-a209-461c-b071-5c8c13a2ed6a___RS_HL 6291.JPG,Apple___healthy,T3,2026-08-02T00:00:00,drone
ea45b7c8-f1c2-42c0-bfec-96444c58ddd0___RS_HL 6004.JPG,Apple___healthy,T2,2026-08-01T11:00:00,camera_manual
ea6534d4-60f0-4607-b02b-fbd25fe9a9b4___RS_HL 5681.JPG,Apple___healthy,T4,2026-08-02T17:00:00,camera_manual
eabe5670-2b40-4677-bc58-b30410ddbab0___RS_HL 7605.JPG,Apple___healthy,T4,2026-08-02T13:00:00,camera_manual
eb1b7162-9f7a-4bb7-b3fc-5dcaef541b55___RS_HL 6218.JPG,Apple___healthy,T4,2026-08-02T05:00:00,camera_manual
eb1fe703-b96e-4440-9f6c-d75efcda5be0___RS_HL 7454.JPG,Apple___healthy,T4,2026-08-02T05:00:00,camera_manual
eb8bf5fc-9b26-403e-aa70-a0649a749629___RS_HL 8096.JPG,Apple___healthy,T4,2026-08-01T09:00:00,camera_manual
ebba11b3-2d4b-4580-9c2f-9e59c1047cdc___RS_HL 7305.JPG,Apple___healthy,T3,2026-08-02T04:00:00,drone
ebfb312e-5c9c-40ed-a193-955439232491___RS_HL 7512.JPG,Apple___healthy,T3,2026-08-02T08:00:00,drone
ec1bf8ec-0876-4971-8df1-20f766ac3df2___RS_HL 7666.JPG,Apple___healthy,T3,2026-08-01T20:00:00,drone
ec274680-0ee1-49d4-af42-48c6fe0da457___RS_HL 7306.JPG,Apple___healthy,T2,2026-08-02T03:00:00,camera_manual
ec41f18f-cd53-43db-ac79-954871449e40___RS_HL 7789.JPG,Apple___healthy,T4,2026-08-02T05:00:00,camera_manual
ec5b9329-e53e-4578-ba60-03950b3e4883___RS_HL 7784.JPG,Apple___healthy,T2,2026-08-01T23:00:00,camera_manual
ec9b03af-1ead-4a8f-ac8b-cf68ae3c46bb___RS_HL 7885.JPG,Apple___healthy,T4,2026-08-02T17:00:00,camera_manual
ec9e541f-ebe0-4985-8a34-26f9daf88b5d___RS_HL 5948.JPG,Apple___healthy,T1,2026-08-01T22:00:00,drone
ecfed640-129c-4440-8617-fbe0372c0556___RS_HL 7485.JPG,Apple___healthy,T4,2026-08-01T21:00:00,camera_manual
ed151c2d-14c0-49e0-bab4-48e5d879d9ca___RS_HL 7554.JPG,Apple___healthy,T2,2026-08-02T15:00:00,camera_manual
ed54e461-78ec-4cd1-8926-ff568b3fd29c___RS_HL 7886.JPG,Apple___healthy,T1,2026-08-02T18:00:00,drone
ed921a4f-b7a5-4086-bcab-cbfe7a97d053___RS_HL 7449.JPG,Apple___healthy,T3,2026-08-02T04:00:00,drone
edb48c93-3366-4363-9840-41a96cb86e3a___RS_HL 6066.JPG,Apple___healthy,T3,2026-08-01T20:00:00,drone
ede0990f-ed5b-492b-9ecf-2f57027f2cd1___RS_HL 6319.JPG,Apple___healthy,T1,2026-08-02T10:00:00,drone
edf2aa3e-8736-4931-99dc-4a05252526b6___RS_HL 7710.JPG,Apple___healthy,T3,2026-08-02T12:00:00,drone
ee4eddac-1368-4d79-950f-e9b09e7cbd24___RS_HL 7704.JPG,Apple___healthy,T2,2026-08-02T19:00:00,camera_manual
ee80e1f5-3e45-49a2-9766-ee6ec0981f91___RS_HL 5690.JPG,Apple___healthy,T3,2026-08-02T08:00:00,drone
ee93a9cb-b4e5-4ad6-874b-caff1370f5bd___RS_HL 8142.JPG,Apple___healthy,T2,2026-08-02T07:00:00,camera_manual
eed4b520-3e7c-4a4f-8e7a-26cd9a893a32___RS_HL 5661.JPG,Apple___healthy,T4,2026-08-01T09:00:00,camera_manual
eee67012-27f6-45d5-9365-2561429f046d___RS_HL 8165.JPG,Apple___healthy,T1,2026-08-02T18:00:00,drone
ef16aa29-f7bd-4bad-be8e-4877760a3712___RS_HL 5871.JPG,Apple___healthy,T3,2026-08-02T08:00:00,drone
ef39563c-7897-48be-b7d5-5371b873b110___RS_HL 8024.JPG,Apple___healthy,T2,2026-08-02T11:00:00,camera_manual
efcddd81-0718-4555-ac8f-f417cc6e6280___RS_HL 7912.JPG,Apple___healthy,T4,2026-08-02T09:00:00,camera_manual
eff8a4a7-8aa4-4549-ae15-035f85c15486___RS_HL 7783.JPG,Apple___healthy,T4,2026-08-02T09:00:00,camera_manual
f0033a40-7a27-46e8-bf31-5af5cd0a9691___RS_HL 7941.JPG,Apple___healthy,T1,2026-08-01T22:00:00,drone
f0194580-8ee6-4149-a63d-7935bc29c09e___RS_HL 7761.JPG,Apple___healthy,T1,2026-08-01T06:00:00,drone
f0327e86-a56c-4ed1-bcdb-ed0a46ccd5a9___RS_HL 5926.JPG,Apple___healthy,T1,2026-08-01T14:00:00,drone
f03b4260-bf5c-41be-a4fe-96a5c341e7fc___RS_HL 7262.JPG,Apple___healthy,T2,2026-08-01T07:00:00,camera_manual
f09b090f-bff1-4fc9-87ad-1b9e05373698___RS_HL 6035.JPG,Apple___healthy,T2,2026-08-02T03:00:00,camera_manual
f0cc8fe8-a9ec-42bb-83b7-274f8f5f00f0___RS_HL 7940.JPG,Apple___healthy,T2,2026-08-02T07:00:00,camera_manual
f0fb0e55-8a67-4df0-be6f-90913f64bc28___RS_HL 7352.JPG,Apple___healthy,T1,2026-08-01T10:00:00,drone
f109ab3b-0e85-47e6-9c7b-fe1b7a52a530___RS_HL 7975.JPG,Apple___healthy,T3,2026-08-01T12:00:00,drone
f17a1770-7878-4f53-a432-e93429328836___RS_HL 6090.JPG,Apple___healthy,T4,2026-08-02T01:00:00,camera_manual
f18afd6d-b745-4c09-b615-b1b6200bcd89___RS_HL 7683.JPG,Apple___healthy,T3,2026-08-02T04:00:00,drone
f1953fa5-9c15-40a5-b9cd-43341f14dc4d___RS_HL 6115.JPG,Apple___healthy,T4,2026-08-01T13:00:00,camera_manual
f1d26177-d15c-43ee-80e5-6246edc6556c___RS_HL 7713.JPG,Apple___healthy,T4,2026-08-01T21:00:00,camera_manual
f1ff3bc9-8483-4255-a252-95433e00d5e2___RS_HL 7509.JPG,Apple___healthy,T4,2026-08-02T01:00:00,camera_manual
f205d63f-9621-4509-b6e9-6d0ec7e3a402___RS_HL 7811.JPG,Apple___healthy,T3,2026-08-01T08:00:00,drone
f21adca8-b2d2-4a92-84f6-27a46e0935f8___RS_HL 8093.JPG,Apple___healthy,T2,2026-08-02T03:00:00,camera_manual
f22abe65-38c0-4b02-b837-2ec8acb3803f___RS_HL 7868.JPG,Apple___healthy,T4,2026-08-01T17:00:00,camera_manual
f2314f38-fd6f-4bee-b26e-ad095508beab___RS_HL 6145.JPG,Apple___healthy,T1,2026-08-02T18:00:00,drone
f2904228-2cc6-4c6c-a2b5-6951a6f3535e___RS_HL 6254.JPG,Apple___healthy,T1,2026-08-02T02:00:00,drone
f2cda910-55c7-46d7-b1a2-9a3bb9792148___RS_HL 6274.JPG,Apple___healthy,T1,2026-08-01T18:00:00,drone
f2e3e754-4307-440e-8055-1261b7c5c53f___RS_HL 7724.JPG,Apple___healthy,T4,2026-08-02T09:00:00,camera_manual
f2e86675-cb7b-4d8a-9400-9b844ccc3f9e___RS_HL 7323.JPG,Apple___healthy,T3,2026-08-02T04:00:00,drone
f31086c2-e23e-4ae1-85a4-89eb742271bc___RS_HL 7611.JPG,Apple___healthy,T1,2026-08-01T18:00:00,drone
f3113ef9-20d8-4c82-9bff-66fe60e41065___RS_HL 7790.JPG,Apple___healthy,T3,2026-08-02T04:00:00,drone
f32ff514-bb33-437d-96bb-526b36662981___RS_HL 6121.JPG,Apple___healthy,T1,2026-08-02T18:00:00,drone
f33146e2-5f03-4bb7-ace6-0ebdf535d6e7___RS_HL 6214.JPG,Apple___healthy,T4,2026-08-02T13:00:00,camera_manual
f3676c6a-f226-4bc7-b3d4-c9537de075f4___RS_HL 7963.JPG,Apple___healthy,T4,2026-08-02T21:00:00,camera_manual
f37b30bb-fc44-488b-9184-bd6f73187803___RS_HL 7955.JPG,Apple___healthy,T2,2026-08-02T03:00:00,camera_manual
f38f938c-4c62-49f0-b271-d0616057e84e___RS_HL 7843.JPG,Apple___healthy,T2,2026-08-02T11:00:00,camera_manual
f3c88876-d854-4f94-999c-7fcddb87ced7___RS_HL 8202.JPG,Apple___healthy,T1,2026-08-02T14:00:00,drone
f3f9c00a-94b1-43bf-aa9a-a712f0925aaa___RS_HL 6308.JPG,Apple___healthy,T3,2026-08-02T20:00:00,drone
f43cffa7-756c-40c1-ad67-8924692019a1___RS_HL 6187.JPG,Apple___healthy,T4,2026-08-02T13:00:00,camera_manual
f472e594-6b98-402a-a097-22f46921df9e___RS_HL 7818.JPG,Apple___healthy,T2,2026-08-01T23:00:00,camera_manual
f4a37893-7443-478a-a9af-ba75e1f32767___RS_HL 5653.JPG,Apple___healthy,T4,2026-08-01T13:00:00,camera_manual
f4b6cf56-ec35-43f4-b5e4-eebf509c9580___RS_HL 5946.JPG,Apple___healthy,T1,2026-08-01T14:00:00,drone
f4de145c-b5e6-4503-b04c-abc3820ca7b9___RS_HL 8099.JPG,Apple___healthy,T3,2026-08-02T16:00:00,drone
f52ac76d-ad63-4561-911a-4b5245d4e91a___RS_HL 6133.JPG,Apple___healthy,T1,2026-08-02T18:00:00,drone
f549a038-8cff-43b5-814c-70ecbfc2476a___RS_HL 6044.JPG,Apple___healthy,T3,2026-08-02T04:00:00,drone
f584ed58-5d11-42b2-8d84-0bd0108ed2c9___RS_HL 7426.JPG,Apple___healthy,T4,2026-08-01T13:00:00,camera_manual
f591e5cc-e9fc-4d82-b2cd-09ab19cb4581___RS_HL 7829.JPG,Apple___healthy,T2,2026-08-02T19:00:00,camera_manual
f6424729-cfe4-4f67-bd16-d4c5c84daaa0___RS_HL 6195.JPG,Apple___healthy,T3,2026-08-02T16:00:00,drone
f665c2bb-bdd4-4b6e-bb2d-6e6d017c8764___RS_HL 7679.JPG,Apple___healthy,T3,2026-08-01T20:00:00,drone
f681d565-ab7a-4b83-b476-339589e176a3___RS_HL 8160.JPG,Apple___healthy,T4,2026-08-01T17:00:00,camera_manual
f71f7765-379e-407d-911a-ef80cfde5c1d___RS_HL 7602.JPG,Apple___healthy,T3,2026-08-01T16:00:00,drone
f7416f1d-cd65-4f2e-be3e-ca701e693df5___RS_HL 7920.JPG,Apple___healthy,T4,2026-08-01T09:00:00,camera_manual
f749db98-b26d-40d0-af8e-af6740848dca___RS_HL 7895.JPG,Apple___healthy,T3,2026-08-01T08:00:00,drone
f76ff409-9723-4b89-83f9-1ff33edaffbc___RS_HL 7331.JPG,Apple___healthy,T3,2026-08-02T16:00:00,drone
f797f26c-c6c4-42b7-af20-69e9c7d8bb35___RS_HL 7737.JPG,Apple___healthy,T4,2026-08-02T17:00:00,camera_manual
f7ac955e-05a2-455a-88aa-2771234e9be0___RS_HL 7530.JPG,Apple___healthy,T2,2026-08-02T11:00:00,camera_manual
f7b08c73-ec97-42c3-a013-5c4aec725f6f___RS_HL 5923.JPG,Apple___healthy,T4,2026-08-02T17:00:00,camera_manual
f7b5ebd2-2471-4a99-9944-e25696aa5fa8___RS_HL 6233.JPG,Apple___healthy,T4,2026-08-01T17:00:00,camera_manual
f7f31913-51ef-481d-aacd-e6492daa74bd___RS_HL 5851.JPG,Apple___healthy,T4,2026-08-01T13:00:00,camera_manual
f822b7fc-c28b-4fd8-8cde-037ed35c0b08___RS_HL 7847.JPG,Apple___healthy,T4,2026-08-01T17:00:00,camera_manual
f85e6b2c-e4b2-42fe-99db-9583b58bb51b___RS_HL 6112.JPG,Apple___healthy,T4,2026-08-01T09:00:00,camera_manual
f85fb3d4-c93d-4ef3-8ff2-47171f8aea77___RS_HL 6132.JPG,Apple___healthy,T4,2026-08-01T13:00:00,camera_manual
f864bef8-0fb1-43e1-866f-a1e78336be9f___RS_HL 7521.JPG,Apple___healthy,T4,2026-08-01T21:00:00,camera_manual
f867a4ff-fe32-4bc4-9fee-9403c5ade149___RS_HL 5752.JPG,Apple___healthy,T3,2026-08-02T08:00:00,drone
f876ed50-410a-4911-b82d-e95d3e73ecd0___RS_HL 6134.JPG,Apple___healthy,T4,2026-08-02T17:00:00,camera_manual
f87dbe7e-189e-4dc9-ac5c-9b7737c34551___RS_HL 7665.JPG,Apple___healthy,T1,2026-08-01T10:00:00,drone
f8ac1022-aeb5-4d6c-a976-a4117a3c1b57___RS_HL 5892.JPG,Apple___healthy,T1,2026-08-01T06:00:00,drone
f8b4d48b-a454-4991-9f79-bba2f921ef9a___RS_HL 7705.JPG,Apple___healthy,T3,2026-08-02T12:00:00,drone
f902a6a0-a38b-441d-bd7e-5deb16ed709c___RS_HL 7727.JPG,Apple___healthy,T1,2026-08-01T06:00:00,drone
f9368405-e343-4423-8288-9b7112352b16___RS_HL 5833.JPG,Apple___healthy,T3,2026-08-01T16:00:00,drone
f9438410-18a8-4352-9aca-0d81c4574c2b___RS_HL 7742.JPG,Apple___healthy,T3,2026-08-02T20:00:00,drone
f9952d3a-f286-4863-8667-b8921416b8be___RS_HL 5810.JPG,Apple___healthy,T1,2026-08-02T10:00:00,drone
f995325a-1135-4bde-89a6-121b0fde8c6c___RS_HL 5891.JPG,Apple___healthy,T2,2026-08-02T03:00:00,camera_manual
fa3dec4b-5fed-4ba4-808f-25b6b84c7c87___RS_HL 7525.JPG,Apple___healthy,T1,2026-08-02T10:00:00,drone
fa6db5ca-4c60-4ab4-8c23-b6bb852eafbe___RS_HL 7809.JPG,Apple___healthy,T3,2026-08-02T08:00:00,drone
fac07867-acdd-4a19-8be5-987958575af0___RS_HL 5972.JPG,Apple___healthy,T4,2026-08-02T09:00:00,camera_manual
fac70506-5bb2-40bb-a8bd-249cbe7c27e3___RS_HL 7693.JPG,Apple___healthy,T3,2026-08-01T08:00:00,drone
fad6efb7-4486-4c45-8b23-1b6cf2a2912a___RS_HL 6077.JPG,Apple___healthy,T2,2026-08-01T19:00:00,camera_manual
faf64a07-ea03-429d-b41d-2a87d2dd066a___RS_HL 5957.JPG,Apple___healthy,T3,2026-08-01T16:00:00,drone
fb0953a0-71a5-4c1c-9fb3-f0d9888c2170___RS_HL 8036.JPG,Apple___healthy,T1,2026-08-02T14:00:00,drone
fb5116a2-272b-49af-9c27-9b117376a306___RS_HL 8021.JPG,Apple___healthy,T4,2026-08-02T05:00:00,camera_manual
fb723b31-aac6-4412-aa97-efcab9cc99a4___RS_HL 8101.JPG,Apple___healthy,T2,2026-08-01T19:00:00,camera_manual
fc7a6626-26f1-4edd-9fa3-f4017354ef44___RS_HL 5903.JPG,Apple___healthy,T4,2026-08-02T01:00:00,camera_manual
fc90f3d6-25bc-445e-b418-a5df46878d67___RS_HL 5767.JPG,Apple___healthy,T3,2026-08-02T12:00:00,drone
fca55eaf-abbb-4941-89f7-e3698c1f77f1___RS_HL 8171.JPG,Apple___healthy,T3,2026-08-01T20:00:00,drone
fca87ead-171e-4dd8-9b2d-669f69158dc5___RS_HL 6113.JPG,Apple___healthy,T3,2026-08-02T16:00:00,drone
fcc4c8a4-2177-4a08-a785-063497dfd121___RS_HL 5844.JPG,Apple___healthy,T1,2026-08-01T10:00:00,drone
fd35b750-8672-4801-895f-88a1bab1ac70___RS_HL 7277.JPG,Apple___healthy,T4,2026-08-01T09:00:00,camera_manual
fd4a1e5a-cba8-4f4d-a11a-8e131e907728___RS_HL 6154.JPG,Apple___healthy,T4,2026-08-01T13:00:00,camera_manual
fd7d6a50-e28f-4014-8e15-6028b5f349d0___RS_HL 5953.JPG,Apple___healthy,T3,2026-08-02T00:00:00,drone
fda25357-1076-4707-83e7-d409448a11a8___RS_HL 6221.JPG,Apple___healthy,T3,2026-08-02T12:00:00,drone
fdbfa6f7-f887-442d-8df1-1f0cf839fc4d___RS_HL 6274.JPG,Apple___healthy,T1,2026-08-01T14:00:00,drone
fdc0d1ae-70a8-40a6-aab8-2be6c10391a6___RS_HL 8145.JPG,Apple___healthy,T4,2026-08-02T01:00:00,camera_manual
fdd77f89-e3b1-4492-9da3-f46bbc8666d9___RS_HL 6219.JPG,Apple___healthy,T2,2026-08-01T23:00:00,camera_manual
fe0140ff-8690-437b-b3b6-dc7d476cb2d7___RS_HL 7837.JPG,Apple___healthy,T4,2026-08-01T09:00:00,camera_manual
fe0701b3-d2f2-46b1-b88d-6ce5a6b2a687___RS_HL 7507.JPG,Apple___healthy,T4,2026-08-02T09:00:00,camera_manual
fe768ce6-56c8-408f-921d-7c7d991bb742___RS_HL 7357.JPG,Apple___healthy,T2,2026-08-01T11:00:00,camera_manual
fe89ea86-5245-49a9-9f61-fae47ecc51e9___RS_HL 8116.JPG,Apple___healthy,T1,2026-08-01T06:00:00,drone
fea00538-32c3-4876-8833-40652becc30c___RS_HL 5761.JPG,Apple___healthy,T1,2026-08-01T18:00:00,drone
feaf718b-59f2-4aa4-b36a-2b2786ee8b46___RS_HL 6141.JPG,Apple___healthy,T4,2026-08-02T05:00:00,camera_manual
feb2c7d8-0cfd-4eb1-86d0-78a893dd8943___RS_HL 7866.JPG,Apple___healthy,T4,2026-08-01T17:00:00,camera_manual
fed54ef2-dab8-4f5f-9cdc-f6c76b9314fb___RS_HL 6118.JPG,Apple___healthy,T4,2026-08-02T01:00:00,camera_manual
ff2e08fe-a803-4159-a9ec-0de65dbaad36___RS_HL 7368.JPG,Apple___healthy,T4,2026-08-02T13:00:00,camera_manual
ff716adb-c699-4135-a62f-dfd35184a6bf___RS_HL 5875.JPG,Apple___healthy,T1,2026-08-01T10:00:00,drone
ff89a869-8eb9-4a0a-9132-dc63e94421bd___RS_HL 7649.JPG,Apple___healthy,T4,2026-08-02T13:00:00,camera_manual
ffb59eab-a2c5-471b-96f9-7699d5504b4d___RS_HL 7390.JPG,Apple___healthy,T2,2026-08-01T23:00:00,camera_manual
0090d05d-d797-4c99-abd4-3b9cb323a5fd___JR_FrgE.S 8727.JPG,Apple___Black_rot,T4,2026-08-02T17:00:00,camera_manual
00e909aa-e3ae-4558-9961-336bb0f35db3___JR_FrgE.S 8593.JPG,Apple___Black_rot,T1,2026-08-01T06:00:00,drone
0139bc6d-391c-4fd1-bcae-cc74dabfddd7___JR_FrgE.S 2734.JPG,Apple___Black_rot,T4,2026-08-01T13:00:00,camera_manual
0199a733-6d3f-4e66-a903-2d1d34457871___JR_FrgE.S 3079.JPG,Apple___Black_rot,T3,2026-08-01T20:00:00,drone
01e94c43-0879-4e8c-9b61-c48cfed88dab___JR_FrgE.S 3024.JPG,Apple___Black_rot,T4,2026-08-01T17:00:00,camera_manual
02168189-aa75-4284-a7f0-8ca5901ea783___JR_FrgE.S 2948.JPG,Apple___Black_rot,T2,2026-08-01T23:00:00,camera_manual
02186b4f-a9e1-4d19-ae3d-6cfb0f4b106a___JR_FrgE.S 2828.JPG,Apple___Black_rot,T2,2026-08-02T19:00:00,camera_manual
02859ed3-f56a-4315-82a5-c1cb72717225___JR_FrgE.S 8584.JPG,Apple___Black_rot,T4,2026-08-02T01:00:00,camera_manual
028d1f49-303d-46b6-ae2b-50862fab78ca___JR_FrgE.S 2748.JPG,Apple___Black_rot,T4,2026-08-02T05:00:00,camera_manual
032cf235-07ff-478f-b347-d55c07835bc5___JR_FrgE.S 8778.JPG,Apple___Black_rot,T3,2026-08-01T12:00:00,drone
033b1492-d5cf-4de7-a195-941f7780e092___JR_FrgE.S 8710.JPG,Apple___Black_rot,T3,2026-08-02T12:00:00,drone
03fd7154-2e33-4fb6-999d-bfc3a3f467fe___JR_FrgE.S 8681.JPG,Apple___Black_rot,T2,2026-08-02T11:00:00,camera_manual
04de1246-ecfa-4d2c-bc2d-16b81b0bd364___JR_FrgE.S 2970.JPG,Apple___Black_rot,T3,2026-08-02T00:00:00,drone
04e74a0c-bda4-4e06-aeab-ec24b1007994___JR_FrgE.S 8782.JPG,Apple___Black_rot,T3,2026-08-02T16:00:00,drone
05421496-3901-424d-b44a-1be1f2734cf1___JR_FrgE.S 3005.JPG,Apple___Black_rot,T4,2026-08-01T09:00:00,camera_manual
057c985f-2a00-40fe-b48f-590aabd3babe___JR_FrgE.S 3015.JPG,Apple___Black_rot,T3,2026-08-02T20:00:00,drone
05fb01a0-fd64-4b3d-a512-c0bda181811e___JR_FrgE.S 2889.JPG,Apple___Black_rot,T2,2026-08-02T15:00:00,camera_manual
05fd8037-fd27-4d26-9e5d-9a47856ab134___JR_FrgE.S 8770.JPG,Apple___Black_rot,T2,2026-08-02T03:00:00,camera_manual
0612c9fa-e647-4083-85e7-b1638452c24b___JR_FrgE.S 8771.JPG,Apple___Black_rot,T1,2026-08-01T18:00:00,drone
073553c2-0e42-4c86-b929-b2201f3f7756___JR_FrgE.S 2819.JPG,Apple___Black_rot,T2,2026-08-02T15:00:00,camera_manual
076d95c0-1ca7-4ee8-9558-0f18e617813d___JR_FrgE.S 2737.JPG,Apple___Black_rot,T4,2026-08-01T09:00:00,camera_manual
079d0ba3-b207-4fc7-ace3-f2fe25c796b3___JR_FrgE.S 3038.JPG,Apple___Black_rot,T4,2026-08-02T17:00:00,camera_manual
07dbfcca-71aa-4c14-b895-60dfb63f701d___JR_FrgE.S 3063.JPG,Apple___Black_rot,T4,2026-08-02T17:00:00,camera_manual
07f6b5a7-47cd-4012-8fcd-969d1d7245b9___JR_FrgE.S 2961.JPG,Apple___Black_rot,T3,2026-08-01T08:00:00,drone
085625a8-236d-4f71-bd40-78e3e4f24eb0___JR_FrgE.S 2732.JPG,Apple___Black_rot,T1,2026-08-02T10:00:00,drone
09baab32-8360-4251-9c84-a5ce6bfdfff1___JR_FrgE.S 2883.JPG,Apple___Black_rot,T2,2026-08-02T15:00:00,camera_manual
0b37761a-de32-47ee-a3a4-e138b97ef542___JR_FrgE.S 2908.JPG,Apple___Black_rot,T4,2026-08-01T21:00:00,camera_manual
0b6ec66f-fe63-4eef-8068-cf8ed0baf0de___RS_HL 7482.JPG,Apple___Black_rot,T2,2026-08-01T15:00:00,camera_manual
0b8dabb7-5f1b-4fdc-b3fa-30b289707b90___JR_FrgE.S 3047.JPG,Apple___Black_rot,T1,2026-08-02T14:00:00,drone
0b91573d-d0f3-4e57-b7e5-e1924f537f0e___RS_HL 6216.JPG,Apple___Black_rot,T1,2026-08-02T14:00:00,drone
0bb2ddc5-d1f4-4fc2-be6b-6b63c60790df___RS_HL 7550.JPG,Apple___Black_rot,T1,2026-08-02T10:00:00,drone
0bb8fb61-d561-43fd-89a3-d24d253adef9___JR_FrgE.S 2849.JPG,Apple___Black_rot,T4,2026-08-02T17:00:00,camera_manual
0bc2127e-99b9-44ea-bb2b-4e1b0b0f7624___RS_HL 7777.JPG,Apple___Black_rot,T1,2026-08-01T22:00:00,drone
0bc40cc3-6a85-480e-a22f-967a866a56a1___JR_FrgE.S 2784.JPG,Apple___Black_rot,T1,2026-08-02T10:00:00,drone
0c7c7992-fb1c-444b-b226-69de186cea14___JR_FrgE.S 8627.JPG,Apple___Black_rot,T2,2026-08-01T19:00:00,camera_manual
0c8432e0-0484-470c-a774-7cce596b9e64___JR_FrgE.S 2841.JPG,Apple___Black_rot,T3,2026-08-02T08:00:00,drone
0ca16873-eeac-47e9-9a87-1859950daab7___JR_FrgE.S 2835.JPG,Apple___Black_rot,T1,2026-08-01T06:00:00,drone
0cc47b2d-4a92-4bbd-af46-945165dd1960___JR_FrgE.S 8586.JPG,Apple___Black_rot,T3,2026-08-01T20:00:00,drone
0ce8b939-3bdf-4078-8715-c0cb48afb078___JR_FrgE.S 2777.JPG,Apple___Black_rot,T1,2026-08-01T06:00:00,drone
0cefbd12-c195-40cd-b2d1-be0f9ee550b4___JR_FrgE.S 8762.JPG,Apple___Black_rot,T4,2026-08-01T09:00:00,camera_manual
0d17b92b-8ec2-4a00-a8ff-9daea3fed2e8___JR_FrgE.S 2915.JPG,Apple___Black_rot,T4,2026-08-02T13:00:00,camera_manual
0e84adc9-3e97-48e2-b1fd-7d04f9e92cb0___JR_FrgE.S 2949.JPG,Apple___Black_rot,T2,2026-08-02T07:00:00,camera_manual
0ebea6f4-08e4-4380-86f8-34d854697e32___JR_FrgE.S 2877.JPG,Apple___Black_rot,T4,2026-08-01T17:00:00,camera_manual
0f3d45f4-e121-42cd-a5b6-be2f866a0574___JR_FrgE.S 2870.JPG,Apple___Black_rot,T2,2026-08-01T07:00:00,camera_manual
1021c460-93e4-48cd-9c84-c576b2c5117c___JR_FrgE.S 2983.JPG,Apple___Black_rot,T4,2026-08-01T09:00:00,camera_manual
1107fc9f-f39f-450f-b928-4742fb82da77___JR_FrgE.S 2775.JPG,Apple___Black_rot,T3,2026-08-02T08:00:00,drone
116ccffb-6361-4191-8f36-b6cacbe99412___JR_FrgE.S 2763.JPG,Apple___Black_rot,T3,2026-08-02T08:00:00,drone
125fd81c-7948-45e1-8550-f7c7b8f6932a___JR_FrgE.S 8807.JPG,Apple___Black_rot,T2,2026-08-01T23:00:00,camera_manual
12e9d8e2-e5a4-4d4b-933f-7cbc07557736___JR_FrgE.S 8767.JPG,Apple___Black_rot,T2,2026-08-02T19:00:00,camera_manual
132a74c4-3bdc-410b-931d-887bac16b074___JR_FrgE.S 8705.JPG,Apple___Black_rot,T2,2026-08-01T23:00:00,camera_manual
13daa7ca-c343-497d-a9c5-34438752ab1f___JR_FrgE.S 8804.JPG,Apple___Black_rot,T3,2026-08-02T12:00:00,drone
1452dba2-3694-4657-ac64-fed65ebea056___JR_FrgE.S 3081.JPG,Apple___Black_rot,T1,2026-08-01T06:00:00,drone
14896f6f-ae86-4879-958b-7422b957e104___JR_FrgE.S 8768.JPG,Apple___Black_rot,T4,2026-08-01T17:00:00,camera_manual
15f31b47-61da-4549-ad60-f13ef13a6512___JR_FrgE.S 8734.JPG,Apple___Black_rot,T1,2026-08-02T02:00:00,drone
169b07da-12eb-4a6d-9b24-f37692ca923d___JR_FrgE.S 8636.JPG,Apple___Black_rot,T2,2026-08-02T15:00:00,camera_manual
16b7455f-bd2e-4ea8-965d-32a072c7beb9___JR_FrgE.S 2824.JPG,Apple___Black_rot,T2,2026-08-01T19:00:00,camera_manual
17a083f1-5ba6-4f0c-917a-738b568f22ef___JR_FrgE.S 8612.JPG,Apple___Black_rot,T3,2026-08-01T16:00:00,drone
19989bba-ed83-478b-b02a-72fcc3234338___JR_FrgE.S 3055.JPG,Apple___Black_rot,T1,2026-08-02T14:00:00,drone
1a4e1884-ab1a-4fe9-afe2-610ae9aa1162___JR_FrgE.S 2826.JPG,Apple___Black_rot,T1,2026-08-02T18:00:00,drone
1a899717-5445-4d2b-8035-91bc47780504___JR_FrgE.S 8806.JPG,Apple___Black_rot,T4,2026-08-01T17:00:00,camera_manual
1a9e869f-62b0-4588-998a-30e0d62bef59___JR_FrgE.S 2876.JPG,Apple___Black_rot,T3,2026-08-02T16:00:00,drone
1a9f6dfb-fdf4-43b4-9fb4-b7a809b49b9d___JR_FrgE.S 2765.JPG,Apple___Black_rot,T4,2026-08-01T09:00:00,camera_manual
1aa28af5-8270-467c-b496-ff415f0b58df___JR_FrgE.S 3010.JPG,Apple___Black_rot,T1,2026-08-02T14:00:00,drone
1b607e4f-ce59-4c0f-8e91-b529088926be___JR_FrgE.S 8788.JPG,Apple___Black_rot,T2,2026-08-02T03:00:00,camera_manual
1bb4d1d5-ca06-49b6-8f89-ed0d6c1d68af___JR_FrgE.S 8777.JPG,Apple___Black_rot,T1,2026-08-02T10:00:00,drone
1c31a116-f51d-4f56-9c69-c26c5fe69f57___JR_FrgE.S 2844.JPG,Apple___Black_rot,T4,2026-08-02T01:00:00,camera_manual
1c4c2235-2c28-438e-8fa9-505b5d3004a0___JR_FrgE.S 8720.JPG,Apple___Black_rot,T3,2026-08-01T12:00:00,drone
1cdac481-1275-4228-a2ca-e3deaf268ffc___JR_FrgE.S 2897.JPG,Apple___Black_rot,T1,2026-08-01T06:00:00,drone
1ce40e9f-cddc-4939-8e58-7a8235d9b28a___JR_FrgE.S 3019.JPG,Apple___Black_rot,T4,2026-08-02T13:00:00,camera_manual
1ce4ecdf-fe69-42df-a0dc-c90f5495e7a1___JR_FrgE.S 3041.JPG,Apple___Black_rot,T1,2026-08-01T10:00:00,drone
1ce9343f-125e-4abb-9cd4-fddf761504da___JR_FrgE.S 3096.JPG,Apple___Black_rot,T2,2026-08-01T19:00:00,camera_manual
1cf5102a-468b-4410-80bf-af6aeadc780c___JR_FrgE.S 2924.JPG,Apple___Black_rot,T4,2026-08-02T17:00:00,camera_manual
1d0e83a0-f3c0-4c14-b1d6-b0ceee3552ac___JR_FrgE.S 3006.JPG,Apple___Black_rot,T2,2026-08-02T15:00:00,camera_manual
1d59f109-9793-403b-88d7-73bc3b17d601___JR_FrgE.S 8592.JPG,Apple___Black_rot,T3,2026-08-01T08:00:00,drone
1dfd4db7-a456-4785-bf16-f517bcaf54e8___JR_FrgE.S 3089.JPG,Apple___Black_rot,T1,2026-08-01T22:00:00,drone
1e0244a0-b084-4f95-bf64-72efeef4dff2___JR_FrgE.S 8733.JPG,Apple___Black_rot,T2,2026-08-01T19:00:00,camera_manual
1e2149c8-f9ed-49b2-a8c2-2e8b2046d0f7___JR_FrgE.S 2965.JPG,Apple___Black_rot,T2,2026-08-02T07:00:00,camera_manual
1fe7faa9-61a7-4152-9a85-a57d9486af0a___JR_FrgE.S 8599.JPG,Apple___Black_rot,T3,2026-08-02T20:00:00,drone
2101e5e6-2932-4ac0-8879-59885fc01256___JR_FrgE.S 2769.JPG,Apple___Black_rot,T2,2026-08-02T03:00:00,camera_manual
2171eff3-55f1-4b5e-8258-d8ddacc66062___JR_FrgE.S 2752.JPG,Apple___Black_rot,T3,2026-08-01T08:00:00,drone
23641520-3fbf-42e9-ba5f-c689bc74ce8c___JR_FrgE.S 8620.JPG,Apple___Black_rot,T4,2026-08-02T05:00:00,camera_manual
24420d48-c47b-4e67-959a-bf28131abbdc___JR_FrgE.S 2811.JPG,Apple___Black_rot,T2,2026-08-01T19:00:00,camera_manual
2478fee4-ef3a-4638-8641-f5524246f29a___JR_FrgE.S 2951.JPG,Apple___Black_rot,T4,2026-08-02T09:00:00,camera_manual
24cdceb7-e70a-4164-9cd4-72b514771abf___JR_FrgE.S 2962.JPG,Apple___Black_rot,T2,2026-08-01T23:00:00,camera_manual
24ff782d-8641-4508-969a-0f1a2f4a3f48___JR_FrgE.S 8700.JPG,Apple___Black_rot,T2,2026-08-01T23:00:00,camera_manual
255dd1a9-d4cf-4b38-9872-8f8bc6746703___JR_FrgE.S 3040.JPG,Apple___Black_rot,T2,2026-08-02T11:00:00,camera_manual
26a6609d-7993-4fda-b56d-5c5194f0de03___JR_FrgE.S 8797.JPG,Apple___Black_rot,T1,2026-08-01T10:00:00,drone
26b71abd-6648-4d92-a36d-92353bc09966___JR_FrgE.S 2899.JPG,Apple___Black_rot,T4,2026-08-01T09:00:00,camera_manual
26c9d50e-7169-4241-951a-2334e2a513b3___JR_FrgE.S 8784.JPG,Apple___Black_rot,T3,2026-08-02T12:00:00,drone
26ecaea0-d85f-449b-bd3e-16d85cc49eac___JR_FrgE.S 8674.JPG,Apple___Black_rot,T3,2026-08-02T12:00:00,drone
28f01d7f-27f8-4cf1-a473-ef4744b2dc61___JR_FrgE.S 8597.JPG,Apple___Black_rot,T3,2026-08-02T00:00:00,drone
2902e85c-1705-423b-bb02-80e2d93bc54e___JR_FrgE.S 2922.JPG,Apple___Black_rot,T1,2026-08-01T18:00:00,drone
29f71a36-3389-47c8-94ad-484818e677f2___JR_FrgE.S 8607.JPG,Apple___Black_rot,T3,2026-08-01T16:00:00,drone
29f7c332-777e-427b-898a-3b82465a17aa___JR_FrgE.S 2941.JPG,Apple___Black_rot,T1,2026-08-01T10:00:00,drone
2a4cbd85-e831-4ec4-8acf-49cea51eeb5f___JR_FrgE.S 2900.JPG,Apple___Black_rot,T4,2026-08-02T05:00:00,camera_manual
2aa2ed70-b0b7-4d30-9c84-f6ded6a03fc2___JR_FrgE.S 8739.JPG,Apple___Black_rot,T4,2026-08-01T13:00:00,camera_manual
2b15f14f-6fa9-41fe-8b84-388a4d5bbc33___JR_FrgE.S 8578.JPG,Apple___Black_rot,T4,2026-08-01T17:00:00,camera_manual
2b16890e-753f-4ee8-a78e-d0a7fdf8d91a___JR_FrgE.S 2838.JPG,Apple___Black_rot,T4,2026-08-02T17:00:00,camera_manual
2c6184ba-cc2f-4311-977e-1ed6c1410c1a___JR_FrgE.S 2973.JPG,Apple___Black_rot,T3,2026-08-02T12:00:00,drone
2d1ac581-1847-419e-8254-55a9caad6b2b___JR_FrgE.S 8766.JPG,Apple___Black_rot,T2,2026-08-01T07:00:00,camera_manual
2d30e157-5cd6-4827-85ee-4c3c5f05725e___JR_FrgE.S 3080.JPG,Apple___Black_rot,T3,2026-08-01T08:00:00,drone
2f6893f9-0439-4409-b752-b910e03b076b___JR_FrgE.S 8814.JPG,Apple___Black_rot,T3,2026-08-01T20:00:00,drone
2f6a52cd-21f5-41d0-870e-f8a67d1f5c56___JR_FrgE.S 2901.JPG,Apple___Black_rot,T3,2026-08-02T16:00:00,drone
307abcdd-96f7-404a-9032-2ce8de2fde48___JR_FrgE.S 8781.JPG,Apple___Black_rot,T2,2026-08-01T23:00:00,camera_manual
30aebb07-bde6-44c8-bee2-a06ff42a948d___JR_FrgE.S 3071.JPG,Apple___Black_rot,T3,2026-08-01T08:00:00,drone
30ff1b97-0850-4224-a176-bfa284d92a24___JR_FrgE.S 2940.JPG,Apple___Black_rot,T4,2026-08-01T13:00:00,camera_manual
31a20d19-d927-481d-97d9-4db50595c36e___JR_FrgE.S 2867.JPG,Apple___Black_rot,T2,2026-08-01T07:00:00,camera_manual
3235339f-7b7b-423a-850a-0fd58ded4725___JR_FrgE.S 2791.JPG,Apple___Black_rot,T3,2026-08-01T08:00:00,drone
32652b13-825d-4f14-9429-d7d5042061cf___JR_FrgE.S 8758.JPG,Apple___Black_rot,T3,2026-08-01T20:00:00,drone
32ef0219-fbb0-417c-abad-56021a2c1619___JR_FrgE.S 2893.JPG,Apple___Black_rot,T1,2026-08-02T14:00:00,drone
330224ac-f2e0-4ace-ad1c-0f163894eaae___JR_FrgE.S 3083.JPG,Apple___Black_rot,T3,2026-08-01T20:00:00,drone
337ea111-17e2-470d-8fae-1fe8c61c13dc___JR_FrgE.S 2985.JPG,Apple___Black_rot,T3,2026-08-01T08:00:00,drone
33bc7491-a0b2-4834-aec7-abad940e8684___JR_FrgE.S 8741.JPG,Apple___Black_rot,T3,2026-08-01T12:00:00,drone
33f2ada7-3d14-4a85-9601-126da3eac03f___JR_FrgE.S 3022.JPG,Apple___Black_rot,T3,2026-08-02T20:00:00,drone
34eb19d8-32a9-4c9b-829f-d0ed705c5f03___JR_FrgE.S 3064.JPG,Apple___Black_rot,T1,2026-08-01T14:00:00,drone
35b68c2b-4d91-484c-ab0c-6347ba6ce974___JR_FrgE.S 8615.JPG,Apple___Black_rot,T1,2026-08-02T10:00:00,drone
35ca99d4-5913-457a-b09c-3e90f6ef98a3___JR_FrgE.S 2947.JPG,Apple___Black_rot,T3,2026-08-02T08:00:00,drone
35f56736-d311-4e80-88a4-7ba12fd71985___JR_FrgE.S 2787.JPG,Apple___Black_rot,T3,2026-08-02T12:00:00,drone
36836204-c6de-472e-90e4-6787ff74965e___JR_FrgE.S 8757.JPG,Apple___Black_rot,T3,2026-08-01T16:00:00,drone
36e0efb7-95ff-4707-9d35-c213159af55c___JR_FrgE.S 8673.JPG,Apple___Black_rot,T1,2026-08-01T06:00:00,drone
37dc5845-507c-46f7-bfd9-f41407e6c813___JR_FrgE.S 8591.JPG,Apple___Black_rot,T4,2026-08-02T05:00:00,camera_manual
38167e03-c731-4cbf-a32c-b48a571fbc48___JR_FrgE.S 8630.JPG,Apple___Black_rot,T1,2026-08-01T14:00:00,drone
3908d563-a8f8-4206-b09e-1ae340e510af___JR_FrgE.S 3025.JPG,Apple___Black_rot,T1,2026-08-02T10:00:00,drone
39148cb8-c7fa-4760-b708-b4e399047bb6___JR_FrgE.S 2869.JPG,Apple___Black_rot,T2,2026-08-01T15:00:00,camera_manual
394b4c4e-096d-4a4e-9498-8a18f240ab18___JR_FrgE.S 2855.JPG,Apple___Black_rot,T2,2026-08-01T23:00:00,camera_manual
39ab4ac8-5f68-448a-8b1f-dcba2e07d129___JR_FrgE.S 8798.JPG,Apple___Black_rot,T3,2026-08-02T12:00:00,drone
39c257ad-8334-45e7-a4e1-f131bb4a7eee___JR_FrgE.S 3023.JPG,Apple___Black_rot,T2,2026-08-01T07:00:00,camera_manual
39cf3d6d-0324-4d2c-8a43-ee21f8b910c2___JR_FrgE.S 8603.JPG,Apple___Black_rot,T1,2026-08-02T02:00:00,drone
3afb0100-58b4-4825-bfb4-037258cd5925___JR_FrgE.S 8755.JPG,Apple___Black_rot,T1,2026-08-02T18:00:00,drone
3b1299be-2602-451f-9877-93edd8bf09a8___JR_FrgE.S 2801.JPG,Apple___Black_rot,T3,2026-08-02T20:00:00,drone
3b364e42-9120-4ece-b0ea-2c39ce883cbb___JR_FrgE.S 2774.JPG,Apple___Black_rot,T1,2026-08-02T02:00:00,drone
3bf50ea4-980e-471b-bbd1-fc0c526dbb7a___JR_FrgE.S 2905.JPG,Apple___Black_rot,T3,2026-08-02T12:00:00,drone
3bfaa3d6-96ab-4131-a569-ac6650045079___JR_FrgE.S 2890.JPG,Apple___Black_rot,T3,2026-08-01T20:00:00,drone
3d33710d-c091-4dae-a491-ef813ea2d34b___JR_FrgE.S 2885.JPG,Apple___Black_rot,T3,2026-08-02T08:00:00,drone
3e340ca3-47d5-4a22-9f40-e91f3eea2be6___JR_FrgE.S 8747.JPG,Apple___Black_rot,T3,2026-08-01T20:00:00,drone
3ed38c3a-4c0a-4682-b39b-e0f7d1bf361b___JR_FrgE.S 2859.JPG,Apple___Black_rot,T1,2026-08-01T18:00:00,drone
3ee8f19d-38a4-4e9d-adc1-c8ab5e95ba60___JR_FrgE.S 2839.JPG,Apple___Black_rot,T2,2026-08-02T07:00:00,camera_manual
3ef4204e-d2c3-42b5-ac97-0eabb3d64b3f___JR_FrgE.S 8815.JPG,Apple___Black_rot,T1,2026-08-02T18:00:00,drone
3f7dbd31-47f7-45e4-aa23-42e23362a15d___JR_FrgE.S 2818.JPG,Apple___Black_rot,T2,2026-08-01T11:00:00,camera_manual
40780a98-eb5f-4de6-bbf8-bc89b7fb0825___JR_FrgE.S 8764.JPG,Apple___Black_rot,T2,2026-08-02T03:00:00,camera_manual
40e82aca-94d2-4237-bc27-d4a9c536b820___JR_FrgE.S 2926.JPG,Apple___Black_rot,T3,2026-08-01T20:00:00,drone
4186abb2-d07c-495c-9596-db575c3f7051___JR_FrgE.S 2891.JPG,Apple___Black_rot,T3,2026-08-01T16:00:00,drone
42277cf4-c76e-4c00-b42f-6254f2cb8496___JR_FrgE.S 2771.JPG,Apple___Black_rot,T1,2026-08-01T18:00:00,drone
4231e86c-5f4c-439c-be0f-1fa0274581c6___JR_FrgE.S 3067.JPG,Apple___Black_rot,T3,2026-08-02T04:00:00,drone
427bd918-f362-48d9-9903-4e7197e87a87___JR_FrgE.S 3034.JPG,Apple___Black_rot,T4,2026-08-02T09:00:00,camera_manual
43baab18-d60b-49df-b2d5-a27d16164317___JR_FrgE.S 8604.JPG,Apple___Black_rot,T4,2026-08-02T09:00:00,camera_manual
445448e9-b429-45df-942d-fb46932540d7___JR_FrgE.S 2804.JPG,Apple___Black_rot,T1,2026-08-02T10:00:00,drone
448d1f3f-9794-4148-a180-7246ef9291cf___JR_FrgE.S 2930.JPG,Apple___Black_rot,T1,2026-08-02T10:00:00,drone
451b68a6-1b39-40c5-8669-f82af6de1eed___JR_FrgE.S 8737.JPG,Apple___Black_rot,T1,2026-08-02T10:00:00,drone
456a01fc-8db6-4068-96cb-3b1e4e5f77f1___JR_FrgE.S 2768.JPG,Apple___Black_rot,T3,2026-08-02T08:00:00,drone
464511a6-77d9-493f-bb3c-f151fb390f1b___JR_FrgE.S 8790.JPG,Apple___Black_rot,T2,2026-08-01T23:00:00,camera_manual
46c90409-1e99-4708-88da-ad8629ab5e9e___JR_FrgE.S 2856.JPG,Apple___Black_rot,T2,2026-08-01T23:00:00,camera_manual
46cfd121-d2e7-4a26-9c6f-5787457d200c___JR_FrgE.S 8669.JPG,Apple___Black_rot,T3,2026-08-01T08:00:00,drone
4747a926-7eee-49a1-b28b-a8cc8a555fa7___JR_FrgE.S 2952.JPG,Apple___Black_rot,T3,2026-08-02T00:00:00,drone
47800fc6-b681-46ab-aec3-01076d650c5d___JR_FrgE.S 3051.JPG,Apple___Black_rot,T4,2026-08-01T13:00:00,camera_manual
47b996a0-b66a-4842-9da2-249ea1d62c38___JR_FrgE.S 2814.JPG,Apple___Black_rot,T1,2026-08-02T06:00:00,drone
47c17d6e-07d4-4523-978e-495edff13b00___JR_FrgE.S 3068.JPG,Apple___Black_rot,T2,2026-08-02T11:00:00,camera_manual
47f6d143-687b-4755-88a0-932c985a2ee6___JR_FrgE.S 2785.JPG,Apple___Black_rot,T2,2026-08-01T19:00:00,camera_manual
48d6f0b4-71e8-418f-8558-b38b89ed3c0b___JR_FrgE.S 8569.JPG,Apple___Black_rot,T1,2026-08-01T22:00:00,drone
49064db7-4ee0-41bf-97b9-64a50d08ef8c___JR_FrgE.S 3046.JPG,Apple___Black_rot,T2,2026-08-02T11:00:00,camera_manual
497e0a24-9a4e-4ace-8aa3-d60751b03abe___JR_FrgE.S 8794.JPG,Apple___Black_rot,T2,2026-08-02T11:00:00,camera_manual
499e851c-5cd4-4ab9-9ff8-df01133aac08___JR_FrgE.S 2989.JPG,Apple___Black_rot,T1,2026-08-02T14:00:00,drone
4a2319e3-c6ab-4417-9154-ebabf0d1df4d___JR_FrgE.S 2854.JPG,Apple___Black_rot,T3,2026-08-02T00:00:00,drone
4a79c093-e813-4854-ba58-5b9e2831c7f0___JR_FrgE.S 2764.JPG,Apple___Black_rot,T1,2026-08-02T18:00:00,drone
4b5683c4-ef68-4439-b346-f76ea2c651da___JR_FrgE.S 8639.JPG,Apple___Black_rot,T2,2026-08-02T07:00:00,camera_manual
4b8414f0-fa9b-4195-90cb-608f6fd74d44___JR_FrgE.S 2999.JPG,Apple___Black_rot,T2,2026-08-02T19:00:00,camera_manual
4b8b1d59-9aec-4b99-8be8-b61edcccb660___JR_FrgE.S 8659.JPG,Apple___Black_rot,T2,2026-08-01T15:00:00,camera_manual
4b934731-815b-461f-a252-a02f198f91ab___JR_FrgE.S 3032.JPG,Apple___Black_rot,T3,2026-08-02T12:00:00,drone
4c42eeae-508c-4ccd-b2d8-b720808bc28c___JR_FrgE.S 3020.JPG,Apple___Black_rot,T4,2026-08-02T01:00:00,camera_manual
4ca16e52-bdfb-40c3-8407-77087fdfc786___JR_FrgE.S 2852.JPG,Apple___Black_rot,T1,2026-08-02T10:00:00,drone
4cdea367-e77f-4d29-a99c-23ec18260ee9___JR_FrgE.S 3066.JPG,Apple___Black_rot,T3,2026-08-01T20:00:00,drone
4cf3a0f2-1758-44b1-862b-3aaf7b4705f1___JR_FrgE.S 2988.JPG,Apple___Black_rot,T2,2026-08-01T19:00:00,camera_manual
4d79f0a2-0f8a-406b-84de-2c7e74027d6f___JR_FrgE.S 3061.JPG,Apple___Black_rot,T2,2026-08-02T15:00:00,camera_manual
4dadb9f1-27b1-4d3c-8111-d1602febd585___JR_FrgE.S 8632.JPG,Apple___Black_rot,T1,2026-08-01T06:00:00,drone
4db0765f-5928-4254-b935-e6fcbec9deeb___JR_FrgE.S 3062.JPG,Apple___Black_rot,T2,2026-08-01T11:00:00,camera_manual
4db50338-6897-4d69-8147-717cae13879c___JR_FrgE.S 8645.JPG,Apple___Black_rot,T2,2026-08-01T19:00:00,camera_manual
4e1c6d80-4ab3-4c4b-9b4d-ecd62293569c___JR_FrgE.S 2773.JPG,Apple___Black_rot,T3,2026-08-01T08:00:00,drone
4e6311ab-8927-4147-9857-a669f2268cb1___JR_FrgE.S 8726.JPG,Apple___Black_rot,T2,2026-08-01T19:00:00,camera_manual
4eeaca51-3ca2-4afe-884a-d65c2e31e452___JR_FrgE.S 3026.JPG,Apple___Black_rot,T1,2026-08-01T18:00:00,drone
4eeb04f2-38b3-49be-a5d0-1c35450d8953___JR_FrgE.S 8714.JPG,Apple___Black_rot,T2,2026-08-02T15:00:00,camera_manual
4ef8432c-0114-4c67-a5f0-a4935597dc68___JR_FrgE.S 8698.JPG,Apple___Black_rot,T1,2026-08-02T18:00:00,drone
4f0b4e6f-49e8-4e53-8046-14723038601c___JR_FrgE.S 8575.JPG,Apple___Black_rot,T1,2026-08-02T18:00:00,drone
4f71c078-e0f6-4b05-a421-1b644f0e99a1___JR_FrgE.S 3016.JPG,Apple___Black_rot,T2,2026-08-02T15:00:00,camera_manual
4f9a2639-beb2-4e4c-a62d-805792a50f4e___JR_FrgE.S 2944.JPG,Apple___Black_rot,T3,2026-08-02T16:00:00,drone
4fcfd5b0-e312-41f4-a8cf-16976b5882fd___JR_FrgE.S 8589.JPG,Apple___Black_rot,T4,2026-08-02T05:00:00,camera_manual
4fd1092b-5d44-420c-9ea1-b10dc775ecb9___JR_FrgE.S 2903.JPG,Apple___Black_rot,T1,2026-08-02T06:00:00,drone
50755673-3ea3-4e06-acbb-703413571a91___JR_FrgE.S 2879.JPG,Apple___Black_rot,T1,2026-08-02T18:00:00,drone
507c6d2a-5fba-4f4c-9c44-9308f3ffdf69___JR_FrgE.S 3013.JPG,Apple___Black_rot,T2,2026-08-01T07:00:00,camera_manual
50afe8c7-d56e-4dd0-97b8-23a70ddca819___JR_FrgE.S 2750.JPG,Apple___Black_rot,T2,2026-08-01T07:00:00,camera_manual
50fa49cd-002e-4352-816e-c5df10dc5f3f___JR_FrgE.S 2950.JPG,Apple___Black_rot,T2,2026-08-02T11:00:00,camera_manual
5103776c-7e16-467d-bc37-8995a8c1ea6f___JR_FrgE.S 2770.JPG,Apple___Black_rot,T1,2026-08-02T10:00:00,drone
51c1787e-4570-43dc-91c3-6ae72c98128a___JR_FrgE.S 8706.JPG,Apple___Black_rot,T3,2026-08-01T08:00:00,drone
51cda56c-a900-4f84-a576-8dde35b1231d___JR_FrgE.S 2863.JPG,Apple___Black_rot,T2,2026-08-01T15:00:00,camera_manual
51ce3f1d-8418-4b7e-b091-dec14143d0b7___JR_FrgE.S 8579.JPG,Apple___Black_rot,T3,2026-08-01T16:00:00,drone
51f4101a-e126-4e3f-a06d-67befea24921___JR_FrgE.S 2939.JPG,Apple___Black_rot,T3,2026-08-01T12:00:00,drone
52a259e0-e323-4655-84e5-4588cb1c8ed6___JR_FrgE.S 2758.JPG,Apple___Black_rot,T2,2026-08-01T23:00:00,camera_manual
52c66129-6303-4aa4-97e7-8f1c0d24c57a___JR_FrgE.S 2759.JPG,Apple___Black_rot,T4,2026-08-01T17:00:00,camera_manual
52d8da3b-5d74-43ba-b527-bc8fc6b5387b___JR_FrgE.S 2797.JPG,Apple___Black_rot,T3,2026-08-01T16:00:00,drone
531e6670-eebf-48ac-a34c-53ea8db7d047___JR_FrgE.S 8571.JPG,Apple___Black_rot,T3,2026-08-01T08:00:00,drone
5386aabe-1e7f-4688-ac5e-ade0e91318d4___JR_FrgE.S 8638.JPG,Apple___Black_rot,T3,2026-08-02T16:00:00,drone
538ae10f-3137-4050-86f1-7439bc80e364___JR_FrgE.S 2766.JPG,Apple___Black_rot,T1,2026-08-01T14:00:00,drone
53c066d8-f232-4312-bc1b-dd831ba73784___JR_FrgE.S 3065.JPG,Apple___Black_rot,T1,2026-08-01T06:00:00,drone
5412de7d-df5d-4a05-be4b-e108811c4a3e___JR_FrgE.S 2820.JPG,Apple___Black_rot,T4,2026-08-02T01:00:00,camera_manual
5435d1b3-2138-47ca-aca4-23cac9d1bb43___JR_FrgE.S 2779.JPG,Apple___Black_rot,T4,2026-08-02T13:00:00,camera_manual
554089f3-ff67-45ff-9d9a-b0aba573df6a___JR_FrgE.S 2730.JPG,Apple___Black_rot,T4,2026-08-02T05:00:00,camera_manual
559b0b4a-085d-46e6-b924-fce94fb8c375___JR_FrgE.S 2781.JPG,Apple___Black_rot,T1,2026-08-01T14:00:00,drone
55a48eef-2f73-458f-ab98-7d5110a4ea1b___JR_FrgE.S 2821.JPG,Apple___Black_rot,T2,2026-08-02T15:00:00,camera_manual
56356abd-6e83-4bca-90ef-89cb6e68ea85___JR_FrgE.S 2786.JPG,Apple___Black_rot,T1,2026-08-01T06:00:00,drone
56473ed3-436d-4ee1-842a-02bc4fba12e7___JR_FrgE.S 2847.JPG,Apple___Black_rot,T3,2026-08-02T00:00:00,drone
56aa2b6a-6a51-4755-b314-0e9486c53075___JR_FrgE.S 8736.JPG,Apple___Black_rot,T3,2026-08-01T12:00:00,drone
56bb2954-b463-4557-a438-594e09783513___JR_FrgE.S 8577.JPG,Apple___Black_rot,T4,2026-08-02T09:00:00,camera_manual
56d05ee6-f6d5-4c34-838e-4ff2c0592d5d___JR_FrgE.S 2822.JPG,Apple___Black_rot,T1,2026-08-02T06:00:00,drone
56d4cd7c-cb82-4944-b8a6-78ad6502b339___JR_FrgE.S 2955.JPG,Apple___Black_rot,T2,2026-08-02T19:00:00,camera_manual
57cbfc0a-6720-4672-bda8-e9ad59c0fefc___JR_FrgE.S 8651.JPG,Apple___Black_rot,T1,2026-08-02T02:00:00,drone
58053fa6-04df-4c96-901e-924bdbcaaf1e___JR_FrgE.S 8774.JPG,Apple___Black_rot,T4,2026-08-02T09:00:00,camera_manual
58c65e96-71e6-4176-bf47-24b529fa3aa6___JR_FrgE.S 8716.JPG,Apple___Black_rot,T2,2026-08-01T15:00:00,camera_manual
58da5350-ae11-490e-9c28-7b52970331f4___JR_FrgE.S 8616.JPG,Apple___Black_rot,T1,2026-08-02T02:00:00,drone
58ebc44b-c9b7-441b-9aa1-bfcc1b90e21e___JR_FrgE.S 8582.JPG,Apple___Black_rot,T2,2026-08-01T15:00:00,camera_manual
5979896a-3aaa-4e0c-8b74-cfeda37cb166___JR_FrgE.S 2739.JPG,Apple___Black_rot,T2,2026-08-01T11:00:00,camera_manual
5984db18-75d7-4c3a-be4b-74c3c0351887___JR_FrgE.S 8685.JPG,Apple___Black_rot,T1,2026-08-02T10:00:00,drone
59bc1959-6712-4eeb-a58d-ab564851a8f5___JR_FrgE.S 8731.JPG,Apple___Black_rot,T4,2026-08-01T09:00:00,camera_manual
59cb2470-1e5e-4828-90f2-a22dacbb0fd6___JR_FrgE.S 8594.JPG,Apple___Black_rot,T1,2026-08-02T06:00:00,drone
5a41cc86-178f-488e-9d96-e63291247737___JR_FrgE.S 2984.JPG,Apple___Black_rot,T1,2026-08-02T02:00:00,drone
5a7cfbae-2b00-4f16-b1e9-eacd813a5378___JR_FrgE.S 2783.JPG,Apple___Black_rot,T1,2026-08-01T10:00:00,drone
5ac53fe2-9869-498b-b13c-fe8b3a5933b1___JR_FrgE.S 8678.JPG,Apple___Black_rot,T2,2026-08-01T19:00:00,camera_manual
5b5a11ac-da33-4eb4-b0a3-2ef746f744f4___JR_FrgE.S 8576.JPG,Apple___Black_rot,T4,2026-08-01T21:00:00,camera_manual
5b9c8470-c6dc-4b79-b191-9dd6c82309c8___JR_FrgE.S 8580.JPG,Apple___Black_rot,T4,2026-08-01T09:00:00,camera_manual
5c395ddb-11d6-40eb-8049-98c98cc4ec96___JR_FrgE.S 2928.JPG,Apple___Black_rot,T2,2026-08-01T19:00:00,camera_manual
5c65f741-4418-4e2d-b93e-b899d6244b11___JR_FrgE.S 8769.JPG,Apple___Black_rot,T1,2026-08-02T06:00:00,drone
5c857785-58d0-4e74-8fff-dce904538692___JR_FrgE.S 2790.JPG,Apple___Black_rot,T4,2026-08-01T21:00:00,camera_manual
5d1c501f-ce9a-4538-ac05-bda251444cba___JR_FrgE.S 3035.JPG,Apple___Black_rot,T3,2026-08-02T20:00:00,drone
5d35cca0-8f51-4cfc-945a-1bd10fd62002___JR_FrgE.S 2966.JPG,Apple___Black_rot,T1,2026-08-02T14:00:00,drone
5db69c6b-f9c9-4a3f-b47a-ca6449023bdd___JR_FrgE.S 2757.JPG,Apple___Black_rot,T3,2026-08-01T08:00:00,drone
5dea1611-b335-47f7-aa30-e6856f668c80___JR_FrgE.S 2968.JPG,Apple___Black_rot,T3,2026-08-02T12:00:00,drone
5e917525-fa2f-473b-bed0-cd45b77f2388___JR_FrgE.S 2816.JPG,Apple___Black_rot,T3,2026-08-01T08:00:00,drone
5f569320-f84c-4a08-b414-1fd93f7e382b___JR_FrgE.S 8661.JPG,Apple___Black_rot,T1,2026-08-02T18:00:00,drone
60a8b7ad-7039-4c35-82da-ad011a1e856e___JR_FrgE.S 2805.JPG,Apple___Black_rot,T1,2026-08-01T18:00:00,drone
60dec11d-0e49-4bb4-b7ce-ecf90f8ac028___JR_FrgE.S 3042.JPG,Apple___Black_rot,T1,2026-08-02T02:00:00,drone
60e1b273-cedb-4003-a197-014832ed51fa___JR_FrgE.S 8684.JPG,Apple___Black_rot,T3,2026-08-02T00:00:00,drone
62cc4916-2674-472e-a48c-0ce986aa85e3___JR_FrgE.S 8793.JPG,Apple___Black_rot,T1,2026-08-01T18:00:00,drone
62da4031-70ae-4d8b-8beb-c5dc7b9b12f0___JR_FrgE.S 2832.JPG,Apple___Black_rot,T1,2026-08-02T02:00:00,drone
6330666e-a1cc-48c5-8e60-64cdf531c294___JR_FrgE.S 8795.JPG,Apple___Black_rot,T4,2026-08-02T05:00:00,camera_manual
6383ae21-b6d0-4b70-bc85-ba2640aa7af2___JR_FrgE.S 8754.JPG,Apple___Black_rot,T4,2026-08-02T05:00:00,camera_manual
64577b36-9701-43be-a559-10f787f2d185___JR_FrgE.S 8611.JPG,Apple___Black_rot,T3,2026-08-02T20:00:00,drone
64b3612f-e972-44c5-8ef0-c9ac194c34a9___JR_FrgE.S 8623.JPG,Apple___Black_rot,T3,2026-08-01T08:00:00,drone
64d43490-e345-4690-8232-071bf0174895___JR_FrgE.S 3031.JPG,Apple___Black_rot,T2,2026-08-01T15:00:00,camera_manual
65e6c212-6363-4ba2-8245-52c5266efad0___JR_FrgE.S 8625.JPG,Apple___Black_rot,T3,2026-08-02T12:00:00,drone
661a0919-e47a-4fcb-a815-d6ba84c17d93___JR_FrgE.S 2864.JPG,Apple___Black_rot,T2,2026-08-02T03:00:00,camera_manual
668dfffb-b15e-4226-92fb-d7a2795821e0___JR_FrgE.S 2794.JPG,Apple___Black_rot,T3,2026-08-02T04:00:00,drone
67281292-f15a-4157-b531-395f3844e6ce___JR_FrgE.S 2792.JPG,Apple___Black_rot,T2,2026-08-02T19:00:00,camera_manual
67a17e09-3409-4515-bde6-cb739d679f64___JR_FrgE.S 8708.JPG,Apple___Black_rot,T4,2026-08-02T17:00:00,camera_manual
68566f26-8158-4fd5-9c5f-0a29eec5225a___JR_FrgE.S 8746.JPG,Apple___Black_rot,T1,2026-08-01T14:00:00,drone
6923c419-55d4-4f33-91aa-9ecfb860d72d___JR_FrgE.S 8763.JPG,Apple___Black_rot,T4,2026-08-02T01:00:00,camera_manual
6941b868-48df-4f58-9b34-4bc9d9e82867___JR_FrgE.S 8668.JPG,Apple___Black_rot,T3,2026-08-01T16:00:00,drone
6af653b0-6a01-458c-bb17-5ee1b76115f4___JR_FrgE.S 2753.JPG,Apple___Black_rot,T2,2026-08-01T11:00:00,camera_manual
6af96fb3-002f-48b3-a2e8-fb5cf30dfa63___JR_FrgE.S 2998.JPG,Apple___Black_rot,T2,2026-08-02T11:00:00,camera_manual
6b078700-56e6-4d25-a18a-b7b90741a2d3___JR_FrgE.S 2963.JPG,Apple___Black_rot,T4,2026-08-02T13:00:00,camera_manual
6b2b70e7-1dd3-40a0-a2d3-89d84a3e6698___JR_FrgE.S 2956.JPG,Apple___Black_rot,T1,2026-08-02T06:00:00,drone
6bda7e61-7fff-42d8-b7f4-e304adde45b8___JR_FrgE.S 2954.JPG,Apple___Black_rot,T1,2026-08-01T14:00:00,drone
6c213dbb-aa21-4334-a773-8dc69f4421d2___JR_FrgE.S 2909.JPG,Apple___Black_rot,T1,2026-08-02T18:00:00,drone
6c38e74e-6926-45f1-a1cf-c974d49491e4___JR_FrgE.S 3076.JPG,Apple___Black_rot,T2,2026-08-02T07:00:00,camera_manual
6ca0d950-03b6-4d1f-a4a2-562ca529cad3___JR_FrgE.S 8660.JPG,Apple___Black_rot,T2,2026-08-02T03:00:00,camera_manual
6cb50cab-0f02-4a52-a98f-17c096a6b79f___JR_FrgE.S 8637.JPG,Apple___Black_rot,T3,2026-08-01T12:00:00,drone
6cc6804c-7b02-42a5-86ae-92add86eb89d___JR_FrgE.S 2825.JPG,Apple___Black_rot,T1,2026-08-02T02:00:00,drone
6ce1eb43-e41c-4eb0-9440-db5a955ab7b6___JR_FrgE.S 2919.JPG,Apple___Black_rot,T1,2026-08-01T06:00:00,drone
6df2fa87-ba57-4627-ae8f-cba5f080e9cd___JR_FrgE.S 3049.JPG,Apple___Black_rot,T1,2026-08-01T14:00:00,drone
6dfd829f-aca0-459d-aa67-ed4636a66033___JR_FrgE.S 8653.JPG,Apple___Black_rot,T1,2026-08-01T22:00:00,drone
6e21042a-928f-4e40-81bf-3a103ff52765___JR_FrgE.S 2938.JPG,Apple___Black_rot,T2,2026-08-01T15:00:00,camera_manual
6e6ba2b7-f2dd-4e99-816a-0e0b8dd6d6bf___JR_FrgE.S 2762.JPG,Apple___Black_rot,T4,2026-08-02T21:00:00,camera_manual
6f38c615-281d-4bf5-8d92-7c02d3ef9e1b___JR_FrgE.S 8753.JPG,Apple___Black_rot,T1,2026-08-01T14:00:00,drone
70186489-b6ea-477c-8893-d6915b7d5490___JR_FrgE.S 2974.JPG,Apple___Black_rot,T4,2026-08-01T09:00:00,camera_manual
70336f72-8835-40a2-8635-22b60104c19a___JR_FrgE.S 8656.JPG,Apple___Black_rot,T4,2026-08-02T17:00:00,camera_manual
70ba699d-a8aa-494a-889f-fd7e54a723be___JR_FrgE.S 2760.JPG,Apple___Black_rot,T2,2026-08-01T15:00:00,camera_manual
717c4f62-f05f-4345-a5d7-3b34f3a2efb6___JR_FrgE.S 2836.JPG,Apple___Black_rot,T2,2026-08-01T11:00:00,camera_manual
719f24ab-9127-4a77-9f7e-7b47acb9f977___JR_FrgE.S 8802.JPG,Apple___Black_rot,T4,2026-08-01T21:00:00,camera_manual
723e8edc-3701-4ba1-bda2-7e0ebd535797___JR_FrgE.S 2837.JPG,Apple___Black_rot,T3,2026-08-02T08:00:00,drone
727f3a92-f43b-4388-84ff-3865ee745b42___JR_FrgE.S 3000.JPG,Apple___Black_rot,T3,2026-08-01T12:00:00,drone
72fb58a6-e08c-4192-8c00-f5f5916c7ff8___JR_FrgE.S 8596.JPG,Apple___Black_rot,T3,2026-08-01T16:00:00,drone
7375bf36-7a8e-4fc5-8ee8-0bee7bfb3574___JR_FrgE.S 2874.JPG,Apple___Black_rot,T4,2026-08-01T09:00:00,camera_manual
7389e6f0-9d77-41fd-b58c-e7d80c659ab6___JR_FrgE.S 8773.JPG,Apple___Black_rot,T2,2026-08-02T03:00:00,camera_manual
73a2cc6f-1383-4f70-bda6-02f4c0944ee5___JR_FrgE.S 8692.JPG,Apple___Black_rot,T4,2026-08-01T21:00:00,camera_manual
73b7ad12-02d0-4775-8f51-c7d404177132___JR_FrgE.S 2969.JPG,Apple___Black_rot,T1,2026-08-02T06:00:00,drone
73c50901-aab5-4f70-bf2a-5d1b9d235260___JR_FrgE.S 2798.JPG,Apple___Black_rot,T3,2026-08-02T00:00:00,drone
73fcc7b8-b884-45ef-a52f-6ed6b2f93c27___JR_FrgE.S 8642.JPG,Apple___Black_rot,T1,2026-08-02T10:00:00,drone
74276bec-59f3-4bb6-b739-0b6ed819288c___JR_FrgE.S 2925.JPG,Apple___Black_rot,T1,2026-08-01T18:00:00,drone
74dfd7d6-e78e-47d9-8530-35acab5cd01f___JR_FrgE.S 3027.JPG,Apple___Black_rot,T1,2026-08-02T10:00:00,drone
7504315d-b8fb-4b7d-a293-2e224968ab30___JR_FrgE.S 8697.JPG,Apple___Black_rot,T2,2026-08-02T07:00:00,camera_manual
7530c184-6aa8-40fa-9f8d-7e5f0b3e5a7e___JR_FrgE.S 3045.JPG,Apple___Black_rot,T4,2026-08-01T17:00:00,camera_manual
7558e6ff-8441-4ed8-b881-54288ab95441___JR_FrgE.S 2920.JPG,Apple___Black_rot,T2,2026-08-02T11:00:00,camera_manual
75e9b8ed-e579-469c-96ec-d964fc7d4d90___JR_FrgE.S 8581.JPG,Apple___Black_rot,T2,2026-08-01T19:00:00,camera_manual
760ef647-ba10-4477-a388-105182a0c0e2___JR_FrgE.S 2895.JPG,Apple___Black_rot,T4,2026-08-02T17:00:00,camera_manual
769283e3-f7ec-4e62-b907-4b22d1bda1ea___JR_FrgE.S 8618.JPG,Apple___Black_rot,T1,2026-08-02T10:00:00,drone
777543a0-d23f-4e13-904d-d4a19fbed594___JR_FrgE.S 8643.JPG,Apple___Black_rot,T4,2026-08-01T13:00:00,camera_manual
77843368-1495-4113-b865-83e381f0641e___JR_FrgE.S 8791.JPG,Apple___Black_rot,T4,2026-08-01T13:00:00,camera_manual
788885e1-18b4-44a0-af85-226e66265220___JR_FrgE.S 8574.JPG,Apple___Black_rot,T2,2026-08-01T19:00:00,camera_manual
789c7185-b853-4638-b621-03ee71ce0c7e___JR_FrgE.S 8641.JPG,Apple___Black_rot,T2,2026-08-02T11:00:00,camera_manual
78c153fc-2118-4a91-8b39-3a0c92091097___JR_FrgE.S 3069.JPG,Apple___Black_rot,T1,2026-08-02T18:00:00,drone
78d063f1-e38a-414f-85f1-72cbf3dbe229___JR_FrgE.S 2884.JPG,Apple___Black_rot,T2,2026-08-01T11:00:00,camera_manual
7a081a31-bbfa-4a43-8579-3353f6672f76___JR_FrgE.S 2861.JPG,Apple___Black_rot,T2,2026-08-02T15:00:00,camera_manual
7add2958-0ee2-42e3-a99f-4b7a8e51db04___JR_FrgE.S 8745.JPG,Apple___Black_rot,T1,2026-08-02T02:00:00,drone
7add2e39-6555-4d52-ad02-b1bb061db8e7___JR_FrgE.S 3039.JPG,Apple___Black_rot,T2,2026-08-02T11:00:00,camera_manual
7b417a00-eed4-4192-9ab1-709859e6556a___JR_FrgE.S 8650.JPG,Apple___Black_rot,T3,2026-08-01T08:00:00,drone
7b4b37d4-fec6-4e52-8c88-a6e1e69aeeb2___JR_FrgE.S 8588.JPG,Apple___Black_rot,T4,2026-08-02T05:00:00,camera_manual
7c08d160-a5ef-4142-b743-8e484c95d8b8___JR_FrgE.S 2815.JPG,Apple___Black_rot,T4,2026-08-02T01:00:00,camera_manual
7c6d3ea5-7af7-411b-982d-8054c545818e___JR_FrgE.S 3009.JPG,Apple___Black_rot,T1,2026-08-01T18:00:00,drone
7c9765f6-d792-4621-a01e-0a1b4e550ada___JR_FrgE.S 2862.JPG,Apple___Black_rot,T3,2026-08-01T20:00:00,drone
7d0776a1-7aba-4923-93b5-7ec629ca108b___JR_FrgE.S 2902.JPG,Apple___Black_rot,T4,2026-08-02T17:00:00,camera_manual
7d0d902e-524f-48da-9eee-41642cc78aef___JR_FrgE.S 2911.JPG,Apple___Black_rot,T3,2026-08-01T12:00:00,drone
7d2062c0-076d-4b98-b9f4-681f9b728cd9___JR_FrgE.S 8633.JPG,Apple___Black_rot,T2,2026-08-02T03:00:00,camera_manual
7dd50c96-8c45-4a38-bb17-e382cd5a3578___JR_FrgE.S 2829.JPG,Apple___Black_rot,T4,2026-08-02T09:00:00,camera_manual
7e008f42-c268-4ca8-9acc-4682019ba060___JR_FrgE.S 8600.JPG,Apple___Black_rot,T3,2026-08-01T08:00:00,drone
7e56a062-a114-49ac-b029-292e4f0a68ff___JR_FrgE.S 8783.JPG,Apple___Black_rot,T1,2026-08-01T18:00:00,drone
7e9d57ad-9e61-49f8-841c-c49b8aa1c1e1___JR_FrgE.S 8786.JPG,Apple___Black_rot,T2,2026-08-01T19:00:00,camera_manual
7eee2c9b-285a-411a-950b-7cd5547a9440___JR_FrgE.S 3028.JPG,Apple___Black_rot,T1,2026-08-02T14:00:00,drone
7f11ba2d-0894-4240-9d41-b0e131d8e711___JR_FrgE.S 2731.JPG,Apple___Black_rot,T3,2026-08-01T20:00:00,drone
7f1f4f8b-86cc-4cc5-bb70-8b1653cea8ae___JR_FrgE.S 8649.JPG,Apple___Black_rot,T4,2026-08-01T21:00:00,camera_manual
7f421e23-fede-4111-b6ab-cca2474f7d0e___JR_FrgE.S 2809.JPG,Apple___Black_rot,T2,2026-08-01T07:00:00,camera_manual
7fb51374-f3ae-4dc9-8e0b-f25552528852___JR_FrgE.S 2894.JPG,Apple___Black_rot,T4,2026-08-01T09:00:00,camera_manual
7fb5fc63-2f5e-45a1-8746-88e4e7883ffc___JR_FrgE.S 3059.JPG,Apple___Black_rot,T3,2026-08-01T08:00:00,drone
804f69a4-cd0f-4579-9b9d-b1a032160642___JR_FrgE.S 3018.JPG,Apple___Black_rot,T4,2026-08-02T17:00:00,camera_manual
81c39f57-58f1-43cb-9d40-687e88b4734a___JR_FrgE.S 2960.JPG,Apple___Black_rot,T4,2026-08-02T13:00:00,camera_manual
82222b3b-3999-40ad-8d80-d7ce0f74bbc3___JR_FrgE.S 8787.JPG,Apple___Black_rot,T4,2026-08-02T05:00:00,camera_manual
8267ac2d-0e8f-4ed3-9da2-8180b99cc26a___JR_FrgE.S 8646.JPG,Apple___Black_rot,T4,2026-08-01T09:00:00,camera_manual
8277c9af-7689-4fc8-9fe2-66e9005c7c1d___JR_FrgE.S 8609.JPG,Apple___Black_rot,T1,2026-08-02T02:00:00,drone
82c2189f-9a4c-42f8-8e1a-fc67e2c7ebb8___JR_FrgE.S 2761.JPG,Apple___Black_rot,T3,2026-08-02T12:00:00,drone
8371e040-cf1b-4c28-a52c-db9c10ad9465___JR_FrgE.S 3007.JPG,Apple___Black_rot,T2,2026-08-01T07:00:00,camera_manual
8381c748-f548-4ae2-be56-cb72184a7055___JR_FrgE.S 3082.JPG,Apple___Black_rot,T3,2026-08-02T08:00:00,drone
83ec5e47-c1db-4889-9725-9c2daab2d112___JR_FrgE.S 8583.JPG,Apple___Black_rot,T3,2026-08-02T20:00:00,drone
842d3c43-4e5a-49aa-95b1-fb7e9be3d133___JR_FrgE.S 2802.JPG,Apple___Black_rot,T2,2026-08-01T11:00:00,camera_manual
8440ba8d-c3be-4824-ad91-b19e45a14487___JR_FrgE.S 2772.JPG,Apple___Black_rot,T2,2026-08-01T07:00:00,camera_manual
848b600b-f609-44c5-bc09-15dd1af0b01c___JR_FrgE.S 8735.JPG,Apple___Black_rot,T1,2026-08-01T14:00:00,drone
8503d510-a7c2-409d-bbbe-5a7b03611a8a___JR_FrgE.S 2740.JPG,Apple___Black_rot,T1,2026-08-02T14:00:00,drone
85e5214e-2998-49c7-bdb9-ee8122387704___JR_FrgE.S 8691.JPG,Apple___Black_rot,T2,2026-08-02T19:00:00,camera_manual
86110fa2-5836-43ed-856e-9a5fa416404f___JR_FrgE.S 8624.JPG,Apple___Black_rot,T1,2026-08-01T06:00:00,drone
86ccf889-8755-4331-a520-d31f49eb06a7___JR_FrgE.S 8711.JPG,Apple___Black_rot,T2,2026-08-02T19:00:00,camera_manual
87975b41-e762-4574-b56c-4d94b4238d63___JR_FrgE.S 2733.JPG,Apple___Black_rot,T4,2026-08-01T21:00:00,camera_manual
888c8b6e-55cb-4492-b489-22f3624f1c39___JR_FrgE.S 8765.JPG,Apple___Black_rot,T3,2026-08-02T20:00:00,drone
898348ae-7cf3-4be6-9020-9b892558d4e9___JR_FrgE.S 2729.JPG,Apple___Black_rot,T2,2026-08-02T07:00:00,camera_manual
899768af-a460-4c1d-9889-afd2536e7238___JR_FrgE.S 2957.JPG,Apple___Black_rot,T2,2026-08-02T15:00:00,camera_manual
8a1bb676-5d3e-423b-a667-c72d099215ab___JR_FrgE.S 2842.JPG,Apple___Black_rot,T3,2026-08-02T16:00:00,drone
8c033a16-bdf6-46ee-ac3b-2d84a6940950___JR_FrgE.S 8614.JPG,Apple___Black_rot,T2,2026-08-01T23:00:00,camera_manual
8c6b887d-0ef4-4b77-8d89-b105a388d1e5___JR_FrgE.S 2749.JPG,Apple___Black_rot,T2,2026-08-02T07:00:00,camera_manual
8cd80d06-a223-433e-adce-c0feed839b97___JR_FrgE.S 8679.JPG,Apple___Black_rot,T4,2026-08-01T21:00:00,camera_manual
8d816370-cd56-4eb4-8d73-f9966e1853c6___JR_FrgE.S 2882.JPG,Apple___Black_rot,T1,2026-08-02T18:00:00,drone
8d911287-49a5-4b0b-b9e5-8d270baf40f0___JR_FrgE.S 8792.JPG,Apple___Black_rot,T1,2026-08-01T10:00:00,drone
8d935efd-8dba-4847-954f-a914d93d8d07___JR_FrgE.S 2857.JPG,Apple___Black_rot,T1,2026-08-01T10:00:00,drone
8ef1ae5f-e7e1-481d-a2ee-946d9ea29c01___JR_FrgE.S 2932.JPG,Apple___Black_rot,T2,2026-08-01T19:00:00,camera_manual
8f3ed2e0-268d-485c-bfd0-0911db9ab888___JR_FrgE.S 8820.JPG,Apple___Black_rot,T2,2026-08-02T03:00:00,camera_manual
8f866e9b-a1e4-4b34-89f0-74f2ddc641d1___JR_FrgE.S 8738.JPG,Apple___Black_rot,T2,2026-08-01T07:00:00,camera_manual
90939c76-a197-49cd-b8cc-37f096cbaa97___JR_FrgE.S 3044.JPG,Apple___Black_rot,T4,2026-08-02T13:00:00,camera_manual
90af12e6-8764-4cb5-9f88-ac1fa8b337c0___JR_FrgE.S 2738.JPG,Apple___Black_rot,T2,2026-08-01T15:00:00,camera_manual
91270769-9fc1-4544-bb8e-b48450b7ad62___JR_FrgE.S 2953.JPG,Apple___Black_rot,T4,2026-08-01T13:00:00,camera_manual
919b43c2-b954-4a1b-a3c7-602fc1ed00e4___JR_FrgE.S 2823.JPG,Apple___Black_rot,T4,2026-08-02T17:00:00,camera_manual
932e43a7-738f-4864-92e2-745bb715160e___JR_FrgE.S 2997.JPG,Apple___Black_rot,T4,2026-08-01T21:00:00,camera_manual
934ee916-4db9-4c1a-903e-3ebdd8201178___JR_FrgE.S 8740.JPG,Apple___Black_rot,T1,2026-08-02T10:00:00,drone
938c07c1-f2ad-4cbe-b088-51a085442c3b___JR_FrgE.S 2846.JPG,Apple___Black_rot,T4,2026-08-02T09:00:00,camera_manual
93f9f8ea-31c2-412f-b3c4-49ee75312d76___JR_FrgE.S 2978.JPG,Apple___Black_rot,T2,2026-08-02T03:00:00,camera_manual
94ef739e-57a7-4f97-be8e-6ba2cfd16780___JR_FrgE.S 8664.JPG,Apple___Black_rot,T4,2026-08-01T13:00:00,camera_manual
952ab9a0-bfcc-408c-a7d7-c8ae485acb7c___JR_FrgE.S 2993.JPG,Apple___Black_rot,T4,2026-08-02T17:00:00,camera_manual
953017bf-0b57-4fd9-a696-3fb00aa84c24___JR_FrgE.S 8590.JPG,Apple___Black_rot,T4,2026-08-02T13:00:00,camera_manual
954d8d3f-c11e-4202-b5e5-501d5e41752b___JR_FrgE.S 2942.JPG,Apple___Black_rot,T3,2026-08-02T12:00:00,drone
958e6e27-a6b7-4764-8af1-8a32934130ed___JR_FrgE.S 2776.JPG,Apple___Black_rot,T4,2026-08-02T05:00:00,camera_manual
9675b0f0-4169-495a-b285-67fbeeacf873___JR_FrgE.S 8621.JPG,Apple___Black_rot,T1,2026-08-02T06:00:00,drone
967689f2-c160-430a-9b4d-cd05f661427c___JR_FrgE.S 2923.JPG,Apple___Black_rot,T3,2026-08-02T20:00:00,drone
968bdbff-52bd-4cf6-a443-96d960b554ac___JR_FrgE.S 3094.JPG,Apple___Black_rot,T1,2026-08-01T10:00:00,drone
9691ae31-5b5d-4160-ae00-77358aff80ee___JR_FrgE.S 8719.JPG,Apple___Black_rot,T1,2026-08-01T10:00:00,drone
96922007-b6ba-4925-a18a-2b19138d9297___JR_FrgE.S 2800.JPG,Apple___Black_rot,T3,2026-08-02T04:00:00,drone
977c9b03-47f2-412d-a73d-7e647e973336___JR_FrgE.S 2887.JPG,Apple___Black_rot,T2,2026-08-02T11:00:00,camera_manual
97d15940-6015-4ed9-bb70-e134a88ecc25___JR_FrgE.S 8680.JPG,Apple___Black_rot,T2,2026-08-02T07:00:00,camera_manual
988c58b8-9323-4b0f-86de-c4fe396f09b8___JR_FrgE.S 8648.JPG,Apple___Black_rot,T2,2026-08-02T15:00:00,camera_manual
98f61299-9578-49f4-8907-1d06e8b15d8a___JR_FrgE.S 8617.JPG,Apple___Black_rot,T1,2026-08-02T10:00:00,drone
9922fc5b-28d9-4ad7-90f2-7ad252f716dc___JR_FrgE.S 2741.JPG,Apple___Black_rot,T2,2026-08-02T15:00:00,camera_manual
99cce45c-9aaf-4d6d-bf66-491132557c12___JR_FrgE.S 8629.JPG,Apple___Black_rot,T1,2026-08-01T14:00:00,drone
9a74119d-ce66-49a9-bec1-52df73abf8d0___JR_FrgE.S 2910.JPG,Apple___Black_rot,T3,2026-08-02T12:00:00,drone
9b5bb550-6b75-47a3-a702-08ef34def9ff___JR_FrgE.S 8743.JPG,Apple___Black_rot,T4,2026-08-02T05:00:00,camera_manual
9bae8265-90e1-4b34-8db3-35b530fded3d___JR_FrgE.S 8667.JPG,Apple___Black_rot,T3,2026-08-02T00:00:00,drone
9c58d931-8414-452e-b9cb-f911b8890236___JR_FrgE.S 2778.JPG,Apple___Black_rot,T2,2026-08-02T07:00:00,camera_manual
9cde32eb-f860-4ba0-8d6e-34db1fbaf8b2___JR_FrgE.S 2875.JPG,Apple___Black_rot,T2,2026-08-01T11:00:00,camera_manual
9d79342d-4445-42d1-878c-7f0c91e285fe___JR_FrgE.S 3011.JPG,Apple___Black_rot,T4,2026-08-02T21:00:00,camera_manual
9d8d2d78-8faf-4a85-90b6-2a2ffed94d83___JR_FrgE.S 8721.JPG,Apple___Black_rot,T2,2026-08-02T19:00:00,camera_manual
9db01900-2a71-4acc-a9e8-f1a462707cf8___JR_FrgE.S 3004.JPG,Apple___Black_rot,T3,2026-08-01T12:00:00,drone
9db24caa-7d1e-4b4d-a5fd-ddc794e48ec4___JR_FrgE.S 2980.JPG,Apple___Black_rot,T4,2026-08-01T21:00:00,camera_manual
9dc8568b-4e22-4272-b012-3d3aaa0c8247___JR_FrgE.S 2850.JPG,Apple___Black_rot,T4,2026-08-01T13:00:00,camera_manual
9dd36e5e-2ca6-4ab3-8f5f-4ffb594a6023___JR_FrgE.S 2745.JPG,Apple___Black_rot,T4,2026-08-02T13:00:00,camera_manual
9e24d361-b5e7-4634-9c76-e3fab5e51d87___JR_FrgE.S 8816.JPG,Apple___Black_rot,T1,2026-08-01T14:00:00,drone
9e4c3e90-477d-4b7e-8227-bf82a037024e___JR_FrgE.S 3003.JPG,Apple___Black_rot,T1,2026-08-01T06:00:00,drone
9eaff91a-1260-4d17-844d-65ab1ee09752___JR_FrgE.S 2736.JPG,Apple___Black_rot,T4,2026-08-02T13:00:00,camera_manual
9efc127e-4eb6-403a-87f8-1c57c2bb8298___JR_FrgE.S 8657.JPG,Apple___Black_rot,T2,2026-08-02T11:00:00,camera_manual
9f05f403-78c7-4a14-9c4d-452f433745eb___JR_FrgE.S 3091.JPG,Apple___Black_rot,T1,2026-08-01T06:00:00,drone
9febcc67-da4b-4424-a2cc-2bd6e19833ce___JR_FrgE.S 3054.JPG,Apple___Black_rot,T2,2026-08-02T03:00:00,camera_manual
a0508a43-b31b-4d26-9ed0-96b04400b187___JR_FrgE.S 3060.JPG,Apple___Black_rot,T4,2026-08-01T21:00:00,camera_manual
a0953d6d-067c-4b49-86fb-162d14d2fed0___JR_FrgE.S 2796.JPG,Apple___Black_rot,T2,2026-08-01T23:00:00,camera_manual
a0d95497-da4c-40dd-bc2a-d29d1629bd4f___JR_FrgE.S 8759.JPG,Apple___Black_rot,T1,2026-08-01T18:00:00,drone
a133da59-4ece-4efc-85a6-9376149371e4___JR_FrgE.S 2860.JPG,Apple___Black_rot,T3,2026-08-01T12:00:00,drone
a157b760-a19d-4e6b-a319-29b63106de45___JR_FrgE.S 2751.JPG,Apple___Black_rot,T2,2026-08-02T03:00:00,camera_manual
a23597b9-4e73-4b9c-8ef1-de02d2f2178c___JR_FrgE.S 8690.JPG,Apple___Black_rot,T4,2026-08-02T17:00:00,camera_manual
a285e174-d731-431e-b8c5-f5e895a2e2a4___JR_FrgE.S 2975.JPG,Apple___Black_rot,T3,2026-08-02T12:00:00,drone
a2d0df69-e2ee-4b7b-8b48-051027a83258___JR_FrgE.S 2936.JPG,Apple___Black_rot,T3,2026-08-01T12:00:00,drone
a2e4f04e-63f9-4c66-aa1b-bf0f0b6937dc___JR_FrgE.S 8756.JPG,Apple___Black_rot,T2,2026-08-01T19:00:00,camera_manual
a2eb846a-da47-4d4d-97db-d954a20bb22a___JR_FrgE.S 2868.JPG,Apple___Black_rot,T2,2026-08-01T11:00:00,camera_manual
a31cafc7-a39b-4689-83bd-4becd49ab74b___JR_FrgE.S 8760.JPG,Apple___Black_rot,T2,2026-08-01T23:00:00,camera_manual
a352005b-d036-4aa9-8e17-babac0a9b882___JR_FrgE.S 8628.JPG,Apple___Black_rot,T2,2026-08-01T23:00:00,camera_manual
a38a8891-5883-4cfd-9718-2566dccfa114___JR_FrgE.S 8670.JPG,Apple___Black_rot,T4,2026-08-01T17:00:00,camera_manual
a3fddb87-e0d3-4ebb-8a5e-2b7bc9c33ee8___JR_FrgE.S 3084.JPG,Apple___Black_rot,T3,2026-08-01T08:00:00,drone
a50f7480-3c37-4b00-8b5a-d42740523748___JR_FrgE.S 8748.JPG,Apple___Black_rot,T1,2026-08-02T14:00:00,drone
a55923f0-3b82-40ee-8211-720503bc00af___JR_FrgE.S 2808.JPG,Apple___Black_rot,T4,2026-08-02T21:00:00,camera_manual
a572ba2c-a691-4133-bb2f-e6e97edb749c___JR_FrgE.S 2991.JPG,Apple___Black_rot,T1,2026-08-01T10:00:00,drone
a59e57c9-a916-447d-95a0-959f1fb51447___JR_FrgE.S 8819.JPG,Apple___Black_rot,T2,2026-08-02T07:00:00,camera_manual
a5c9d465-9070-44e2-9974-ad6ed6ffaaf5___JR_FrgE.S 2853.JPG,Apple___Black_rot,T4,2026-08-02T13:00:00,camera_manual
a716360d-b3c2-4fcb-9ac0-98c5f3cc429b___JR_FrgE.S 2810.JPG,Apple___Black_rot,T2,2026-08-02T19:00:00,camera_manual
a77bffea-c0d7-4c29-bf1a-9401fb8d42ad___JR_FrgE.S 2872.JPG,Apple___Black_rot,T3,2026-08-01T08:00:00,drone
a79f3789-8c2c-4a04-acb4-f96544b93082___JR_FrgE.S 2880.JPG,Apple___Black_rot,T3,2026-08-02T08:00:00,drone
a899313e-320c-4843-a7bc-ca7eb2a81883___JR_FrgE.S 2992.JPG,Apple___Black_rot,T3,2026-08-01T08:00:00,drone
a8ce9225-ca25-41ba-8c19-4d80ffcb4c93___JR_FrgE.S 8570.JPG,Apple___Black_rot,T2,2026-08-02T07:00:00,camera_manual
a8f06c83-bcab-4431-8c91-b00331c4b067___JR_FrgE.S 8613.JPG,Apple___Black_rot,T3,2026-08-02T08:00:00,drone
a97c2088-9bf7-4840-8a41-813aadae4aa6___JR_FrgE.S 2793.JPG,Apple___Black_rot,T1,2026-08-02T02:00:00,drone
a9d80158-0e41-4e0d-8a6b-ec0df3a83ed4___JR_FrgE.S 2845.JPG,Apple___Black_rot,T2,2026-08-01T07:00:00,camera_manual
aaac9e5e-60de-4b93-89c2-e5b18accaf57___JR_FrgE.S 3075.JPG,Apple___Black_rot,T4,2026-08-02T13:00:00,camera_manual
ab1b3baa-483a-4b41-b5d7-32e043f52594___JR_FrgE.S 3073.JPG,Apple___Black_rot,T1,2026-08-01T22:00:00,drone
ab496771-c3b7-4c15-8cf1-d90455ab05cc___JR_FrgE.S 8573.JPG,Apple___Black_rot,T4,2026-08-01T21:00:00,camera_manual
ab55985d-4327-44d3-ac98-17d99f4bf18d___JR_FrgE.S 2754.JPG,Apple___Black_rot,T2,2026-08-01T23:00:00,camera_manual
abdb807d-552f-433d-bb3e-b73494bbff15___JR_FrgE.S 8780.JPG,Apple___Black_rot,T4,2026-08-02T01:00:00,camera_manual
ac638c74-99c4-434f-a9a1-ef727fa494eb___JR_FrgE.S 2986.JPG,Apple___Black_rot,T3,2026-08-02T04:00:00,drone
acb4845c-bee1-478c-b11c-ade0ae397c51___JR_FrgE.S 8818.JPG,Apple___Black_rot,T1,2026-08-01T14:00:00,drone
ad42c269-aca2-4b1b-9e3d-59108ccb79a3___JR_FrgE.S 8622.JPG,Apple___Black_rot,T1,2026-08-02T18:00:00,drone
aed39453-1ff0-44b9-90e8-7cabf883340e___JR_FrgE.S 2873.JPG,Apple___Black_rot,T1,2026-08-02T18:00:00,drone
aeddf040-51e9-439f-9d30-d7db6559508c___JR_FrgE.S 2914.JPG,Apple___Black_rot,T1,2026-08-02T06:00:00,drone
af1789f1-b904-40db-bb01-dc3b08141319___JR_FrgE.S 8809.JPG,Apple___Black_rot,T2,2026-08-02T07:00:00,camera_manual
af71d90f-c209-4d1d-8c80-0d7cab342106___JR_FrgE.S 8696.JPG,Apple___Black_rot,T1,2026-08-01T10:00:00,drone
af952e46-4478-4672-a9dc-b0ed14cc1f8c___JR_FrgE.S 8598.JPG,Apple___Black_rot,T4,2026-08-02T09:00:00,camera_manual
b0fce660-5598-4007-b8d0-7cbd643edb9e___JR_FrgE.S 2851.JPG,Apple___Black_rot,T3,2026-08-01T16:00:00,drone
b157d655-9533-4c1d-a9bc-8f6351b06306___JR_FrgE.S 3087.JPG,Apple___Black_rot,T3,2026-08-01T20:00:00,drone
b1fb1490-dd67-4f69-97a4-a770ab7c8301___JR_FrgE.S 8587.JPG,Apple___Black_rot,T3,2026-08-02T04:00:00,drone
b1fbd9e5-c3b6-4aac-a77e-87ca51994e4f___JR_FrgE.S 8752.JPG,Apple___Black_rot,T4,2026-08-01T17:00:00,camera_manual
b2d126c0-49f9-4013-a6bf-2c08ffe87f94___JR_FrgE.S 2865.JPG,Apple___Black_rot,T2,2026-08-02T07:00:00,camera_manual
b303fd07-e783-4013-90a5-dc989eec371f___JR_FrgE.S 2916.JPG,Apple___Black_rot,T1,2026-08-02T14:00:00,drone
b371e9c4-177b-4bfb-9430-e14f9f30a06d___JR_FrgE.S 2803.JPG,Apple___Black_rot,T4,2026-08-02T21:00:00,camera_manual
b3bd5eb8-caa5-4a52-8c90-2a47bd450d93___JR_FrgE.S 2830.JPG,Apple___Black_rot,T3,2026-08-01T20:00:00,drone
b3d4d826-24df-4033-b9ca-fd5625d68f0d___JR_FrgE.S 2994.JPG,Apple___Black_rot,T1,2026-08-01T14:00:00,drone
b435d2d9-20c4-47cf-8420-2aa6c0ddd04a___JR_FrgE.S 8742.JPG,Apple___Black_rot,T3,2026-08-01T08:00:00,drone
b4607568-7941-42d9-98e6-fdaae7bd6530___JR_FrgE.S 2756.JPG,Apple___Black_rot,T4,2026-08-02T05:00:00,camera_manual
b48b4bc3-f7dc-4c57-90eb-0bc29c8c1b5f___JR_FrgE.S 2744.JPG,Apple___Black_rot,T3,2026-08-01T12:00:00,drone
b5e8225f-baa9-4ee0-ae0d-3e15cd7e95b8___JR_FrgE.S 8718.JPG,Apple___Black_rot,T4,2026-08-02T21:00:00,camera_manual
b6850718-a674-4eb2-9a5b-bb7ae5f32ce8___JR_FrgE.S 8602.JPG,Apple___Black_rot,T4,2026-08-01T21:00:00,camera_manual
b766b27a-cc4c-432f-a6cd-48eb65bf556b___JR_FrgE.S 2921.JPG,Apple___Black_rot,T1,2026-08-01T14:00:00,drone
b7816ede-6659-4cdf-8b46-d36927981cff___JR_FrgE.S 8677.JPG,Apple___Black_rot,T3,2026-08-01T08:00:00,drone
b83cf31c-65e9-405d-a42b-5c4ffda9114c___JR_FrgE.S 8744.JPG,Apple___Black_rot,T4,2026-08-01T17:00:00,camera_manual
b84f9317-4054-4796-b36a-1dffcb871956___JR_FrgE.S 8725.JPG,Apple___Black_rot,T1,2026-08-02T06:00:00,drone
b856fc24-15d8-4294-8dd5-70a270f54518___JR_FrgE.S 8789.JPG,Apple___Black_rot,T1,2026-08-02T18:00:00,drone
b94f7192-3ed3-4dfa-83a6-570142a8b795___JR_FrgE.S 8687.JPG,Apple___Black_rot,T4,2026-08-02T01:00:00,camera_manual
b970ac93-7f26-41ae-a5ed-fc509e209c12___JR_FrgE.S 8808.JPG,Apple___Black_rot,T4,2026-08-02T13:00:00,camera_manual
ba4c9f5d-dcc1-408f-a9c5-ca9835533e98___JR_FrgE.S 2833.JPG,Apple___Black_rot,T1,2026-08-02T10:00:00,drone
baf805d8-6809-4883-99ff-2fd59dd8be5f___JR_FrgE.S 2886.JPG,Apple___Black_rot,T4,2026-08-02T01:00:00,camera_manual
bb1f1f60-cd69-4661-aca2-bcb19eb1def2___JR_FrgE.S 8785.JPG,Apple___Black_rot,T4,2026-08-02T17:00:00,camera_manual
bb4461e1-297a-4f68-b5d7-9d469489ee67___JR_FrgE.S 2871.JPG,Apple___Black_rot,T1,2026-08-01T18:00:00,drone
bbf0af8f-62fc-4b41-9b4a-e1f7e15974c7___JR_FrgE.S 2788.JPG,Apple___Black_rot,T2,2026-08-01T19:00:00,camera_manual
bc64857e-c087-44c9-83b5-514d9b8dea37___JR_FrgE.S 2912.JPG,Apple___Black_rot,T1,2026-08-02T10:00:00,drone
bc6642f0-62ee-419c-90c8-e1e2f19aaecb___JR_FrgE.S 2907.JPG,Apple___Black_rot,T2,2026-08-01T23:00:00,camera_manual
bd1b3df1-f056-40c1-aded-be7185154408___JR_FrgE.S 8779.JPG,Apple___Black_rot,T4,2026-08-02T13:00:00,camera_manual
bd2af58a-c9fc-4c2f-bdcb-b53d979947d7___JR_FrgE.S 3029.JPG,Apple___Black_rot,T2,2026-08-01T23:00:00,camera_manual
bd6f574a-e0cc-4293-af21-3949e9bf3a8e___JR_FrgE.S 8675.JPG,Apple___Black_rot,T3,2026-08-01T08:00:00,drone
be00705f-de03-4448-b186-fc47e39859a2___JR_FrgE.S 8811.JPG,Apple___Black_rot,T4,2026-08-01T17:00:00,camera_manual
bf3eaad3-aa22-4425-88f0-339be0f39059___JR_FrgE.S 2933.JPG,Apple___Black_rot,T3,2026-08-02T16:00:00,drone
bf5fa34e-8d39-43e2-8b54-ba83366871b1___JR_FrgE.S 3095.JPG,Apple___Black_rot,T4,2026-08-01T17:00:00,camera_manual
c01c9e64-11b2-4c1e-adf0-2e781c6d69aa___JR_FrgE.S 8817.JPG,Apple___Black_rot,T4,2026-08-02T21:00:00,camera_manual
c035251c-a97e-4a3a-afb6-5e465bb23ba1___JR_FrgE.S 2906.JPG,Apple___Black_rot,T1,2026-08-01T10:00:00,drone
c18a2d5a-4160-48de-8e9e-7ccc047aeddc___JR_FrgE.S 8805.JPG,Apple___Black_rot,T1,2026-08-01T18:00:00,drone
c225a3a5-4b7f-4226-aa70-73c9ce8d3de2___JR_FrgE.S 8722.JPG,Apple___Black_rot,T2,2026-08-01T07:00:00,camera_manual
c3fc7435-5960-4b9a-b333-287ffeb05126___JR_FrgE.S 3002.JPG,Apple___Black_rot,T1,2026-08-02T18:00:00,drone
c418f9e9-92e8-46ce-ba41-50b0f9b45d38___JR_FrgE.S 8585.JPG,Apple___Black_rot,T4,2026-08-01T17:00:00,camera_manual
c46d0eff-8a56-4655-9940-93a323c7154a___JR_FrgE.S 3033.JPG,Apple___Black_rot,T2,2026-08-01T11:00:00,camera_manual
c4746563-b461-420a-9963-9a9b467c97d6___JR_FrgE.S 2742.JPG,Apple___Black_rot,T2,2026-08-02T03:00:00,camera_manual
c47676f2-2302-4efb-9598-6b51a45e28f7___JR_FrgE.S 8803.JPG,Apple___Black_rot,T4,2026-08-02T13:00:00,camera_manual
c4833395-fa04-4b3a-89f1-6fbc5c3d7d18___JR_FrgE.S 2866.JPG,Apple___Black_rot,T2,2026-08-01T11:00:00,camera_manual
c498d495-5796-4d08-9eaf-c1f26ed1099a___JR_FrgE.S 2888.JPG,Apple___Black_rot,T3,2026-08-02T04:00:00,drone
c575ad09-2607-4537-b199-4d2b022779fd___JR_FrgE.S 3086.JPG,Apple___Black_rot,T2,2026-08-01T15:00:00,camera_manual
c5a5ffe1-6687-412b-9a06-31c9aee8066b___JR_FrgE.S 3037.JPG,Apple___Black_rot,T2,2026-08-02T15:00:00,camera_manual
c60b9b66-c955-4c35-bf7b-0c9b429b3477___JR_FrgE.S 8693.JPG,Apple___Black_rot,T1,2026-08-02T02:00:00,drone
c6cdf94f-8dec-428e-a0cd-997f9ce631d2___JR_FrgE.S 8749.JPG,Apple___Black_rot,T1,2026-08-01T18:00:00,drone
c7459ae0-0430-4e16-8741-fc71629f8357___JR_FrgE.S 3057.JPG,Apple___Black_rot,T4,2026-08-02T05:00:00,camera_manual
c762e867-0f8b-459e-b870-10090256d9bf___JR_FrgE.S 8723.JPG,Apple___Black_rot,T2,2026-08-01T15:00:00,camera_manual
c7cdbb47-6660-44b5-8bb6-3cb796685d15___JR_FrgE.S 2834.JPG,Apple___Black_rot,T2,2026-08-01T07:00:00,camera_manual
c8269293-ae8c-4ac0-8eb3-6574683f1b2e___JR_FrgE.S 8699.JPG,Apple___Black_rot,T1,2026-08-02T18:00:00,drone
c8ede452-70bd-45bf-b820-e06d19d541bd___JR_FrgE.S 8662.JPG,Apple___Black_rot,T2,2026-08-01T19:00:00,camera_manual
ca07e05a-e6a2-4651-b4fd-e54f0d1c58b7___JR_FrgE.S 2840.JPG,Apple___Black_rot,T4,2026-08-02T17:00:00,camera_manual
cb323687-3c3a-41d0-b5f8-445f15d9aa76___JR_FrgE.S 8688.JPG,Apple___Black_rot,T1,2026-08-01T14:00:00,drone
cc0d5a51-bb90-421f-9e0a-f74fc323dcf6___JR_FrgE.S 8717.JPG,Apple___Black_rot,T3,2026-08-01T08:00:00,drone
cc0f71b0-af7d-49e2-b7df-a45e97caab2c___JR_FrgE.S 8796.JPG,Apple___Black_rot,T4,2026-08-01T09:00:00,camera_manual
cc73875e-54c2-49a1-91bb-f2bc85a93f8f___JR_FrgE.S 2747.JPG,Apple___Black_rot,T4,2026-08-01T17:00:00,camera_manual
cc92897c-3975-4130-a067-6007945be8ab___JR_FrgE.S 2943.JPG,Apple___Black_rot,T3,2026-08-01T20:00:00,drone
cd4907f8-168a-405b-ae16-599e6e621dca___JR_FrgE.S 8619.JPG,Apple___Black_rot,T4,2026-08-02T05:00:00,camera_manual
cda4e00f-b32f-4605-b2ca-4b5eba5ecc22___JR_FrgE.S 8799.JPG,Apple___Black_rot,T2,2026-08-02T15:00:00,camera_manual
cda99dd8-c509-4825-a35d-d71cb35d3d4c___JR_FrgE.S 8695.JPG,Apple___Black_rot,T1,2026-08-02T06:00:00,drone
ce1df5bf-b9cd-491a-9b54-f4e20f3b71a2___JR_FrgE.S 2735.JPG,Apple___Black_rot,T2,2026-08-02T11:00:00,camera_manual
ce675478-f624-4536-b4ba-b0c43d134ae8___JR_FrgE.S 8595.JPG,Apple___Black_rot,T3,2026-08-02T08:00:00,drone
cf524171-a68a-4200-9159-133567b95f71___JR_FrgE.S 8658.JPG,Apple___Black_rot,T2,2026-08-02T07:00:00,camera_manual
cffe2528-d760-4e77-a117-a0253ba3af6f___JR_FrgE.S 8801.JPG,Apple___Black_rot,T4,2026-08-02T17:00:00,camera_manual
d1516c58-c21b-4ba9-907b-cd89f245f4f2___JR_FrgE.S 3058.JPG,Apple___Black_rot,T1,2026-08-02T10:00:00,drone
d197373c-af39-4000-aa28-cab65fafa361___JR_FrgE.S 2959.JPG,Apple___Black_rot,T1,2026-08-01T18:00:00,drone
d22325cf-3a6a-4dc8-8ddb-a4e1a8817d8b___JR_FrgE.S 3090.JPG,Apple___Black_rot,T1,2026-08-01T22:00:00,drone
d2313a95-61dd-45de-a8b8-3c2992e2b97f___JR_FrgE.S 8652.JPG,Apple___Black_rot,T3,2026-08-02T00:00:00,drone
d240fec5-9b1e-4b36-a7df-d0007d0ebfcb___JR_FrgE.S 2929.JPG,Apple___Black_rot,T1,2026-08-02T18:00:00,drone
d270d610-6fb5-4ae1-9a00-ad72b3e98526___JR_FrgE.S 8635.JPG,Apple___Black_rot,T3,2026-08-02T00:00:00,drone
d2ca1cb3-50b5-4861-85d8-a7bdae78265d___JR_FrgE.S 2995.JPG,Apple___Black_rot,T2,2026-08-02T11:00:00,camera_manual
d30f9b23-402d-4c3f-bdf7-406c9e35d038___JR_FrgE.S 8715.JPG,Apple___Black_rot,T1,2026-08-01T10:00:00,drone
d32e96f1-8fde-4f6e-a558-7fdc1ab0807e___JR_FrgE.S 8676.JPG,Apple___Black_rot,T4,2026-08-02T17:00:00,camera_manual
d3355b6d-0a25-42b5-afb7-60b3471f9be7___JR_FrgE.S 2878.JPG,Apple___Black_rot,T1,2026-08-02T02:00:00,drone
d34cb771-c15b-41c4-aa43-ecae33df010b___JR_FrgE.S 8631.JPG,Apple___Black_rot,T4,2026-08-01T21:00:00,camera_manual
d361ab89-3f57-4bfc-b2af-a6c5b75055af___JR_FrgE.S 8608.JPG,Apple___Black_rot,T2,2026-08-02T19:00:00,camera_manual
d3dab897-b9de-4ec4-a335-db2f36a64011___JR_FrgE.S 2918.JPG,Apple___Black_rot,T1,2026-08-01T22:00:00,drone
d3deecaa-bd8c-4b10-a33f-4c6d188a3b95___JR_FrgE.S 8712.JPG,Apple___Black_rot,T3,2026-08-02T20:00:00,drone
d40e4a34-1c9a-4971-acce-bb6ce2e14208___JR_FrgE.S 8654.JPG,Apple___Black_rot,T1,2026-08-02T06:00:00,drone
d4c03762-b68f-4e8f-ae5c-10b15de04fb3___JR_FrgE.S 8776.JPG,Apple___Black_rot,T2,2026-08-01T19:00:00,camera_manual
d4ea8c73-7beb-4019-8a66-f60381c6fdc0___JR_FrgE.S 8601.JPG,Apple___Black_rot,T1,2026-08-02T10:00:00,drone
d56311b8-ffb7-4f58-b521-c8be2a31f980___JR_FrgE.S 2799.JPG,Apple___Black_rot,T1,2026-08-01T06:00:00,drone
d65349b4-80ff-474e-a48e-bf8fa597d880___JR_FrgE.S 8775.JPG,Apple___Black_rot,T1,2026-08-01T06:00:00,drone
d6a4afb8-a539-4851-b29f-2469a48d8591___JR_FrgE.S 8772.JPG,Apple___Black_rot,T3,2026-08-02T12:00:00,drone
d734401a-6948-4be6-bfe7-1469d8c910f7___JR_FrgE.S 8732.JPG,Apple___Black_rot,T3,2026-08-02T20:00:00,drone
d751e4b1-101d-4f23-aa99-5cd93b617aab___JR_FrgE.S 3012.JPG,Apple___Black_rot,T4,2026-08-02T13:00:00,camera_manual
d7927614-3b3e-4ba5-8564-2ae4a1f25132___JR_FrgE.S 2812.JPG,Apple___Black_rot,T4,2026-08-01T13:00:00,camera_manual
d8735c39-eb57-460b-bff1-7946a6d3a543___JR_FrgE.S 2935.JPG,Apple___Black_rot,T3,2026-08-01T08:00:00,drone
d892ca1b-8b68-4087-9bb1-3ac7b861c283___JR_FrgE.S 8606.JPG,Apple___Black_rot,T2,2026-08-02T19:00:00,camera_manual
d8e21bad-015b-4b76-8ffa-373b191ed448___JR_FrgE.S 3021.JPG,Apple___Black_rot,T3,2026-08-01T12:00:00,drone
d962745e-a8b7-414a-a9f8-f47e945e3be9___JR_FrgE.S 2881.JPG,Apple___Black_rot,T1,2026-08-02T14:00:00,drone
db1600c7-f9dc-45a4-9e01-223b67ebef83___JR_FrgE.S 8703.JPG,Apple___Black_rot,T4,2026-08-02T13:00:00,camera_manual
db86273f-ea7e-4131-a1b7-75e9f990d596___JR_FrgE.S 2892.JPG,Apple___Black_rot,T1,2026-08-01T06:00:00,drone
dcea72e4-ea95-43b3-8676-3d46188fc8e0___JR_FrgE.S 8813.JPG,Apple___Black_rot,T2,2026-08-02T03:00:00,camera_manual
dd73bcb6-849f-4df3-9939-6893d07b2b45___JR_FrgE.S 8572.JPG,Apple___Black_rot,T2,2026-08-02T11:00:00,camera_manual
dda90093-ad40-44cf-8c6d-b4572d1c19cd___JR_FrgE.S 3014.JPG,Apple___Black_rot,T4,2026-08-01T21:00:00,camera_manual
ddbcb13e-0263-4881-9e1b-6f00d67f7217___JR_FrgE.S 8683.JPG,Apple___Black_rot,T1,2026-08-01T22:00:00,drone
dddffcc1-874d-4a5a-a030-14a6e2a4bf0d___JR_FrgE.S 2958.JPG,Apple___Black_rot,T2,2026-08-02T07:00:00,camera_manual
deccf856-7d85-4b95-9d35-85f4ad1af7f7___JR_FrgE.S 8689.JPG,Apple___Black_rot,T3,2026-08-01T12:00:00,drone
ded93fa6-0c14-47ea-aa92-806a64db7816___JR_FrgE.S 2795.JPG,Apple___Black_rot,T1,2026-08-01T14:00:00,drone
deffd3c8-a9c7-4082-ba2a-4a54aad8ab17___JR_FrgE.S 2789.JPG,Apple___Black_rot,T4,2026-08-02T05:00:00,camera_manual
df0e8bc3-8244-4843-8d54-0593a6f2ee05___JR_FrgE.S 2743.JPG,Apple___Black_rot,T3,2026-08-02T20:00:00,drone
e07b2429-8ae5-42dd-8ce8-1e94887ea6df___JR_FrgE.S 8812.JPG,Apple___Black_rot,T2,2026-08-02T19:00:00,camera_manual
e0cafae6-9957-4f28-8a9f-70fae53d289d___JR_FrgE.S 2813.JPG,Apple___Black_rot,T3,2026-08-01T08:00:00,drone
e0ee140b-d60c-4b08-ae6f-e44c5c31fbc8___JR_FrgE.S 2817.JPG,Apple___Black_rot,T3,2026-08-02T04:00:00,drone
e11f6e9d-abff-4da2-864e-45f9aa2df34b___JR_FrgE.S 3072.JPG,Apple___Black_rot,T1,2026-08-01T06:00:00,drone
e1e8a707-d2b0-4cb6-ae56-c26a5e9ff016___JR_FrgE.S 8761.JPG,Apple___Black_rot,T3,2026-08-02T16:00:00,drone
e2af1632-e9bb-4a05-8ead-faba02eac1e2___JR_FrgE.S 3070.JPG,Apple___Black_rot,T3,2026-08-02T12:00:00,drone
e2da6207-2cfa-4620-8569-2f4c57a34f30___JR_FrgE.S 8682.JPG,Apple___Black_rot,T1,2026-08-02T14:00:00,drone
e3eead59-f821-41dd-9794-ba3ad35c71c7___JR_FrgE.S 2937.JPG,Apple___Black_rot,T2,2026-08-01T23:00:00,camera_manual
e43cb49a-44ff-4ee5-9dae-aa2e89fb643b___JR_FrgE.S 2927.JPG,Apple___Black_rot,T3,2026-08-01T16:00:00,drone
e4999654-a4e5-4038-bb7f-d69f824a0505___JR_FrgE.S 8728.JPG,Apple___Black_rot,T3,2026-08-01T16:00:00,drone
e4d473a3-83ad-496d-a97f-5aee9d713d69___JR_FrgE.S 2782.JPG,Apple___Black_rot,T2,2026-08-01T19:00:00,camera_manual
e528fe87-6133-4d89-88b0-2a37aaa07f16___JR_FrgE.S 8729.JPG,Apple___Black_rot,T4,2026-08-02T21:00:00,camera_manual
e54ced2f-6766-41f4-99d5-87ffc2a81cbc___JR_FrgE.S 8694.JPG,Apple___Black_rot,T1,2026-08-01T10:00:00,drone
e66666f1-bad7-4ceb-8142-389b841be362___JR_FrgE.S 3008.JPG,Apple___Black_rot,T3,2026-08-01T20:00:00,drone
e6c8b854-6b46-4137-8e08-81e63ff418ea___JR_FrgE.S 2971.JPG,Apple___Black_rot,T4,2026-08-01T13:00:00,camera_manual
e6ea57b6-04c9-4873-83d5-f6d859d54dbb___JR_FrgE.S 2848.JPG,Apple___Black_rot,T1,2026-08-01T22:00:00,drone
e741c2b4-3b28-4b2c-9664-cb43ba040592___JR_FrgE.S 8610.JPG,Apple___Black_rot,T2,2026-08-01T23:00:00,camera_manual
e7a606e4-1e4d-4d37-924f-5a2f49217523___JR_FrgE.S 3052.JPG,Apple___Black_rot,T4,2026-08-01T21:00:00,camera_manual
e7cca27e-405c-4b21-9e61-f0c3ca6ee1c4___JR_FrgE.S 2977.JPG,Apple___Black_rot,T1,2026-08-01T22:00:00,drone
e8a82871-4dc0-4186-b8f1-0a27f82b60e8___JR_FrgE.S 8626.JPG,Apple___Black_rot,T3,2026-08-01T12:00:00,drone
e90a2dde-185e-46e4-82ad-ce94bf0100b7___JR_FrgE.S 2746.JPG,Apple___Black_rot,T1,2026-08-01T14:00:00,drone
e91dc932-5dcb-45fb-bc01-bd452294e752___JR_FrgE.S 3050.JPG,Apple___Black_rot,T4,2026-08-02T05:00:00,camera_manual
e956f107-ce57-4996-82a1-2336be5943c0___JR_FrgE.S 8704.JPG,Apple___Black_rot,T4,2026-08-01T13:00:00,camera_manual
e9d9e0f2-331e-4bf5-90cf-a45c2a93dfea___JR_FrgE.S 2946.JPG,Apple___Black_rot,T2,2026-08-01T07:00:00,camera_manual
e9df76bc-d175-42c9-990e-6e6c5f5ac5ce___JR_FrgE.S 8663.JPG,Apple___Black_rot,T1,2026-08-02T06:00:00,drone
eb042f74-2761-4e00-b8ae-759aa4029738___JR_FrgE.S 3078.JPG,Apple___Black_rot,T2,2026-08-01T15:00:00,camera_manual
eb36abb9-44c2-47e1-86fe-36c834ed7add___JR_FrgE.S 8644.JPG,Apple___Black_rot,T1,2026-08-01T06:00:00,drone
eb98c4ac-28e3-40ef-8cf4-38acddd5d774___JR_FrgE.S 3043.JPG,Apple___Black_rot,T1,2026-08-02T06:00:00,drone
ebe0af1e-91e2-4f41-bea2-179e720da94b___JR_FrgE.S 8750.JPG,Apple___Black_rot,T3,2026-08-02T00:00:00,drone
ec91d717-d4b1-41a1-9477-f646db7a39f9___JR_FrgE.S 8709.JPG,Apple___Black_rot,T3,2026-08-01T16:00:00,drone
ecd438b2-48c2-4e04-a1dc-7878625cbdab___JR_FrgE.S 2945.JPG,Apple___Black_rot,T3,2026-08-01T08:00:00,drone
ecd4b7b6-2418-4fc0-ab1f-c63c7a61fac6___JR_FrgE.S 8672.JPG,Apple___Black_rot,T1,2026-08-01T22:00:00,drone
ecfabcf4-106e-4357-8058-948dcb2f4798___JR_FrgE.S 8821.JPG,Apple___Black_rot,T3,2026-08-02T12:00:00,drone
ee5b8f3c-3afe-45d9-b0ad-8aefc9dc914b___JR_FrgE.S 2987.JPG,Apple___Black_rot,T4,2026-08-02T13:00:00,camera_manual
ee734326-8122-445c-adb5-9f0cb8dca9b7___JR_FrgE.S 2964.JPG,Apple___Black_rot,T3,2026-08-02T16:00:00,drone
ee7a3b7f-0bda-47e7-b211-734166bb6973___JR_FrgE.S 3030.JPG,Apple___Black_rot,T2,2026-08-02T15:00:00,camera_manual
ee978e42-d36d-4bba-b0ac-fcc0eefaacd3___JR_FrgE.S 8665.JPG,Apple___Black_rot,T2,2026-08-02T19:00:00,camera_manual
eff6da40-2404-4b50-a773-ac0d311559a9___JR_FrgE.S 8666.JPG,Apple___Black_rot,T2,2026-08-01T19:00:00,camera_manual
f079c46a-6614-45ac-8ab6-187d126609e5___JR_FrgE.S 2767.JPG,Apple___Black_rot,T3,2026-08-02T16:00:00,drone
f0919147-209f-4a73-be01-42a5f160d51b___JR_FrgE.S 3056.JPG,Apple___Black_rot,T3,2026-08-02T04:00:00,drone
f14af5e9-087d-4040-9eb2-c2672d513e36___JR_FrgE.S 2972.JPG,Apple___Black_rot,T3,2026-08-02T04:00:00,drone
f15c02d9-9aa6-45b5-84fc-97e22f7fabaa___JR_FrgE.S 2831.JPG,Apple___Black_rot,T2,2026-08-01T23:00:00,camera_manual
f1844803-f6fb-4cfb-851e-b9095fb40c9e___JR_FrgE.S 2898.JPG,Apple___Black_rot,T4,2026-08-02T17:00:00,camera_manual
f1931320-4177-4453-93fd-3decee538b51___JR_FrgE.S 8707.JPG,Apple___Black_rot,T3,2026-08-01T08:00:00,drone
f24c943a-6339-48a5-bfb0-b866c926dc16___JR_FrgE.S 2931.JPG,Apple___Black_rot,T3,2026-08-02T12:00:00,drone
f2b3cfad-a6a4-4d2c-b56a-3f323b497e87___JR_FrgE.S 2780.JPG,Apple___Black_rot,T3,2026-08-01T16:00:00,drone
f2b57a5b-f46d-453a-bb33-21d01d8a10de___JR_FrgE.S 3036.JPG,Apple___Black_rot,T2,2026-08-01T23:00:00,camera_manual
f3297583-9150-42fd-a2f4-1a9e7109e240___JR_FrgE.S 2967.JPG,Apple___Black_rot,T2,2026-08-01T15:00:00,camera_manual
f3524490-1e4a-4292-9628-fccb4f85ae4e___JR_FrgE.S 8671.JPG,Apple___Black_rot,T3,2026-08-02T08:00:00,drone
f3918f57-f4c8-44a4-bd0b-403755fa9615___JR_FrgE.S 3092.JPG,Apple___Black_rot,T4,2026-08-01T09:00:00,camera_manual
f3bac530-dd9a-43b3-b3cf-9860315f3d18___JR_FrgE.S 8800.JPG,Apple___Black_rot,T2,2026-08-01T07:00:00,camera_manual
f3bbe1b6-4a5c-45d4-9660-d24b8c43f2fc___JR_FrgE.S 2806.JPG,Apple___Black_rot,T4,2026-08-01T09:00:00,camera_manual
f3f1e50a-4e84-4147-b10c-09283a2feddd___JR_FrgE.S 8713.JPG,Apple___Black_rot,T1,2026-08-02T10:00:00,drone
f3ff804e-bca4-4a23-9af9-1f5b8c5c9980___JR_FrgE.S 3053.JPG,Apple___Black_rot,T1,2026-08-01T10:00:00,drone
f415bc3e-3e71-4636-a3dd-78b65002384d___JR_FrgE.S 2917.JPG,Apple___Black_rot,T4,2026-08-02T01:00:00,camera_manual
f45e8b2b-c220-42d2-9828-a39d46db0ca9___JR_FrgE.S 8751.JPG,Apple___Black_rot,T2,2026-08-01T07:00:00,camera_manual
f4f0b458-01c4-48ad-a600-fe3e7fb47b36___JR_FrgE.S 8730.JPG,Apple___Black_rot,T1,2026-08-01T18:00:00,drone
f54d34aa-d0a9-40c4-8277-6c65ef9a3203___JR_FrgE.S 2827.JPG,Apple___Black_rot,T2,2026-08-02T03:00:00,camera_manual
f58de461-853f-46d7-b223-d48a81507a85___JR_FrgE.S 2996.JPG,Apple___Black_rot,T4,2026-08-01T21:00:00,camera_manual
f637ba06-cf3c-423f-9d1e-c239de14393c___JR_FrgE.S 8605.JPG,Apple___Black_rot,T4,2026-08-02T05:00:00,camera_manual
f63c8d11-234c-4ff4-bd81-5c3947503038___JR_FrgE.S 3085.JPG,Apple___Black_rot,T1,2026-08-01T10:00:00,drone
f6c9080a-95af-48f8-8178-0be757d92d20___JR_FrgE.S 2982.JPG,Apple___Black_rot,T1,2026-08-01T14:00:00,drone
f702f711-d90a-46be-8cd1-78521ecb6822___JR_FrgE.S 8724.JPG,Apple___Black_rot,T1,2026-08-01T18:00:00,drone
f7565e18-4946-4049-a1cd-ded7d3c09cef___JR_FrgE.S 2755.JPG,Apple___Black_rot,T4,2026-08-01T17:00:00,camera_manual
f770ff71-9ac5-46ef-8b66-65ba246bb952___JR_FrgE.S 8702.JPG,Apple___Black_rot,T1,2026-08-01T10:00:00,drone
f77c7ac1-f55e-4adc-b049-35def4e87c17___JR_FrgE.S 3077.JPG,Apple___Black_rot,T1,2026-08-01T22:00:00,drone
f83c1286-8bdb-48e6-ac8f-bd8a5209afc7___JR_FrgE.S 3001.JPG,Apple___Black_rot,T3,2026-08-01T20:00:00,drone
f872ce63-a162-44bd-84ac-c7d89c485457___JR_FrgE.S 8701.JPG,Apple___Black_rot,T1,2026-08-02T18:00:00,drone
f8a5bc70-61d0-42fa-b82d-9d480b0fbe2a___JR_FrgE.S 3093.JPG,Apple___Black_rot,T1,2026-08-02T10:00:00,drone
f9747ff8-17a9-4052-a7f0-d7255d520faa___JR_FrgE.S 2904.JPG,Apple___Black_rot,T4,2026-08-02T09:00:00,camera_manual
f9b7fc98-caee-4bb1-ae7b-1e9981ba6d72___JR_FrgE.S 2990.JPG,Apple___Black_rot,T4,2026-08-02T05:00:00,camera_manual
f9c0a3a9-a08e-4b1d-baab-93fdc7fb2690___JR_FrgE.S 2896.JPG,Apple___Black_rot,T2,2026-08-02T03:00:00,camera_manual
f9ec74fa-f27f-4185-a89c-0613319e382b___JR_FrgE.S 8640.JPG,Apple___Black_rot,T3,2026-08-02T04:00:00,drone
fa8eff59-b9f9-45d9-a8f4-eca6fa5a8896___JR_FrgE.S 8647.JPG,Apple___Black_rot,T1,2026-08-01T14:00:00,drone
fb8255a6-e05d-44d3-a115-80c1e55009bd___JR_FrgE.S 3074.JPG,Apple___Black_rot,T2,2026-08-01T23:00:00,camera_manual
fb9d8933-5a5b-4553-a75e-dc50efc35975___JR_FrgE.S 8686.JPG,Apple___Black_rot,T1,2026-08-01T10:00:00,drone
fbbd1259-ea22-4f56-8298-8429d228a07c___JR_FrgE.S 2934.JPG,Apple___Black_rot,T1,2026-08-02T18:00:00,drone
fbd0bf3e-2260-4a97-be8a-af9cac60df7b___JR_FrgE.S 2807.JPG,Apple___Black_rot,T3,2026-08-02T08:00:00,drone
fbe5708e-d8c5-49f2-a01b-c918e04a4338___JR_FrgE.S 2858.JPG,Apple___Black_rot,T2,2026-08-02T11:00:00,camera_manual
fc2bb6fc-6480-486c-8727-fbd2da59baa4___JR_FrgE.S 8634.JPG,Apple___Black_rot,T1,2026-08-01T22:00:00,drone
fc5f6bd3-bd4e-4a8c-94d1-d46ea92a3941___JR_FrgE.S 3017.JPG,Apple___Black_rot,T2,2026-08-01T19:00:00,camera_manual
fc7d3fc0-1b3c-4865-adee-3670870ec4c3___JR_FrgE.S 2913.JPG,Apple___Black_rot,T2,2026-08-02T11:00:00,camera_manual
fcf3bce8-b685-4483-bac4-a2d0d14d6eeb___JR_FrgE.S 8810.JPG,Apple___Black_rot,T1,2026-08-01T22:00:00,drone
fdcf5330-6e9d-4fde-9284-1ac4e7b0fa30___JR_FrgE.S 2981.JPG,Apple___Black_rot,T4,2026-08-01T17:00:00,camera_manual
fe588823-1009-4181-88e6-bdbf70fe33c3___JR_FrgE.S 8655.JPG,Apple___Black_rot,T4,2026-08-01T21:00:00,camera_manual
fe6a81b9-9198-4db7-82df-0802913716e1___JR_FrgE.S 2976.JPG,Apple___Black_rot,T4,2026-08-01T13:00:00,camera_manual
fef17b16-ce22-4cb6-ba6a-270f5e08a17d___JR_FrgE.S 2843.JPG,Apple___Black_rot,T3,2026-08-01T08:00:00,drone
ff0f9b3a-4ef4-4c38-9a23-516beff99192___JR_FrgE.S 3048.JPG,Apple___Black_rot,T3,2026-08-02T16:00:00,drone
ff4e792b-14c5-41db-af9e-0676abf8d20a___JR_FrgE.S 3088.JPG,Apple___Black_rot,T3,2026-08-02T20:00:00,drone
ff7087a7-3388-45dc-a9e9-0aed99539223___JR_FrgE.S 2979.JPG,Apple___Black_rot,T3,2026-08-02T20:00:00,drone
applehealthy1.JPG,test,T3,2026-08-02T04:00:00,drone
applehealthy10.JPG,test,T3,2026-08-01T12:00:00,drone
applehealthy2.JPG,test,T2,2026-08-02T03:00:00,camera_manual
applehealthy3.JPG,test,T1,2026-08-02T14:00:00,drone
applehealthy4.JPG,test,T1,2026-08-01T14:00:00,drone
applehealthy5.JPG,test,T3,2026-08-01T08:00:00,drone
applehealthy6.JPG,test,T3,2026-08-01T08:00:00,drone
applehealthy7.JPG,test,T4,2026-08-01T17:00:00,camera_manual
applehealthy8.JPG,test,T3,2026-08-01T08:00:00,drone
applehealthy9.JPG,test,T2,2026-08-01T19:00:00,camera_manual
applerot1.JPG,test,T4,2026-08-02T17:00:00,camera_manual
applerot10.JPG,test,T3,2026-08-01T12:00:00,drone
applerot2.JPG,test,T4,2026-08-01T13:00:00,camera_manual
applerot3.JPG,test,T1,2026-08-01T10:00:00,drone
applerot4.JPG,test,T1,2026-08-02T18:00:00,drone
applerot5.JPG,test,T1,2026-08-02T02:00:00,drone
applerot6.JPG,test,T1,2026-08-02T14:00:00,drone
applerot7.JPG,test,T2,2026-08-01T11:00:00,camera_manual
applerot8.JPG,test,T4,2026-08-02T13:00:00,camera_manual
applerot9.JPG,test,T4,2026-08-02T13:00:00,camera_manual
