imagem_id,classe,talhao_id,area_doente_ratio,circularity
f0919147-209f-4a73-be01-42a5f160d51b___JR_FrgE.S 3056.JPG,Apple___Black_rot,T3,0.09441865159467097,0.09626706675760446
b2d126c0-49f9-4013-a6bf-2c08ffe87f94___JR_FrgE.S 2865.JPG,Apple___Black_rot,T2,0.11956331572133384,0.3894200987105801
4db50338-6897-4d69-8147-717cae13879c___JR_FrgE.S 8645.JPG,Apple___Black_rot,T2,0.12789078430397374,0.11778416076283355
d734401a-6948-4be6-bfe7-1469d8c910f7___JR_FrgE.S 8732.JPG,Apple___Black_rot,T3,0.14283194685322909,0.11930478087500249
6e21042a-928f-4e40-81bf-3a103ff52765___JR_FrgE.S 2938.JPG,Apple___Black_rot,T2,0.014172799127827746,0.29315353427759855
cc73875e-54c2-49a1-91bb-f2bc85a93f8f___JR_FrgE.S 2747.JPG,Apple___Black_rot,T4,0.044945211415836066,0.028594801539488176
2b16890e-753f-4ee8-a78e-d0a7fdf8d91a___JR_FrgE.S 2838.JPG,Apple___Black_rot,T4,0.04379254457050243,0.5047762888153988
7dd50c96-8c45-4a38-bb17-e382cd5a3578___JR_FrgE.S 2829.JPG,Apple___Black_rot,T4,0.041522906603462244,0.32147256550277625
5984db18-75d7-4c3a-be4b-74c3c0351887___JR_FrgE.S 8685.JPG,Apple___Black_rot,T1,0.1556422829313853,0.13254046487656035
50afe8c7-d56e-4dd0-97b8-23a70ddca819___JR_FrgE.S 2750.JPG,Apple___Black_rot,T2,0.05834069958328072,0.15486938729795435
c3fc7435-5960-4b9a-b333-287ffeb05126___JR_FrgE.S 3002.JPG,Apple___Black_rot,T1,0.04434918803066524,0.26631983972888407
42277cf4-c76e-4c00-b42f-6254f2cb8496___JR_FrgE.S 2771.JPG,Apple___Black_rot,T1,0.058555836029437904,0.4440503961111719
0d17b92b-8ec2-4a00-a8ff-9daea3fed2e8___JR_FrgE.S 2915.JPG,Apple___Black_rot,T4,0.008797836291851898,0.5723341588334109
70186489-b6ea-477c-8893-d6915b7d5490___JR_FrgE.S 2974.JPG,Apple___Black_rot,T4,0.021370702868403767,0.15875826424895811
4747a926-7eee-49a1-b28b-a8cc8a555fa7___JR_FrgE.S 2952.JPG,Apple___Black_rot,T3,0.01652866443334808,0.4094912415402943
6dfd829f-aca0-459d-aa67-ed4636a66033___JR_FrgE.S 8653.JPG,Apple___Black_rot,T1,0.3896121725203066,0.16647267110251662
fb8255a6-e05d-44d3-a115-80c1e55009bd___JR_FrgE.S 3074.JPG,Apple___Black_rot,T2,0.0801100970592496,0.18788017263788145
f4f0b458-01c4-48ad-a600-fe3e7fb47b36___JR_FrgE.S 8730.JPG,Apple___Black_rot,T1,0.3980919114772046,0.06797691980992393
5b9c8470-c6dc-4b79-b191-9dd6c82309c8___JR_FrgE.S 8580.JPG,Apple___Black_rot,T4,0.1041902191750848,0.12564265481184203
fb9d8933-5a5b-4553-a75e-dc50efc35975___JR_FrgE.S 8686.JPG,Apple___Black_rot,T1,0.14247692204029377,0.16322716553924702
6923c419-55d4-4f33-91aa-9ecfb860d72d___JR_FrgE.S 8763.JPG,Apple___Black_rot,T4,0.19641365318057047,0.13870889145079252
eb042f74-2761-4e00-b8ae-759aa4029738___JR_FrgE.S 3078.JPG,Apple___Black_rot,T2,0.03178493932331431,0.09547304333085795
c8269293-ae8c-4ac0-8eb3-6574683f1b2e___JR_FrgE.S 8699.JPG,Apple___Black_rot,T1,0.16916711233709572,0.17374669089762154
dcea72e4-ea95-43b3-8676-3d46188fc8e0___JR_FrgE.S 8813.JPG,Apple___Black_rot,T2,0.11010246514282608,0.09998880816117126
d3355b6d-0a25-42b5-afb7-60b3471f9be7___JR_FrgE.S 2878.JPG,Apple___Black_rot,T1,0.05914578735557575,0.5841196230502
f3ff804e-bca4-4a23-9af9-1f5b8c5c9980___JR_FrgE.S 3053.JPG,Apple___Black_rot,T1,0.15531062124248496,0.060393105698133935
9cde32eb-f860-4ba0-8d6e-34db1fbaf8b2___JR_FrgE.S 2875.JPG,Apple___Black_rot,T2,0.0623772704958272,0.5247098734479984
e11f6e9d-abff-4da2-864e-45f9aa2df34b___JR_FrgE.S 3072.JPG,Apple___Black_rot,T1,0.07402240725402154,0.2154521558035303
28f01d7f-27f8-4cf1-a473-ef4744b2dc61___JR_FrgE.S 8597.JPG,Apple___Black_rot,T3,0.09590796252302272,0.17225795873349758
0b37761a-de32-47ee-a3a4-e138b97ef542___JR_FrgE.S 2908.JPG,Apple___Black_rot,T4,0.02511643953769191,0.2867196283851357
b3bd5eb8-caa5-4a52-8c90-2a47bd450d93___JR_FrgE.S 2830.JPG,Apple___Black_rot,T3,0.04143862392494136,0.33794966883153277
0bb2ddc5-d1f4-4fc2-be6b-6b63c60790df___RS_HL 7550.JPG,Apple___Black_rot,T1,0.014688026320943168,0.12892968055291362
4dadb9f1-27b1-4d3c-8111-d1602febd585___JR_FrgE.S 8632.JPG,Apple___Black_rot,T1,0.28242149377116943,0.20685921332570922
14896f6f-ae86-4879-958b-7422b957e104___JR_FrgE.S 8768.JPG,Apple___Black_rot,T4,0.3000292919340665,0.09417041740232582
727f3a92-f43b-4388-84ff-3865ee745b42___JR_FrgE.S 3000.JPG,Apple___Black_rot,T3,0.031161018648486062,0.22576756581652815
ff4e792b-14c5-41db-af9e-0676abf8d20a___JR_FrgE.S 3088.JPG,Apple___Black_rot,T3,0.025402253228711872,0.3437352110551617
d4c03762-b68f-4e8f-ae5c-10b15de04fb3___JR_FrgE.S 8776.JPG,Apple___Black_rot,T2,0.2003893534180124,0.1402083578626428
48d6f0b4-71e8-418f-8558-b38b89ed3c0b___JR_FrgE.S 8569.JPG,Apple___Black_rot,T1,0.07324129344124217,0.20526726240586077
01e94c43-0879-4e8c-9b61-c48cfed88dab___JR_FrgE.S 3024.JPG,Apple___Black_rot,T4,0.017989595569726465,0.472453603515687
67281292-f15a-4157-b531-395f3844e6ce___JR_FrgE.S 2792.JPG,Apple___Black_rot,T2,0.10730406237176857,0.5290062620926688
47b996a0-b66a-4842-9da2-249ea1d62c38___JR_FrgE.S 2814.JPG,Apple___Black_rot,T1,0.03900908871551516,0.16357606387714346
73c50901-aab5-4f70-bf2a-5d1b9d235260___JR_FrgE.S 2798.JPG,Apple___Black_rot,T3,0.018443056731583404,0.6243399364358408
1fe7faa9-61a7-4152-9a85-a57d9486af0a___JR_FrgE.S 8599.JPG,Apple___Black_rot,T3,0.12680067399197856,0.11853058740816357
1107fc9f-f39f-450f-b928-4742fb82da77___JR_FrgE.S 2775.JPG,Apple___Black_rot,T3,0.06416726748377793,0.5669644431723038
717c4f62-f05f-4345-a5d7-3b34f3a2efb6___JR_FrgE.S 2836.JPG,Apple___Black_rot,T2,0.036799529342550374,0.5381039662438745
1a9e869f-62b0-4588-998a-30e0d62bef59___JR_FrgE.S 2876.JPG,Apple___Black_rot,T3,0.04613915994908782,0.49795576108684186
d2ca1cb3-50b5-4861-85d8-a7bdae78265d___JR_FrgE.S 2995.JPG,Apple___Black_rot,T2,0.05227869892180846,0.3110643681228705
f637ba06-cf3c-423f-9d1e-c239de14393c___JR_FrgE.S 8605.JPG,Apple___Black_rot,T4,0.16921331820911456,0.1978729847161768
5c395ddb-11d6-40eb-8049-98c98cc4ec96___JR_FrgE.S 2928.JPG,Apple___Black_rot,T2,0.06018536176055532,0.2424160009504722
47f6d143-687b-4755-88a0-932c985a2ee6___JR_FrgE.S 2785.JPG,Apple___Black_rot,T2,0.10692634353492458,0.4478581357903943
49064db7-4ee0-41bf-97b9-64a50d08ef8c___JR_FrgE.S 3046.JPG,Apple___Black_rot,T2,0.04737772940616285,0.2116978257826994
26a6609d-7993-4fda-b56d-5c5194f0de03___JR_FrgE.S 8797.JPG,Apple___Black_rot,T1,0.22840014643968515,0.0730555076942174
26ecaea0-d85f-449b-bd3e-16d85cc49eac___JR_FrgE.S 8674.JPG,Apple___Black_rot,T3,0.16985624834641502,0.2221612477352749
07f6b5a7-47cd-4012-8fcd-969d1d7245b9___JR_FrgE.S 2961.JPG,Apple___Black_rot,T3,0.03010989010989011,0.5221296939157102
17a083f1-5ba6-4f0c-917a-738b568f22ef___JR_FrgE.S 8612.JPG,Apple___Black_rot,T3,0.12176290408323419,0.23554968446189348
ca07e05a-e6a2-4651-b4fd-e54f0d1c58b7___JR_FrgE.S 2840.JPG,Apple___Black_rot,T4,0.0413979431758759,0.5595150201850736
dda90093-ad40-44cf-8c6d-b4572d1c19cd___JR_FrgE.S 3014.JPG,Apple___Black_rot,T4,0.03583470216996628,0.20838523065372264
f3bbe1b6-4a5c-45d4-9660-d24b8c43f2fc___JR_FrgE.S 2806.JPG,Apple___Black_rot,T4,0.02519429226653077,0.4395974745838962
60e1b273-cedb-4003-a197-014832ed51fa___JR_FrgE.S 8684.JPG,Apple___Black_rot,T3,0.1475774362175236,0.15291081071475598
d6a4afb8-a539-4851-b29f-2469a48d8591___JR_FrgE.S 8772.JPG,Apple___Black_rot,T3,0.17592482807683188,0.08755423737402143
39cf3d6d-0324-4d2c-8a43-ee21f8b910c2___JR_FrgE.S 8603.JPG,Apple___Black_rot,T1,0.24628663568244333,0.21707551115661777
5412de7d-df5d-4a05-be4b-e108811c4a3e___JR_FrgE.S 2820.JPG,Apple___Black_rot,T4,0.03771014943960149,0.1256380152897794
0c7c7992-fb1c-444b-b226-69de186cea14___JR_FrgE.S 8627.JPG,Apple___Black_rot,T2,0.2738915345138471,0.14014216568528506
91270769-9fc1-4544-bb8e-b48450b7ad62___JR_FrgE.S 2953.JPG,Apple___Black_rot,T4,0.015086682253297455,0.3652618254770743
2171eff3-55f1-4b5e-8258-d8ddacc66062___JR_FrgE.S 2752.JPG,Apple___Black_rot,T3,0.02621941837205724,0.13770006533879878
8a1bb676-5d3e-423b-a667-c72d099215ab___JR_FrgE.S 2842.JPG,Apple___Black_rot,T3,0.04280783789801826,0.44480090147295015
9dc8568b-4e22-4272-b012-3d3aaa0c8247___JR_FrgE.S 2850.JPG,Apple___Black_rot,T4,0.02238307349665924,0.08393110725785198
e2af1632-e9bb-4a05-8ead-faba02eac1e2___JR_FrgE.S 3070.JPG,Apple___Black_rot,T3,0.0671905202117825,0.1389573262602449
56473ed3-436d-4ee1-842a-02bc4fba12e7___JR_FrgE.S 2847.JPG,Apple___Black_rot,T3,0.02833283626603042,0.49817847348128147
a31cafc7-a39b-4689-83bd-4becd49ab74b___JR_FrgE.S 8760.JPG,Apple___Black_rot,T2,0.17695473251028807,0.1779296653930174
1e0244a0-b084-4f95-bf64-72efeef4dff2___JR_FrgE.S 8733.JPG,Apple___Black_rot,T2,0.061499970908244606,0.1731172311064844
7f421e23-fede-4111-b6ab-cca2474f7d0e___JR_FrgE.S 2809.JPG,Apple___Black_rot,T2,0.017998071635181946,0.40515063839683646
7eee2c9b-285a-411a-950b-7cd5547a9440___JR_FrgE.S 3028.JPG,Apple___Black_rot,T1,0.11351762135461195,0.39005711135248133
9d8d2d78-8faf-4a85-90b6-2a2ffed94d83___JR_FrgE.S 8721.JPG,Apple___Black_rot,T2,0.18163226177542022,0.033684889434919596
5979896a-3aaa-4e0c-8b74-cfeda37cb166___JR_FrgE.S 2739.JPG,Apple___Black_rot,T2,0.021451033243486073,0.2522834855327969
e91dc932-5dcb-45fb-bc01-bd452294e752___JR_FrgE.S 3050.JPG,Apple___Black_rot,T4,0.13308906093020506,0.025336745585710172
9c58d931-8414-452e-b9cb-f911b8890236___JR_FrgE.S 2778.JPG,Apple___Black_rot,T2,0.04088109721540031,0.4242560972732187
b1fb1490-dd67-4f69-97a4-a770ab7c8301___JR_FrgE.S 8587.JPG,Apple___Black_rot,T3,0.10810359231411863,0.11224642555868355
ba4c9f5d-dcc1-408f-a9c5-ca9835533e98___JR_FrgE.S 2833.JPG,Apple___Black_rot,T1,0.025339301183944556,0.41539388201910243
59cb2470-1e5e-4828-90f2-a22dacbb0fd6___JR_FrgE.S 8594.JPG,Apple___Black_rot,T1,0.08653475523577027,0.12587292363127547
f8a5bc70-61d0-42fa-b82d-9d480b0fbe2a___JR_FrgE.S 3093.JPG,Apple___Black_rot,T1,0.024362530494937005,0.36155569472418914
29f71a36-3389-47c8-94ad-484818e677f2___JR_FrgE.S 8607.JPG,Apple___Black_rot,T3,0.04657772770337746,0.18902837578393944
7d0d902e-524f-48da-9eee-41642cc78aef___JR_FrgE.S 2911.JPG,Apple___Black_rot,T3,0.006247633472169633,0.6675289486207748
86110fa2-5836-43ed-856e-9a5fa416404f___JR_FrgE.S 8624.JPG,Apple___Black_rot,T1,0.07043529780782769,0.1703216352030214
39c257ad-8334-45e7-a4e1-f131bb4a7eee___JR_FrgE.S 3023.JPG,Apple___Black_rot,T2,0.031046169586903698,0.4313433069983607
09baab32-8360-4251-9c84-a5ce6bfdfff1___JR_FrgE.S 2883.JPG,Apple___Black_rot,T2,0.05525965379494008,0.4323507301513421
788885e1-18b4-44a0-af85-226e66265220___JR_FrgE.S 8574.JPG,Apple___Black_rot,T2,0.14671192484399642,0.17173848150598872
5dea1611-b335-47f7-aa30-e6856f668c80___JR_FrgE.S 2968.JPG,Apple___Black_rot,T3,0.036114076559402165,0.4304982995908767
e2da6207-2cfa-4620-8569-2f4c57a34f30___JR_FrgE.S 8682.JPG,Apple___Black_rot,T1,0.19253630530226276,0.12655357214923293
72fb58a6-e08c-4192-8c00-f5f5916c7ff8___JR_FrgE.S 8596.JPG,Apple___Black_rot,T3,0.06101472134595163,0.1461738444060805
8c6b887d-0ef4-4b77-8d89-b105a388d1e5___JR_FrgE.S 2749.JPG,Apple___Black_rot,T2,0.027958607714016932,0.3425845825573969
719f24ab-9127-4a77-9f7e-7b47acb9f977___JR_FrgE.S 8802.JPG,Apple___Black_rot,T4,0.22183679150339394,0.14712530443535457
70336f72-8835-40a2-8635-22b60104c19a___JR_FrgE.S 8656.JPG,Apple___Black_rot,T4,0.17170303279813368,0.1213402185699945
ce1df5bf-b9cd-491a-9b54-f4e20f3b71a2___JR_FrgE.S 2735.JPG,Apple___Black_rot,T2,0.0748998070357726,0.6170051729240741
bc6642f0-62ee-419c-90c8-e1e2f19aaecb___JR_FrgE.S 2907.JPG,Apple___Black_rot,T2,0.030173969537284344,0.3113231160705627
1a899717-5445-4d2b-8035-91bc47780504___JR_FrgE.S 8806.JPG,Apple___Black_rot,T4,0.09481485254418581,0.1957609595236489
2b15f14f-6fa9-41fe-8b84-388a4d5bbc33___JR_FrgE.S 8578.JPG,Apple___Black_rot,T4,0.13552959451150448,0.1866612137650583
04de1246-ecfa-4d2c-bc2d-16b81b0bd364___JR_FrgE.S 2970.JPG,Apple___Black_rot,T3,0.018702693187819044,0.23078350382353288
a8f06c83-bcab-4431-8c91-b00331c4b067___JR_FrgE.S 8613.JPG,Apple___Black_rot,T3,0.11133782586517035,0.19424929423206916
7e56a062-a114-49ac-b029-292e4f0a68ff___JR_FrgE.S 8783.JPG,Apple___Black_rot,T1,0.14095346876614723,0.2634654989669147
d270d610-6fb5-4ae1-9a00-ad72b3e98526___JR_FrgE.S 8635.JPG,Apple___Black_rot,T3,0.1491364613446001,0.1361719545597601
b1fbd9e5-c3b6-4aac-a77e-87ca51994e4f___JR_FrgE.S 8752.JPG,Apple___Black_rot,T4,0.08441067253472699,0.20428636597159236
9febcc67-da4b-4424-a2cc-2bd6e19833ce___JR_FrgE.S 3054.JPG,Apple___Black_rot,T2,0.141991341991342,0.014488760356326019
d240fec5-9b1e-4b36-a7df-d0007d0ebfcb___JR_FrgE.S 2929.JPG,Apple___Black_rot,T1,0.047048099845743936,0.4018692469294631
f24c943a-6339-48a5-bfb0-b866c926dc16___JR_FrgE.S 2931.JPG,Apple___Black_rot,T3,0.040033783783783784,0.3433842516595474
e4d473a3-83ad-496d-a97f-5aee9d713d69___JR_FrgE.S 2782.JPG,Apple___Black_rot,T2,0.10228369250562883,0.48329135169992576
958e6e27-a6b7-4764-8af1-8a32934130ed___JR_FrgE.S 2776.JPG,Apple___Black_rot,T4,0.07530922185689683,0.5392031098655622
f3297583-9150-42fd-a2f4-1a9e7109e240___JR_FrgE.S 2967.JPG,Apple___Black_rot,T2,0.03884670075333555,0.48334596068977703
ecfabcf4-106e-4357-8058-948dcb2f4798___JR_FrgE.S 8821.JPG,Apple___Black_rot,T3,0.5581062024643411,0.1404615548769352
82222b3b-3999-40ad-8d80-d7ce0f74bbc3___JR_FrgE.S 8787.JPG,Apple___Black_rot,T4,0.14139023063881515,0.1263358882775008
c4746563-b461-420a-9963-9a9b467c97d6___JR_FrgE.S 2742.JPG,Apple___Black_rot,T2,0.033187200393329785,0.09185411736889108
e528fe87-6133-4d89-88b0-2a37aaa07f16___JR_FrgE.S 8729.JPG,Apple___Black_rot,T4,0.10972508591065291,0.2325483789872984
bf3eaad3-aa22-4425-88f0-339be0f39059___JR_FrgE.S 2933.JPG,Apple___Black_rot,T3,0.014918045169574741,0.05484675021122829
5c857785-58d0-4e74-8fff-dce904538692___JR_FrgE.S 2790.JPG,Apple___Black_rot,T4,0.11036246155972496,0.2866526224710056
7389e6f0-9d77-41fd-b58c-e7d80c659ab6___JR_FrgE.S 8773.JPG,Apple___Black_rot,T2,0.30483819964161485,0.07398236115132426
a97c2088-9bf7-4840-8a41-813aadae4aa6___JR_FrgE.S 2793.JPG,Apple___Black_rot,T1,0.0739963264235109,0.3813850266615748
83ec5e47-c1db-4889-9725-9c2daab2d112___JR_FrgE.S 8583.JPG,Apple___Black_rot,T3,0.3162069659754379,0.10045132536103267
8d816370-cd56-4eb4-8d73-f9966e1853c6___JR_FrgE.S 2882.JPG,Apple___Black_rot,T1,0.05071760008632783,0.4220713177130211
f14af5e9-087d-4040-9eb2-c2672d513e36___JR_FrgE.S 2972.JPG,Apple___Black_rot,T3,0.024437885233093152,0.3024532103426651
9db01900-2a71-4acc-a9e8-f1a462707cf8___JR_FrgE.S 3004.JPG,Apple___Black_rot,T3,0.05935621638721923,0.2572969488675112
5ac53fe2-9869-498b-b13c-fe8b3a5933b1___JR_FrgE.S 8678.JPG,Apple___Black_rot,T2,0.10839894110771135,0.16691006823558105
5c65f741-4418-4e2d-b93e-b899d6244b11___JR_FrgE.S 8769.JPG,Apple___Black_rot,T1,0.14572269499008253,0.07868328811521828
35ca99d4-5913-457a-b09c-3e90f6ef98a3___JR_FrgE.S 2947.JPG,Apple___Black_rot,T3,0.016379369548794726,0.3557702481655463
f079c46a-6614-45ac-8ab6-187d126609e5___JR_FrgE.S 2767.JPG,Apple___Black_rot,T3,0.048011392533821584,0.26171947300262477
59bc1959-6712-4eeb-a58d-ab564851a8f5___JR_FrgE.S 8731.JPG,Apple___Black_rot,T4,0.3093965914325196,0.13593026983629433
bd6f574a-e0cc-4293-af21-3949e9bf3a8e___JR_FrgE.S 8675.JPG,Apple___Black_rot,T3,0.1649021268586486,0.2027666997273569
aed39453-1ff0-44b9-90e8-7cabf883340e___JR_FrgE.S 2873.JPG,Apple___Black_rot,T1,0.052928416485900215,0.39705036299093105
953017bf-0b57-4fd9-a696-3fb00aa84c24___JR_FrgE.S 8590.JPG,Apple___Black_rot,T4,0.16395655449522853,0.10589747325305478
073553c2-0e42-4c86-b929-b2201f3f7756___JR_FrgE.S 2819.JPG,Apple___Black_rot,T2,0.06131058973502899,0.25454732280685205
39ab4ac8-5f68-448a-8b1f-dcba2e07d129___JR_FrgE.S 8798.JPG,Apple___Black_rot,T3,0.15491433050879092,0.1551968453962995
a2eb846a-da47-4d4d-97db-d954a20bb22a___JR_FrgE.S 2868.JPG,Apple___Black_rot,T2,0.14970953303069745,0.393531429164881
bd1b3df1-f056-40c1-aded-be7185154408___JR_FrgE.S 8779.JPG,Apple___Black_rot,T4,0.2806287710384249,0.07887039839035438
1452dba2-3694-4657-ac64-fed65ebea056___JR_FrgE.S 3081.JPG,Apple___Black_rot,T1,0.026309540770290164,0.23726157163513775
0c8432e0-0484-470c-a774-7cce596b9e64___JR_FrgE.S 2841.JPG,Apple___Black_rot,T3,0.045584287127313834,0.5498630220131655
b94f7192-3ed3-4dfa-83a6-570142a8b795___JR_FrgE.S 8687.JPG,Apple___Black_rot,T4,0.12262927785315846,0.11574127661598527
0bc2127e-99b9-44ea-bb2b-4e1b0b0f7624___RS_HL 7777.JPG,Apple___Black_rot,T1,0.2007234726688103,0.046651543962007436
e9d9e0f2-331e-4bf5-90cf-a45c2a93dfea___JR_FrgE.S 2946.JPG,Apple___Black_rot,T2,0.012349469518643606,0.3887832274609707
3b364e42-9120-4ece-b0ea-2c39ce883cbb___JR_FrgE.S 2774.JPG,Apple___Black_rot,T1,0.04586499065197502,0.4544370899766151
8267ac2d-0e8f-4ed3-9da2-8180b99cc26a___JR_FrgE.S 8646.JPG,Apple___Black_rot,T4,0.07586007971470526,0.19674494408091844
eb98c4ac-28e3-40ef-8cf4-38acddd5d774___JR_FrgE.S 3043.JPG,Apple___Black_rot,T1,0.043164802661983546,0.27174867101819267
9efc127e-4eb6-403a-87f8-1c57c2bb8298___JR_FrgE.S 8657.JPG,Apple___Black_rot,T2,0.1730876088164475,0.056329118512768096
e6ea57b6-04c9-4873-83d5-f6d859d54dbb___JR_FrgE.S 2848.JPG,Apple___Black_rot,T1,0.0356340112932405,0.21195099220434413
d1516c58-c21b-4ba9-907b-cd89f245f4f2___JR_FrgE.S 3058.JPG,Apple___Black_rot,T1,0.10277398817644384,0.03781209397090244
56d05ee6-f6d5-4c34-838e-4ff2c0592d5d___JR_FrgE.S 2822.JPG,Apple___Black_rot,T1,0.046465602547003396,0.0911537428672411
769283e3-f7ec-4e62-b907-4b22d1bda1ea___JR_FrgE.S 8618.JPG,Apple___Black_rot,T1,0.06099439546393104,0.15612178875407165
394b4c4e-096d-4a4e-9498-8a18f240ab18___JR_FrgE.S 2855.JPG,Apple___Black_rot,T2,0.03442520342165658,0.24727594129076672
9e4c3e90-477d-4b7e-8227-bf82a037024e___JR_FrgE.S 3003.JPG,Apple___Black_rot,T1,0.02985975501508965,0.33435342296585346
3235339f-7b7b-423a-850a-0fd58ded4725___JR_FrgE.S 2791.JPG,Apple___Black_rot,T3,0.0993661312396456,0.4012559587760321
3e340ca3-47d5-4a22-9f40-e91f3eea2be6___JR_FrgE.S 8747.JPG,Apple___Black_rot,T3,0.35549175346312634,0.15689878214157554
65e6c212-6363-4ba2-8245-52c5266efad0___JR_FrgE.S 8625.JPG,Apple___Black_rot,T3,0.0669213452486527,0.12247136384518945
2d30e157-5cd6-4827-85ee-4c3c5f05725e___JR_FrgE.S 3080.JPG,Apple___Black_rot,T3,0.039287875731289085,0.22087317007385346
7b4b37d4-fec6-4e52-8c88-a6e1e69aeeb2___JR_FrgE.S 8588.JPG,Apple___Black_rot,T4,0.15206602654007983,0.07281735177843651
6f38c615-281d-4bf5-8d92-7c02d3ef9e1b___JR_FrgE.S 8753.JPG,Apple___Black_rot,T1,0.11229578675838349,0.15587737117468764
032cf235-07ff-478f-b347-d55c07835bc5___JR_FrgE.S 8778.JPG,Apple___Black_rot,T3,0.23754250864225288,0.10056558622808803
a79f3789-8c2c-4a04-acb4-f96544b93082___JR_FrgE.S 2880.JPG,Apple___Black_rot,T3,0.0530966680693164,0.3789050315684409
c47676f2-2302-4efb-9598-6b51a45e28f7___JR_FrgE.S 8803.JPG,Apple___Black_rot,T4,0.07461940354473415,0.18043289387673825
6e6ba2b7-f2dd-4e99-816a-0e0b8dd6d6bf___JR_FrgE.S 2762.JPG,Apple___Black_rot,T4,0.05231961700672518,0.10254177021336756
2aa2ed70-b0b7-4d30-9c84-f6ded6a03fc2___JR_FrgE.S 8739.JPG,Apple___Black_rot,T4,0.2576770056780872,0.13721718000338465
52d8da3b-5d74-43ba-b527-bc8fc6b5387b___JR_FrgE.S 2797.JPG,Apple___Black_rot,T3,0.024076646365352422,0.4336451647152619
f83c1286-8bdb-48e6-ac8f-bd8a5209afc7___JR_FrgE.S 3001.JPG,Apple___Black_rot,T3,0.05660078425159425,0.2699278757473387
085625a8-236d-4f71-bd40-78e3e4f24eb0___JR_FrgE.S 2732.JPG,Apple___Black_rot,T1,0.08869239925182792,0.5847469484853325
a716360d-b3c2-4fcb-9ac0-98c5f3cc429b___JR_FrgE.S 2810.JPG,Apple___Black_rot,T2,0.03154592629511273,0.4452842792710183
848b600b-f609-44c5-bc09-15dd1af0b01c___JR_FrgE.S 8735.JPG,Apple___Black_rot,T1,0.09174234779683821,0.13073068703895624
9691ae31-5b5d-4160-ae00-77358aff80ee___JR_FrgE.S 8719.JPG,Apple___Black_rot,T1,0.10677363328095278,0.14507217950363394
39148cb8-c7fa-4760-b708-b4e399047bb6___JR_FrgE.S 2869.JPG,Apple___Black_rot,T2,0.09669853869745625,0.4620237766812288
ce675478-f624-4536-b4ba-b0c43d134ae8___JR_FrgE.S 8595.JPG,Apple___Black_rot,T3,0.13148279435022087,0.1134033700883866
b856fc24-15d8-4294-8dd5-70a270f54518___JR_FrgE.S 8789.JPG,Apple___Black_rot,T1,0.1548892674616695,0.12782863064744937
427bd918-f362-48d9-9903-4e7197e87a87___JR_FrgE.S 3034.JPG,Apple___Black_rot,T4,0.1042886472511596,0.39160492097671123
8d935efd-8dba-4847-954f-a914d93d8d07___JR_FrgE.S 2857.JPG,Apple___Black_rot,T1,0.03298852349338686,0.22316107107349495
93f9f8ea-31c2-412f-b3c4-49ee75312d76___JR_FrgE.S 2978.JPG,Apple___Black_rot,T2,0.030831953115046502,0.02179956717618275
f63c8d11-234c-4ff4-bd81-5c3947503038___JR_FrgE.S 3085.JPG,Apple___Black_rot,T1,0.031581658938691394,0.15515844105513782
b970ac93-7f26-41ae-a5ed-fc509e209c12___JR_FrgE.S 8808.JPG,Apple___Black_rot,T4,0.05094048063089465,0.22083746292234976
8277c9af-7689-4fc8-9fe2-66e9005c7c1d___JR_FrgE.S 8609.JPG,Apple___Black_rot,T1,0.06167310167310167,0.4409377312025126
952ab9a0-bfcc-408c-a7d7-c8ae485acb7c___JR_FrgE.S 2993.JPG,Apple___Black_rot,T4,0.045226292409708366,0.28356603060952207
73b7ad12-02d0-4775-8f51-c7d404177132___JR_FrgE.S 2969.JPG,Apple___Black_rot,T1,0.03355110929631142,0.11809053914098402
b6850718-a674-4eb2-9a5b-bb7ae5f32ce8___JR_FrgE.S 8602.JPG,Apple___Black_rot,T4,0.3148125384142594,0.38172225355158407
337ea111-17e2-470d-8fae-1fe8c61c13dc___JR_FrgE.S 2985.JPG,Apple___Black_rot,T3,0.023683514157184442,0.06534277370738464
a0953d6d-067c-4b49-86fb-162d14d2fed0___JR_FrgE.S 2796.JPG,Apple___Black_rot,T2,0.016762820512820513,0.5296402973311464
ff7087a7-3388-45dc-a9e9-0aed99539223___JR_FrgE.S 2979.JPG,Apple___Black_rot,T3,0.019077282460580106,0.04417050481415462
51c1787e-4570-43dc-91c3-6ae72c98128a___JR_FrgE.S 8706.JPG,Apple___Black_rot,T3,0.09742071881606765,0.2461440007763846
ff0f9b3a-4ef4-4c38-9a23-516beff99192___JR_FrgE.S 3048.JPG,Apple___Black_rot,T3,0.11935000831900616,0.042021699930676004
37dc5845-507c-46f7-bfd9-f41407e6c813___JR_FrgE.S 8591.JPG,Apple___Black_rot,T4,0.09363914158266307,0.15170348337351572
4b934731-815b-461f-a252-a02f198f91ab___JR_FrgE.S 3032.JPG,Apple___Black_rot,T3,0.08347076840227526,0.28893371310235083
64577b36-9701-43be-a559-10f787f2d185___JR_FrgE.S 8611.JPG,Apple___Black_rot,T3,0.1648028099899274,0.16969989817073985
32ef0219-fbb0-417c-abad-56021a2c1619___JR_FrgE.S 2893.JPG,Apple___Black_rot,T1,0.03345944257401687,0.4422348607890762
f415bc3e-3e71-4636-a3dd-78b65002384d___JR_FrgE.S 2917.JPG,Apple___Black_rot,T4,0.019682608853542505,0.46630603600157217
f3bac530-dd9a-43b3-b3cf-9860315f3d18___JR_FrgE.S 8800.JPG,Apple___Black_rot,T2,0.2582978723404255,0.13523933608929006
b5e8225f-baa9-4ee0-ae0d-3e15cd7e95b8___JR_FrgE.S 8718.JPG,Apple___Black_rot,T4,0.1591905227039347,0.12805095797127983
f702f711-d90a-46be-8cd1-78521ecb6822___JR_FrgE.S 8724.JPG,Apple___Black_rot,T1,0.3227937381730604,0.04448132781609029
68566f26-8158-4fd5-9c5f-0a29eec5225a___JR_FrgE.S 8746.JPG,Apple___Black_rot,T1,0.15025227887268977,0.08342892133403464
ecd4b7b6-2418-4fc0-ab1f-c63c7a61fac6___JR_FrgE.S 8672.JPG,Apple___Black_rot,T1,0.23802745764268332,0.1947741027994099
58da5350-ae11-490e-9c28-7b52970331f4___JR_FrgE.S 8616.JPG,Apple___Black_rot,T1,0.1318407960199005,0.15221198820393714
d962745e-a8b7-414a-a9f8-f47e945e3be9___JR_FrgE.S 2881.JPG,Apple___Black_rot,T1,0.06186008230452675,0.4069832685216842
af71d90f-c209-4d1d-8c80-0d7cab342106___JR_FrgE.S 8696.JPG,Apple___Black_rot,T1,0.16839784627125112,0.13278203823539544
30ff1b97-0850-4224-a176-bfa284d92a24___JR_FrgE.S 2940.JPG,Apple___Black_rot,T4,0.011578462011373533,0.18203242404159997
057c985f-2a00-40fe-b48f-590aabd3babe___JR_FrgE.S 3015.JPG,Apple___Black_rot,T3,0.030982683079490925,0.35993286080211284
d8735c39-eb57-460b-bff1-7946a6d3a543___JR_FrgE.S 2935.JPG,Apple___Black_rot,T3,0.016214908034849953,0.1378272622774213
81c39f57-58f1-43cb-9d40-687e88b4734a___JR_FrgE.S 2960.JPG,Apple___Black_rot,T4,0.042787286063569685,0.4747875934215072
5a7cfbae-2b00-4f16-b1e9-eacd813a5378___JR_FrgE.S 2783.JPG,Apple___Black_rot,T1,0.10000512452598134,0.5008417255268699
f3918f57-f4c8-44a4-bd0b-403755fa9615___JR_FrgE.S 3092.JPG,Apple___Black_rot,T4,0.025603000828717234,0.3741750128181733
1b607e4f-ce59-4c0f-8e91-b529088926be___JR_FrgE.S 8788.JPG,Apple___Black_rot,T2,0.1704265852429372,0.1566073090293579
d32e96f1-8fde-4f6e-a558-7fdc1ab0807e___JR_FrgE.S 8676.JPG,Apple___Black_rot,T4,0.14855254461335096,0.2530827758366581
96922007-b6ba-4925-a18a-2b19138d9297___JR_FrgE.S 2800.JPG,Apple___Black_rot,T3,0.03999276694493837,0.42287506416675263
5b5a11ac-da33-4eb4-b0a3-2ef746f744f4___JR_FrgE.S 8576.JPG,Apple___Black_rot,T4,0.08366008870604873,0.18753858675845764
1dfd4db7-a456-4785-bf16-f517bcaf54e8___JR_FrgE.S 3089.JPG,Apple___Black_rot,T1,0.03208507544082894,0.2687954867510393
ee734326-8122-445c-adb5-9f0cb8dca9b7___JR_FrgE.S 2964.JPG,Apple___Black_rot,T3,0.031831298557158716,0.31712641539934555
36836204-c6de-472e-90e4-6787ff74965e___JR_FrgE.S 8757.JPG,Apple___Black_rot,T3,0.17532814634436064,0.1540828590208411
0bb8fb61-d561-43fd-89a3-d24d253adef9___JR_FrgE.S 2849.JPG,Apple___Black_rot,T4,0.03425079350040267,0.23998620226755077
330224ac-f2e0-4ace-ad1c-0f163894eaae___JR_FrgE.S 3083.JPG,Apple___Black_rot,T3,0.03832457936437283,0.24262481225060245
5435d1b3-2138-47ca-aca4-23cac9d1bb43___JR_FrgE.S 2779.JPG,Apple___Black_rot,T4,0.07518395442677427,0.5642855365102425
1cdac481-1275-4228-a2ca-e3deaf268ffc___JR_FrgE.S 2897.JPG,Apple___Black_rot,T1,0.03331712062256809,0.25023891381831154
02186b4f-a9e1-4d19-ae3d-6cfb0f4b106a___JR_FrgE.S 2828.JPG,Apple___Black_rot,T2,0.04088663094161041,0.3243065381392364
a59e57c9-a916-447d-95a0-959f1fb51447___JR_FrgE.S 8819.JPG,Apple___Black_rot,T2,0.43777674201817757,0.19889818952982738
5d1c501f-ce9a-4538-ac05-bda251444cba___JR_FrgE.S 3035.JPG,Apple___Black_rot,T3,0.10707496630145509,0.34218881446146027
d892ca1b-8b68-4087-9bb1-3ac7b861c283___JR_FrgE.S 8606.JPG,Apple___Black_rot,T2,0.05489278752436647,0.2813641479119455
5db69c6b-f9c9-4a3f-b47a-ca6449023bdd___JR_FrgE.S 2757.JPG,Apple___Black_rot,T3,0.031874551603976634,0.37997840584082687
b83cf31c-65e9-405d-a42b-5c4ffda9114c___JR_FrgE.S 8744.JPG,Apple___Black_rot,T4,0.23218041598504324,0.12534766946719555
13daa7ca-c343-497d-a9c5-34438752ab1f___JR_FrgE.S 8804.JPG,Apple___Black_rot,T3,0.10039301660294629,0.18939812223458483
0139bc6d-391c-4fd1-bcae-cc74dabfddd7___JR_FrgE.S 2734.JPG,Apple___Black_rot,T4,0.07094493179013375,0.523997288609488
b157d655-9533-4c1d-a9bc-8f6351b06306___JR_FrgE.S 3087.JPG,Apple___Black_rot,T3,0.02611769025979987,0.33768279471485174
8f866e9b-a1e4-4b34-89f0-74f2ddc641d1___JR_FrgE.S 8738.JPG,Apple___Black_rot,T2,0.2183287596875848,0.13847097383456264
1e2149c8-f9ed-49b2-a8c2-2e8b2046d0f7___JR_FrgE.S 2965.JPG,Apple___Black_rot,T2,0.04072902164283002,0.4702353789964614
c498d495-5796-4d08-9eaf-c1f26ed1099a___JR_FrgE.S 2888.JPG,Apple___Black_rot,T3,0.039541420585541484,0.3617147434444191
076d95c0-1ca7-4ee8-9558-0f18e617813d___JR_FrgE.S 2737.JPG,Apple___Black_rot,T4,0.06891352549889135,0.5338910571226815
554089f3-ff67-45ff-9d9a-b0aba573df6a___JR_FrgE.S 2730.JPG,Apple___Black_rot,T4,0.09042378149109656,0.5337628196218767
a8ce9225-ca25-41ba-8c19-4d80ffcb4c93___JR_FrgE.S 8570.JPG,Apple___Black_rot,T2,0.0861964122833688,0.1201380715708836
f770ff71-9ac5-46ef-8b66-65ba246bb952___JR_FrgE.S 8702.JPG,Apple___Black_rot,T1,0.11766201480309622,0.16897789405017458
1d0e83a0-f3c0-4c14-b1d6-b0ceee3552ac___JR_FrgE.S 3006.JPG,Apple___Black_rot,T2,0.05311536767943637,0.18260321837442317
ac638c74-99c4-434f-a9a1-ef727fa494eb___JR_FrgE.S 2986.JPG,Apple___Black_rot,T3,0.014457975883376327,0.09645662114707891
6df2fa87-ba57-4627-ae8f-cba5f080e9cd___JR_FrgE.S 3049.JPG,Apple___Black_rot,T1,0.16744884550403605,0.024757501984900804
05421496-3901-424d-b44a-1be1f2734cf1___JR_FrgE.S 3005.JPG,Apple___Black_rot,T4,0.04686687727436318,0.36042552562347435
804f69a4-cd0f-4579-9b9d-b1a032160642___JR_FrgE.S 3018.JPG,Apple___Black_rot,T4,0.02709942928136041,0.25391712888801665
777543a0-d23f-4e13-904d-d4a19fbed594___JR_FrgE.S 8643.JPG,Apple___Black_rot,T4,0.07725052884489828,0.18176409362836382
ad42c269-aca2-4b1b-9e3d-59108ccb79a3___JR_FrgE.S 8622.JPG,Apple___Black_rot,T1,0.14270446469126566,0.11271345859752599
cc0d5a51-bb90-421f-9e0a-f74fc323dcf6___JR_FrgE.S 8717.JPG,Apple___Black_rot,T3,0.09561116604548567,0.26740001775894745
58c65e96-71e6-4176-bf47-24b529fa3aa6___JR_FrgE.S 8716.JPG,Apple___Black_rot,T2,0.11191453162530024,0.19707987887046663
a23597b9-4e73-4b9c-8ef1-de02d2f2178c___JR_FrgE.S 8690.JPG,Apple___Black_rot,T4,0.3714464983831266,0.13101784253108253
e0ee140b-d60c-4b08-ae6f-e44c5c31fbc8___JR_FrgE.S 2817.JPG,Apple___Black_rot,T3,0.04497710746027471,0.28511789406794186
90af12e6-8764-4cb5-9f88-ac1fa8b337c0___JR_FrgE.S 2738.JPG,Apple___Black_rot,T2,0.02802117155183917,0.37980154817610595
c8ede452-70bd-45bf-b820-e06d19d541bd___JR_FrgE.S 8662.JPG,Apple___Black_rot,T2,0.13974493298168286,0.07827197467276449
c7459ae0-0430-4e16-8741-fc71629f8357___JR_FrgE.S 3057.JPG,Apple___Black_rot,T4,0.09151940401940402,0.1466490488988745
538ae10f-3137-4050-86f1-7439bc80e364___JR_FrgE.S 2766.JPG,Apple___Black_rot,T1,0.05500101030511215,0.21170674529238914
dd73bcb6-849f-4df3-9939-6893d07b2b45___JR_FrgE.S 8572.JPG,Apple___Black_rot,T2,0.06953790937640197,0.17269576414917429
3afb0100-58b4-4825-bfb4-037258cd5925___JR_FrgE.S 8755.JPG,Apple___Black_rot,T1,0.10667741502082494,0.20919972934228273
56bb2954-b463-4557-a438-594e09783513___JR_FrgE.S 8577.JPG,Apple___Black_rot,T4,0.21835404483430798,0.13738177830799111
9dd36e5e-2ca6-4ab3-8f5f-4ffb594a6023___JR_FrgE.S 2745.JPG,Apple___Black_rot,T4,0.025549436920176614,0.18556689442206856
58ebc44b-c9b7-441b-9aa1-bfcc1b90e21e___JR_FrgE.S 8582.JPG,Apple___Black_rot,T2,0.23067446874037573,0.059229402103688995
a0d95497-da4c-40dd-bc2a-d29d1629bd4f___JR_FrgE.S 8759.JPG,Apple___Black_rot,T1,0.13432357341312245,0.10881870993300506
9d79342d-4445-42d1-878c-7f0c91e285fe___JR_FrgE.S 3011.JPG,Apple___Black_rot,T4,0.04652699755468905,0.07629419521490628
8381c748-f548-4ae2-be56-cb72184a7055___JR_FrgE.S 3082.JPG,Apple___Black_rot,T3,0.023203592814371257,0.21616431182013995
a55923f0-3b82-40ee-8211-720503bc00af___JR_FrgE.S 2808.JPG,Apple___Black_rot,T4,0.022244723602189667,0.4326720367858446
62cc4916-2674-472e-a48c-0ce986aa85e3___JR_FrgE.S 8793.JPG,Apple___Black_rot,T1,0.17191682665008248,0.21644070271166266
f2b57a5b-f46d-453a-bb33-21d01d8a10de___JR_FrgE.S 3036.JPG,Apple___Black_rot,T2,0.04600396896987191,0.257929352909122
15f31b47-61da-4549-ad60-f13ef13a6512___JR_FrgE.S 8734.JPG,Apple___Black_rot,T1,0.1400621357229055,0.11104085937873255
70ba699d-a8aa-494a-889f-fd7e54a723be___JR_FrgE.S 2760.JPG,Apple___Black_rot,T2,0.0567585159470601,0.23108673988935619
c7cdbb47-6660-44b5-8bb6-3cb796685d15___JR_FrgE.S 2834.JPG,Apple___Black_rot,T2,0.04072584197081364,0.5449813063204001
a2d0df69-e2ee-4b7b-8b48-051027a83258___JR_FrgE.S 2936.JPG,Apple___Black_rot,T3,0.014391171426440981,0.10826873254549409
24cdceb7-e70a-4164-9cd4-72b514771abf___JR_FrgE.S 2962.JPG,Apple___Black_rot,T2,0.03849843587069864,0.31149276613600263
e6c8b854-6b46-4137-8e08-81e63ff418ea___JR_FrgE.S 2971.JPG,Apple___Black_rot,T4,0.04179480011182555,0.08576590320494269
77843368-1495-4113-b865-83e381f0641e___JR_FrgE.S 8791.JPG,Apple___Black_rot,T4,0.31738267981848317,0.09007616835348871
e3eead59-f821-41dd-9794-ba3ad35c71c7___JR_FrgE.S 2937.JPG,Apple___Black_rot,T2,0.013342140026420079,0.08455880217267588
7add2e39-6555-4d52-ad02-b1bb061db8e7___JR_FrgE.S 3039.JPG,Apple___Black_rot,T2,0.056831316945364876,0.3135023910084392
af952e46-4478-4672-a9dc-b0ed14cc1f8c___JR_FrgE.S 8598.JPG,Apple___Black_rot,T4,0.07956408768699075,0.19049052157213986
6941b868-48df-4f58-9b34-4bc9d9e82867___JR_FrgE.S 8668.JPG,Apple___Black_rot,T3,0.15450162866449513,0.13899994030820723
a133da59-4ece-4efc-85a6-9376149371e4___JR_FrgE.S 2860.JPG,Apple___Black_rot,T3,0.12030798845043311,0.41104516313719663
507c6d2a-5fba-4f4c-9c44-9308f3ffdf69___JR_FrgE.S 3013.JPG,Apple___Black_rot,T2,0.0492190435296012,0.09863025559056672
52a259e0-e323-4655-84e5-4588cb1c8ed6___JR_FrgE.S 2758.JPG,Apple___Black_rot,T2,0.07029749610464905,0.26110108168744195
fc2bb6fc-6480-486c-8727-fbd2da59baa4___JR_FrgE.S 8634.JPG,Apple___Black_rot,T1,0.3781614865975991,0.10346506383108552
1d59f109-9793-403b-88d7-73bc3b17d601___JR_FrgE.S 8592.JPG,Apple___Black_rot,T3,0.09092102241034222,0.13271175544068775
6ce1eb43-e41c-4eb0-9440-db5a955ab7b6___JR_FrgE.S 2919.JPG,Apple___Black_rot,T1,0.013618530255017353,0.31227891665874424
ab1b3baa-483a-4b41-b5d7-32e043f52594___JR_FrgE.S 3073.JPG,Apple___Black_rot,T1,0.064205324141368,0.2162325812587044
fe6a81b9-9198-4db7-82df-0802913716e1___JR_FrgE.S 2976.JPG,Apple___Black_rot,T4,0.06901395261728627,0.046147094289298564
78d063f1-e38a-414f-85f1-72cbf3dbe229___JR_FrgE.S 2884.JPG,Apple___Black_rot,T2,0.04822088275325685,0.5619215607336416
cda4e00f-b32f-4605-b2ca-4b5eba5ecc22___JR_FrgE.S 8799.JPG,Apple___Black_rot,T2,0.1969761152204373,0.0899542779410132
c18a2d5a-4160-48de-8e9e-7ccc047aeddc___JR_FrgE.S 8805.JPG,Apple___Black_rot,T1,0.06721090401194432,0.16013753247016863
0090d05d-d797-4c99-abd4-3b9cb323a5fd___JR_FrgE.S 8727.JPG,Apple___Black_rot,T4,0.13667009864160218,0.07523780904062569
55a48eef-2f73-458f-ab98-7d5110a4ea1b___JR_FrgE.S 2821.JPG,Apple___Black_rot,T2,0.035579345088161206,0.19372445459078036
4fd1092b-5d44-420c-9ea1-b10dc775ecb9___JR_FrgE.S 2903.JPG,Apple___Black_rot,T1,0.049564270152505446,0.1947466386470217
f9747ff8-17a9-4052-a7f0-d7255d520faa___JR_FrgE.S 2904.JPG,Apple___Black_rot,T4,0.0687601311870924,0.22247769610431298
d4ea8c73-7beb-4019-8a66-f60381c6fdc0___JR_FrgE.S 8601.JPG,Apple___Black_rot,T1,0.08312761926631838,0.11988551920888224
a0508a43-b31b-4d26-9ed0-96b04400b187___JR_FrgE.S 3060.JPG,Apple___Black_rot,T4,0.1457278353830078,0.008707245705589848
789c7185-b853-4638-b621-03ee71ce0c7e___JR_FrgE.S 8641.JPG,Apple___Black_rot,T2,0.08815677531023558,0.11509016832132112
4b5683c4-ef68-4439-b346-f76ea2c651da___JR_FrgE.S 8639.JPG,Apple___Black_rot,T2,0.07732461574965069,0.1170014282852279
3d33710d-c091-4dae-a491-ef813ea2d34b___JR_FrgE.S 2885.JPG,Apple___Black_rot,T3,0.032835462299283226,0.30916654225046886
abdb807d-552f-433d-bb3e-b73494bbff15___JR_FrgE.S 8780.JPG,Apple___Black_rot,T4,0.15335125792202803,0.1361570432297721
73a2cc6f-1383-4f70-bda6-02f4c0944ee5___JR_FrgE.S 8692.JPG,Apple___Black_rot,T4,0.10538976170788544,0.11587881999580645
cb323687-3c3a-41d0-b5f8-445f15d9aa76___JR_FrgE.S 8688.JPG,Apple___Black_rot,T1,0.13240717533746285,0.1331734721790534
132a74c4-3bdc-410b-931d-887bac16b074___JR_FrgE.S 8705.JPG,Apple___Black_rot,T2,0.09633069567077084,0.15933521272896228
028d1f49-303d-46b6-ae2b-50862fab78ca___JR_FrgE.S 2748.JPG,Apple___Black_rot,T4,0.034178168130489336,0.16392122751313976
a572ba2c-a691-4133-bb2f-e6e97edb749c___JR_FrgE.S 2991.JPG,Apple___Black_rot,T1,0.07161111980389089,0.5104857399511715
3ed38c3a-4c0a-4682-b39b-e0f7d1bf361b___JR_FrgE.S 2859.JPG,Apple___Black_rot,T1,0.10483169792572351,0.4137534548819875
4ef8432c-0114-4c67-a5f0-a4935597dc68___JR_FrgE.S 8698.JPG,Apple___Black_rot,T1,0.11951331760915837,0.10814713072200617
7530c184-6aa8-40fa-9f8d-7e5f0b3e5a7e___JR_FrgE.S 3045.JPG,Apple___Black_rot,T4,0.050157599013293135,0.3371783339376741
b435d2d9-20c4-47cf-8420-2aa6c0ddd04a___JR_FrgE.S 8742.JPG,Apple___Black_rot,T3,0.12653766413268833,0.0738328429365608
f3524490-1e4a-4292-9628-fccb4f85ae4e___JR_FrgE.S 8671.JPG,Apple___Black_rot,T3,0.17785684478706815,0.2392337919068506
d34cb771-c15b-41c4-aa43-ecae33df010b___JR_FrgE.S 8631.JPG,Apple___Black_rot,T4,0.25093916939514044,0.13682444691607143
a50f7480-3c37-4b00-8b5a-d42740523748___JR_FrgE.S 8748.JPG,Apple___Black_rot,T1,0.15236276849642005,0.1473448919672218
f7565e18-4946-4049-a1cd-ded7d3c09cef___JR_FrgE.S 2755.JPG,Apple___Black_rot,T4,0.037241859385876715,0.20072746114120657
87975b41-e762-4574-b56c-4d94b4238d63___JR_FrgE.S 2733.JPG,Apple___Black_rot,T4,0.11795792891437257,0.5380282058223493
967689f2-c160-430a-9b4d-cd05f661427c___JR_FrgE.S 2923.JPG,Apple___Black_rot,T3,0.0828444329830443,0.25576749555970907
7c9765f6-d792-4621-a01e-0a1b4e550ada___JR_FrgE.S 2862.JPG,Apple___Black_rot,T3,0.08536787908985219,0.39151597516059355
c225a3a5-4b7f-4226-aa70-73c9ce8d3de2___JR_FrgE.S 8722.JPG,Apple___Black_rot,T2,0.21333481662773018,0.06116326573174411
6af96fb3-002f-48b3-a2e8-fb5cf30dfa63___JR_FrgE.S 2998.JPG,Apple___Black_rot,T2,0.05196720132345537,0.28069292529099077
1021c460-93e4-48cd-9c84-c576b2c5117c___JR_FrgE.S 2983.JPG,Apple___Black_rot,T4,0.010769532014881535,0.09502615766390617
24ff782d-8641-4508-969a-0f1a2f4a3f48___JR_FrgE.S 8700.JPG,Apple___Black_rot,T2,0.14227152775998564,0.10624125846460254
31a20d19-d927-481d-97d9-4db50595c36e___JR_FrgE.S 2867.JPG,Apple___Black_rot,T2,0.11702388743455497,0.3609635951085369
c46d0eff-8a56-4655-9940-93a323c7154a___JR_FrgE.S 3033.JPG,Apple___Black_rot,T2,0.08650487221915794,0.25622572801129484
74276bec-59f3-4bb6-b739-0b6ed819288c___JR_FrgE.S 2925.JPG,Apple___Black_rot,T1,0.03949603064891978,0.35013421179715815
3ee8f19d-38a4-4e9d-adc1-c8ab5e95ba60___JR_FrgE.S 2839.JPG,Apple___Black_rot,T2,0.04312594002271402,0.43455664246111975
35f56736-d311-4e80-88a4-7ba12fd71985___JR_FrgE.S 2787.JPG,Apple___Black_rot,T3,0.10448401630551384,0.4479578393110538
3908d563-a8f8-4206-b09e-1ae340e510af___JR_FrgE.S 3025.JPG,Apple___Black_rot,T1,0.019261119081779052,0.4390859977568001
baf805d8-6809-4883-99ff-2fd59dd8be5f___JR_FrgE.S 2886.JPG,Apple___Black_rot,T4,0.02915263021508163,0.27325359593131554
f58de461-853f-46d7-b223-d48a81507a85___JR_FrgE.S 2996.JPG,Apple___Black_rot,T4,0.030098493626882966,0.2998587830332028
4cf3a0f2-1758-44b1-862b-3aaf7b4705f1___JR_FrgE.S 2988.JPG,Apple___Black_rot,T2,0.06140509301065559,0.36357412449365106
9bae8265-90e1-4b34-8db3-35b530fded3d___JR_FrgE.S 8667.JPG,Apple___Black_rot,T3,0.12273280584297018,0.12389144912004282
7c6d3ea5-7af7-411b-982d-8054c545818e___JR_FrgE.S 3009.JPG,Apple___Black_rot,T1,0.05345946540534595,0.04127627661744709
0b8dabb7-5f1b-4fdc-b3fa-30b289707b90___JR_FrgE.S 3047.JPG,Apple___Black_rot,T1,0.17766266812068338,0.03261747405603535
a3fddb87-e0d3-4ebb-8a5e-2b7bc9c33ee8___JR_FrgE.S 3084.JPG,Apple___Black_rot,T3,0.027788981205130275,0.1331438326687744
aaac9e5e-60de-4b93-89c2-e5b18accaf57___JR_FrgE.S 3075.JPG,Apple___Black_rot,T4,0.05385378762818392,0.05680214415986793
46c90409-1e99-4708-88da-ad8629ab5e9e___JR_FrgE.S 2856.JPG,Apple___Black_rot,T2,0.023322147651006712,0.2129894288434075
e54ced2f-6766-41f4-99d5-87ffc2a81cbc___JR_FrgE.S 8694.JPG,Apple___Black_rot,T1,0.43753589890867317,0.23586048821167901
e8a82871-4dc0-4186-b8f1-0a27f82b60e8___JR_FrgE.S 8626.JPG,Apple___Black_rot,T3,0.059458796097441244,0.17189644695733175
eb36abb9-44c2-47e1-86fe-36c834ed7add___JR_FrgE.S 8644.JPG,Apple___Black_rot,T1,0.20983090462448425,0.07148567871656526
b3d4d826-24df-4033-b9ca-fd5625d68f0d___JR_FrgE.S 2994.JPG,Apple___Black_rot,T1,0.04621072088724584,0.4181917434134294
1bb4d1d5-ca06-49b6-8f89-ed0d6c1d68af___JR_FrgE.S 8777.JPG,Apple___Black_rot,T1,0.23542938487229326,0.1571728345471728
a5c9d465-9070-44e2-9974-ad6ed6ffaaf5___JR_FrgE.S 2853.JPG,Apple___Black_rot,T4,0.025500641215349708,0.07873451649812288
4b8414f0-fa9b-4195-90cb-608f6fd74d44___JR_FrgE.S 2999.JPG,Apple___Black_rot,T2,0.041245602215734714,0.2821730765827908
36e0efb7-95ff-4707-9d35-c213159af55c___JR_FrgE.S 8673.JPG,Apple___Black_rot,T1,0.18290655939103415,0.19320736939623417
4e1c6d80-4ab3-4c4b-9b4d-ecd62293569c___JR_FrgE.S 2773.JPG,Apple___Black_rot,T3,0.04434308881287217,0.34630195336126324
1a9f6dfb-fdf4-43b4-9fb4-b7a809b49b9d___JR_FrgE.S 2765.JPG,Apple___Black_rot,T4,0.04995115886688571,0.25988486433774877
4ca16e52-bdfb-40c3-8407-77087fdfc786___JR_FrgE.S 2852.JPG,Apple___Black_rot,T1,0.05112260260522354,0.08373731435230179
7d2062c0-076d-4b98-b9f4-681f9b728cd9___JR_FrgE.S 8633.JPG,Apple___Black_rot,T2,0.26630538125118847,0.14943886707244167
559b0b4a-085d-46e6-b924-fce94fb8c375___JR_FrgE.S 2781.JPG,Apple___Black_rot,T1,0.06937478583221707,0.4624425112921624
8371e040-cf1b-4c28-a52c-db9c10ad9465___JR_FrgE.S 3007.JPG,Apple___Black_rot,T2,0.057227638830012716,0.2135396893155642
fdcf5330-6e9d-4fde-9284-1ac4e7b0fa30___JR_FrgE.S 2981.JPG,Apple___Black_rot,T4,0.02446972728831971,0.06837229227124265
9a74119d-ce66-49a9-bec1-52df73abf8d0___JR_FrgE.S 2910.JPG,Apple___Black_rot,T3,0.007895088987019938,0.5620893115024831
977c9b03-47f2-412d-a73d-7e647e973336___JR_FrgE.S 2887.JPG,Apple___Black_rot,T2,0.03297769156159069,0.418823051087576
d30f9b23-402d-4c3f-bdf7-406c9e35d038___JR_FrgE.S 8715.JPG,Apple___Black_rot,T1,0.09236263736263736,0.18950542946898002
05fb01a0-fd64-4b3d-a512-c0bda181811e___JR_FrgE.S 2889.JPG,Apple___Black_rot,T2,0.027907975240616837,0.4067283642875135
bc64857e-c087-44c9-83b5-514d9b8dea37___JR_FrgE.S 2912.JPG,Apple___Black_rot,T1,0.01037750626566416,0.535997241012952
f2b3cfad-a6a4-4d2c-b56a-3f323b497e87___JR_FrgE.S 2780.JPG,Apple___Black_rot,T3,0.07458528149618908,0.501927520234027
7e008f42-c268-4ca8-9acc-4682019ba060___JR_FrgE.S 8600.JPG,Apple___Black_rot,T3,0.13875183707747218,0.0798085568558013
24420d48-c47b-4e67-959a-bf28131abbdc___JR_FrgE.S 2811.JPG,Apple___Black_rot,T2,0.04976169925319923,0.30669303475365567
35b68c2b-4d91-484c-ab0c-6347ba6ce974___JR_FrgE.S 8615.JPG,Apple___Black_rot,T1,0.14056529770490145,0.2822392414093484
e9df76bc-d175-42c9-990e-6e6c5f5ac5ce___JR_FrgE.S 8663.JPG,Apple___Black_rot,T1,0.32815810920945393,0.07369930868683996
ee7a3b7f-0bda-47e7-b211-734166bb6973___JR_FrgE.S 3030.JPG,Apple___Black_rot,T2,0.12034099920697859,0.2818823392572807
db86273f-ea7e-4131-a1b7-75e9f990d596___JR_FrgE.S 2892.JPG,Apple___Black_rot,T1,0.03230071779372875,0.38952837170892274
0bc40cc3-6a85-480e-a22f-967a866a56a1___JR_FrgE.S 2784.JPG,Apple___Black_rot,T1,0.08547463719877513,0.36869847483137375
b0fce660-5598-4007-b8d0-7cbd643edb9e___JR_FrgE.S 2851.JPG,Apple___Black_rot,T3,0.04132231404958678,0.05558397831808268
9e24d361-b5e7-4634-9c76-e3fab5e51d87___JR_FrgE.S 8816.JPG,Apple___Black_rot,T1,0.34509131667435883,0.069279543732774
4cdea367-e77f-4d29-a99c-23ec18260ee9___JR_FrgE.S 3066.JPG,Apple___Black_rot,T3,0.07746204748929544,0.23254930564628784
bf5fa34e-8d39-43e2-8b54-ba83366871b1___JR_FrgE.S 3095.JPG,Apple___Black_rot,T4,0.02629416598192276,0.3094416127883934
899768af-a460-4c1d-9889-afd2536e7238___JR_FrgE.S 2957.JPG,Apple___Black_rot,T2,0.041400062255732714,0.4151672919692548
f9b7fc98-caee-4bb1-ae7b-1e9981ba6d72___JR_FrgE.S 2990.JPG,Apple___Black_rot,T4,0.04270451283686812,0.23746913742428724
4d79f0a2-0f8a-406b-84de-2c7e74027d6f___JR_FrgE.S 3061.JPG,Apple___Black_rot,T2,0.16200078308535631,0.046093989565730555
2478fee4-ef3a-4638-8641-f5524246f29a___JR_FrgE.S 2951.JPG,Apple___Black_rot,T4,0.01267976503949767,0.3227143142710064
acb4845c-bee1-478c-b11c-ade0ae397c51___JR_FrgE.S 8818.JPG,Apple___Black_rot,T1,0.32765225785044194,0.12205520760347484
e4999654-a4e5-4038-bb7f-d69f824a0505___JR_FrgE.S 8728.JPG,Apple___Black_rot,T3,0.1620754297334223,0.09874424210408764
d22325cf-3a6a-4dc8-8ddb-a4e1a8817d8b___JR_FrgE.S 3090.JPG,Apple___Black_rot,T1,0.02449762571150036,0.3767250979821581
d56311b8-ffb7-4f58-b521-c8be2a31f980___JR_FrgE.S 2799.JPG,Apple___Black_rot,T1,0.04106116931395742,0.4521804939689556
6c38e74e-6926-45f1-a1cf-c974d49491e4___JR_FrgE.S 3076.JPG,Apple___Black_rot,T2,0.037251908396946566,0.11735582938873368
ded93fa6-0c14-47ea-aa92-806a64db7816___JR_FrgE.S 2795.JPG,Apple___Black_rot,T1,0.017064953874248293,0.506148854720022
cf524171-a68a-4200-9159-133567b95f71___JR_FrgE.S 8658.JPG,Apple___Black_rot,T2,0.28458829448264295,0.08434876935475205
448d1f3f-9794-4148-a180-7246ef9291cf___JR_FrgE.S 2930.JPG,Apple___Black_rot,T1,0.04731384715871979,0.4704159655461306
988c58b8-9323-4b0f-86de-c4fe396f09b8___JR_FrgE.S 8648.JPG,Apple___Black_rot,T2,0.24526605454594994,0.21142728407203193
67a17e09-3409-4515-bde6-cb739d679f64___JR_FrgE.S 8708.JPG,Apple___Black_rot,T4,0.10025749372771689,0.11264646498785086
fc5f6bd3-bd4e-4a8c-94d1-d46ea92a3941___JR_FrgE.S 3017.JPG,Apple___Black_rot,T2,0.02646972183646846,0.35077459319895965
58053fa6-04df-4c96-901e-924bdbcaaf1e___JR_FrgE.S 8774.JPG,Apple___Black_rot,T4,0.1671786470066216,0.11423790362607476
97d15940-6015-4ed9-bb70-e134a88ecc25___JR_FrgE.S 8680.JPG,Apple___Black_rot,T2,0.24805874211180706,0.1328228117045775
0f3d45f4-e121-42cd-a5b6-be2f866a0574___JR_FrgE.S 2870.JPG,Apple___Black_rot,T2,0.05074511321850203,0.3970803086932035
a352005b-d036-4aa9-8e17-babac0a9b882___JR_FrgE.S 8628.JPG,Apple___Black_rot,T2,0.5240768732455193,0.1762911195787139
5103776c-7e16-467d-bc37-8995a8c1ea6f___JR_FrgE.S 2770.JPG,Apple___Black_rot,T1,0.04588528678304239,0.23320442650827108
9922fc5b-28d9-4ad7-90f2-7ad252f716dc___JR_FrgE.S 2741.JPG,Apple___Black_rot,T2,0.028500619578686492,0.3095672838043634
d751e4b1-101d-4f23-aa99-5cd93b617aab___JR_FrgE.S 3012.JPG,Apple___Black_rot,T4,0.045621084978134975,0.23668839013821058
5d35cca0-8f51-4cfc-945a-1bd10fd62002___JR_FrgE.S 2966.JPG,Apple___Black_rot,T1,0.04051256776737309,0.35176622517907963
60dec11d-0e49-4bb4-b7ce-ecf90f8ac028___JR_FrgE.S 3042.JPG,Apple___Black_rot,T1,0.04324512534818942,0.22990197838657692
0cefbd12-c195-40cd-b2d1-be0f9ee550b4___JR_FrgE.S 8762.JPG,Apple___Black_rot,T4,0.20068477664007237,0.09587466201859882
1ce9343f-125e-4abb-9cd4-fddf761504da___JR_FrgE.S 3096.JPG,Apple___Black_rot,T2,0.032060471784178285,0.40951894245947734
b303fd07-e783-4013-90a5-dc989eec371f___JR_FrgE.S 2916.JPG,Apple___Black_rot,T1,0.02403300280069639,0.3997428932820932
bb4461e1-297a-4f68-b5d7-9d469489ee67___JR_FrgE.S 2871.JPG,Apple___Black_rot,T1,0.05271772228989038,0.39460331551886185
51f4101a-e126-4e3f-a06d-67befea24921___JR_FrgE.S 2939.JPG,Apple___Black_rot,T3,0.011001391742328849,0.5305171301553409
6cb50cab-0f02-4a52-a98f-17c096a6b79f___JR_FrgE.S 8637.JPG,Apple___Black_rot,T3,0.11904122629305085,0.16450913981164347
b48b4bc3-f7dc-4c57-90eb-0bc29c8c1b5f___JR_FrgE.S 2744.JPG,Apple___Black_rot,T3,0.029809451559641216,0.4892220724937348
6b2b70e7-1dd3-40a0-a2d3-89d84a3e6698___JR_FrgE.S 2956.JPG,Apple___Black_rot,T1,0.01112774126374699,0.36498059887179857
f9c0a3a9-a08e-4b1d-baab-93fdc7fb2690___JR_FrgE.S 2896.JPG,Apple___Black_rot,T2,0.06397819005806543,0.33858001004334687
7fb51374-f3ae-4dc9-8e0b-f25552528852___JR_FrgE.S 2894.JPG,Apple___Black_rot,T4,0.032759578012215435,0.41111408134500577
4eeaca51-3ca2-4afe-884a-d65c2e31e452___JR_FrgE.S 3026.JPG,Apple___Black_rot,T1,0.025970110685214695,0.35036447176018815
40780a98-eb5f-4de6-bbf8-bc89b7fb0825___JR_FrgE.S 8764.JPG,Apple___Black_rot,T2,0.18072360793174183,0.1414004723769485
2d1ac581-1847-419e-8254-55a9caad6b2b___JR_FrgE.S 8766.JPG,Apple___Black_rot,T2,0.18751815910279504,0.1331182504575641
ec91d717-d4b1-41a1-9477-f646db7a39f9___JR_FrgE.S 8709.JPG,Apple___Black_rot,T3,0.1170418965260176,0.16365416121203724
64d43490-e345-4690-8232-071bf0174895___JR_FrgE.S 3031.JPG,Apple___Black_rot,T2,0.08897194821208385,0.40910296994711876
ee5b8f3c-3afe-45d9-b0ad-8aefc9dc914b___JR_FrgE.S 2987.JPG,Apple___Black_rot,T4,0.040712683566803506,0.18474057926587986
4f0b4e6f-49e8-4e53-8046-14723038601c___JR_FrgE.S 8575.JPG,Apple___Black_rot,T1,0.29569920298105784,0.1371959985281849
32652b13-825d-4f14-9429-d7d5042061cf___JR_FrgE.S 8758.JPG,Apple___Black_rot,T3,0.16555138784696175,0.09916567765826013
5386aabe-1e7f-4688-ac5e-ade0e91318d4___JR_FrgE.S 8638.JPG,Apple___Black_rot,T3,0.09347886225888388,0.13898958237530837
2f6893f9-0439-4409-b752-b910e03b076b___JR_FrgE.S 8814.JPG,Apple___Black_rot,T3,0.10973282442748092,0.12624382332160017
e90a2dde-185e-46e4-82ad-ce94bf0100b7___JR_FrgE.S 2746.JPG,Apple___Black_rot,T1,0.0292634142099313,0.3874983457293635
6cc6804c-7b02-42a5-86ae-92add86eb89d___JR_FrgE.S 2825.JPG,Apple___Black_rot,T1,0.036022612735001534,0.21703737018013342
c575ad09-2607-4537-b199-4d2b022779fd___JR_FrgE.S 3086.JPG,Apple___Black_rot,T2,0.025649717514124294,0.3544473978685432
c418f9e9-92e8-46ce-ba41-50b0f9b45d38___JR_FrgE.S 8585.JPG,Apple___Black_rot,T4,0.25666527806706935,0.11151239348121227
1c31a116-f51d-4f56-9c69-c26c5fe69f57___JR_FrgE.S 2844.JPG,Apple___Black_rot,T4,0.047083988351416126,0.4575896302461259
fbd0bf3e-2260-4a97-be8a-af9cac60df7b___JR_FrgE.S 2807.JPG,Apple___Black_rot,T3,0.024003487453341688,0.5624932402772407
51ce3f1d-8418-4b7e-b091-dec14143d0b7___JR_FrgE.S 8579.JPG,Apple___Black_rot,T3,0.12791874629157796,0.11619525005965363
57cbfc0a-6720-4672-bda8-e9ad59c0fefc___JR_FrgE.S 8651.JPG,Apple___Black_rot,T1,0.12458583875322125,0.1573950436424675
7fb5fc63-2f5e-45a1-8746-88e4e7883ffc___JR_FrgE.S 3059.JPG,Apple___Black_rot,T3,0.1161476567778392,0.15285745898829767
1ce40e9f-cddc-4939-8e58-7a8235d9b28a___JR_FrgE.S 3019.JPG,Apple___Black_rot,T4,0.03290702016430172,0.34217409380605074
4186abb2-d07c-495c-9596-db575c3f7051___JR_FrgE.S 2891.JPG,Apple___Black_rot,T3,0.028980433345003307,0.3513809050743337
7add2958-0ee2-42e3-a99f-4b7a8e51db04___JR_FrgE.S 8745.JPG,Apple___Black_rot,T1,0.16086185653754845,0.18432382379932818
8d911287-49a5-4b0b-b9e5-8d270baf40f0___JR_FrgE.S 8792.JPG,Apple___Black_rot,T1,0.09443497320993668,0.21856030180853458
079d0ba3-b207-4fc7-ace3-f2fe25c796b3___JR_FrgE.S 3038.JPG,Apple___Black_rot,T4,0.03572685111146649,0.27715220189839995
ee978e42-d36d-4bba-b0ac-fcc0eefaacd3___JR_FrgE.S 8665.JPG,Apple___Black_rot,T2,0.3926014319809069,0.2630966338583954
3f7dbd31-47f7-45e4-aa23-42e23362a15d___JR_FrgE.S 2818.JPG,Apple___Black_rot,T2,0.034690004217629695,0.41290984384960966
0199a733-6d3f-4e66-a903-2d1d34457871___JR_FrgE.S 3079.JPG,Apple___Black_rot,T3,0.02805043646944714,0.21855529043985555
4f9a2639-beb2-4e4c-a62d-805792a50f4e___JR_FrgE.S 2944.JPG,Apple___Black_rot,T3,0.008686640860739432,0.6787212965743138
6383ae21-b6d0-4b70-bc85-ba2640aa7af2___JR_FrgE.S 8754.JPG,Apple___Black_rot,T4,0.08976710923167812,0.21883307581752504
b4607568-7941-42d9-98e6-fdaae7bd6530___JR_FrgE.S 2756.JPG,Apple___Black_rot,T4,0.03177417155325242,0.3828293482024177
a899313e-320c-4843-a7bc-ca7eb2a81883___JR_FrgE.S 2992.JPG,Apple___Black_rot,T3,0.03128440366972477,0.19927278356833558
af1789f1-b904-40db-bb01-dc3b08141319___JR_FrgE.S 8809.JPG,Apple___Black_rot,T2,0.2773782957269196,0.12555557918038834
7504315d-b8fb-4b7d-a293-2e224968ab30___JR_FrgE.S 8697.JPG,Apple___Black_rot,T2,0.1818035599399528,0.1767828917092513
497e0a24-9a4e-4ace-8aa3-d60751b03abe___JR_FrgE.S 8794.JPG,Apple___Black_rot,T2,0.12851904791498353,0.16604178261736283
4a79c093-e813-4854-ba58-5b9e2831c7f0___JR_FrgE.S 2764.JPG,Apple___Black_rot,T1,0.050473186119873815,0.24093323259539445
cc0f71b0-af7d-49e2-b7df-a45e97caab2c___JR_FrgE.S 8796.JPG,Apple___Black_rot,T4,0.635509591852846,0.37367554283393106
a9d80158-0e41-4e0d-8a6b-ec0df3a83ed4___JR_FrgE.S 2845.JPG,Apple___Black_rot,T2,0.025520664724290494,0.4893563111088463
e956f107-ce57-4996-82a1-2336be5943c0___JR_FrgE.S 8704.JPG,Apple___Black_rot,T4,0.07534777085850605,0.17813653571544913
d197373c-af39-4000-aa28-cab65fafa361___JR_FrgE.S 2959.JPG,Apple___Black_rot,T1,0.037201684604585866,0.3976658679467511
6bda7e61-7fff-42d8-b7f4-e304adde45b8___JR_FrgE.S 2954.JPG,Apple___Black_rot,T1,0.013389027710438966,0.3293114475804156
fcf3bce8-b685-4483-bac4-a2d0d14d6eeb___JR_FrgE.S 8810.JPG,Apple___Black_rot,T1,0.12294955361280158,0.1749619990848302
723e8edc-3701-4ba1-bda2-7e0ebd535797___JR_FrgE.S 2837.JPG,Apple___Black_rot,T3,0.042243367935409455,0.5455802424893402
499e851c-5cd4-4ab9-9ff8-df01133aac08___JR_FrgE.S 2989.JPG,Apple___Black_rot,T1,0.023957577096682555,0.30098142939706096
fe588823-1009-4181-88e6-bdbf70fe33c3___JR_FrgE.S 8655.JPG,Apple___Black_rot,T4,0.13908276996162983,0.10786533052581354
82c2189f-9a4c-42f8-8e1a-fc67e2c7ebb8___JR_FrgE.S 2761.JPG,Apple___Black_rot,T3,0.07540155712983096,0.1813656981352714
7f1f4f8b-86cc-4cc5-bb70-8b1653cea8ae___JR_FrgE.S 8649.JPG,Apple___Black_rot,T4,0.049418255967374355,0.17782399680107047
b7816ede-6659-4cdf-8b46-d36927981cff___JR_FrgE.S 8677.JPG,Apple___Black_rot,T3,0.2278793444881325,0.10948602279142772
2f6a52cd-21f5-41d0-870e-f8a67d1f5c56___JR_FrgE.S 2901.JPG,Apple___Black_rot,T3,0.04312158182583088,0.22078557383919672
e7cca27e-405c-4b21-9e61-f0c3ca6ee1c4___JR_FrgE.S 2977.JPG,Apple___Black_rot,T1,0.033125073676765295,0.14049717366739117
eff6da40-2404-4b50-a773-ac0d311559a9___JR_FrgE.S 8666.JPG,Apple___Black_rot,T2,0.1318476711372298,0.22517292712830958
7b417a00-eed4-4192-9ab1-709859e6556a___JR_FrgE.S 8650.JPG,Apple___Black_rot,T3,0.17609567822863237,0.10552917616388457
ab496771-c3b7-4c15-8cf1-d90455ab05cc___JR_FrgE.S 8573.JPG,Apple___Black_rot,T4,0.1282717975385682,0.16795116977069363
1aa28af5-8270-467c-b496-ff415f0b58df___JR_FrgE.S 3010.JPG,Apple___Black_rot,T1,0.040366002708684304,0.2665029591821814
0e84adc9-3e97-48e2-b1fd-7d04f9e92cb0___JR_FrgE.S 2949.JPG,Apple___Black_rot,T2,0.016362700397117222,0.22863460940961952
b371e9c4-177b-4bfb-9430-e14f9f30a06d___JR_FrgE.S 2803.JPG,Apple___Black_rot,T4,0.025168856480392486,0.41551049539263624
db1600c7-f9dc-45a4-9e01-223b67ebef83___JR_FrgE.S 8703.JPG,Apple___Black_rot,T4,0.11134294959025069,0.1523186216122869
a285e174-d731-431e-b8c5-f5e895a2e2a4___JR_FrgE.S 2975.JPG,Apple___Black_rot,T3,0.03771475043204229,0.01911534365675821
f45e8b2b-c220-42d2-9828-a39d46db0ca9___JR_FrgE.S 8751.JPG,Apple___Black_rot,T2,0.08258913118726202,0.1104155207049106
8440ba8d-c3be-4824-ad91-b19e45a14487___JR_FrgE.S 2772.JPG,Apple___Black_rot,T2,0.06799364671690716,0.480183502469946
8ef1ae5f-e7e1-481d-a2ee-946d9ea29c01___JR_FrgE.S 2932.JPG,Apple___Black_rot,T2,0.015688477828680093,0.06647747961798908
94ef739e-57a7-4f97-be8e-6ba2cfd16780___JR_FrgE.S 8664.JPG,Apple___Black_rot,T4,0.23057991078295648,0.03798918677802569
cd4907f8-168a-405b-ae16-599e6e621dca___JR_FrgE.S 8619.JPG,Apple___Black_rot,T4,0.0901009130225853,0.1554092257286293
842d3c43-4e5a-49aa-95b1-fb7e9be3d133___JR_FrgE.S 2802.JPG,Apple___Black_rot,T2,0.023833904170050494,0.35904708091991383
8f3ed2e0-268d-485c-bfd0-0911db9ab888___JR_FrgE.S 8820.JPG,Apple___Black_rot,T2,0.39917617919448634,0.18457422896429135
cffe2528-d760-4e77-a117-a0253ba3af6f___JR_FrgE.S 8801.JPG,Apple___Black_rot,T4,0.27706286610396197,0.038139786606155426
5a41cc86-178f-488e-9d96-e63291247737___JR_FrgE.S 2984.JPG,Apple___Black_rot,T1,0.017040300634961772,0.060275771637484626
fbbd1259-ea22-4f56-8298-8429d228a07c___JR_FrgE.S 2934.JPG,Apple___Black_rot,T1,0.010042384207109855,0.31797891863958705
be00705f-de03-4448-b186-fc47e39859a2___JR_FrgE.S 8811.JPG,Apple___Black_rot,T4,0.0954043048283886,0.13409706847740208
0ca16873-eeac-47e9-9a87-1859950daab7___JR_FrgE.S 2835.JPG,Apple___Black_rot,T1,0.04469336954062005,0.5573153103973373
52c66129-6303-4aa4-97e7-8f1c0d24c57a___JR_FrgE.S 2759.JPG,Apple___Black_rot,T4,0.05539990287272591,0.2797110391463615
f9ec74fa-f27f-4185-a89c-0613319e382b___JR_FrgE.S 8640.JPG,Apple___Black_rot,T3,0.3309965311200305,0.32652739547039494
919b43c2-b954-4a1b-a3c7-602fc1ed00e4___JR_FrgE.S 2823.JPG,Apple___Black_rot,T4,0.04128664495114007,0.2564793452400142
9f05f403-78c7-4a14-9c4d-452f433745eb___JR_FrgE.S 3091.JPG,Apple___Black_rot,T1,0.022607978404319135,0.3215127712583525
307abcdd-96f7-404a-9032-2ce8de2fde48___JR_FrgE.S 8781.JPG,Apple___Black_rot,T2,0.14690510897002879,0.2532774295558945
bbf0af8f-62fc-4b41-9b4a-e1f7e15974c7___JR_FrgE.S 2788.JPG,Apple___Black_rot,T2,0.08404377531894311,0.5311896976423912
934ee916-4db9-4c1a-903e-3ebdd8201178___JR_FrgE.S 8740.JPG,Apple___Black_rot,T1,0.18365921787709497,0.1016076668444785
fc7d3fc0-1b3c-4865-adee-3670870ec4c3___JR_FrgE.S 2913.JPG,Apple___Black_rot,T2,0.01165388978651724,0.5375280753674093
2101e5e6-2932-4ac0-8879-59885fc01256___JR_FrgE.S 2769.JPG,Apple___Black_rot,T2,0.052163896659535955,0.1846582817355196
5e917525-fa2f-473b-bed0-cd45b77f2388___JR_FrgE.S 2816.JPG,Apple___Black_rot,T3,0.03382812225848335,0.22909988316498228
d7927614-3b3e-4ba5-8564-2ae4a1f25132___JR_FrgE.S 2812.JPG,Apple___Black_rot,T4,0.021516231820046063,0.44171748289069573
125fd81c-7948-45e1-8550-f7c7b8f6932a___JR_FrgE.S 8807.JPG,Apple___Black_rot,T2,0.13769954421967265,0.1860925108070543
a157b760-a19d-4e6b-a319-29b63106de45___JR_FrgE.S 2751.JPG,Apple___Black_rot,T2,0.026316747351945547,0.37472528733704236
0612c9fa-e647-4083-85e7-b1638452c24b___JR_FrgE.S 8771.JPG,Apple___Black_rot,T1,0.2517098795932697,0.12221939337614374
b84f9317-4054-4796-b36a-1dffcb871956___JR_FrgE.S 8725.JPG,Apple___Black_rot,T1,0.32132963988919666,0.0578710779062506
2c6184ba-cc2f-4311-977e-1ed6c1410c1a___JR_FrgE.S 2973.JPG,Apple___Black_rot,T3,0.025299544942178433,0.2932026556383319
4eeb04f2-38b3-49be-a5d0-1c35450d8953___JR_FrgE.S 8714.JPG,Apple___Black_rot,T2,0.11225820775400328,0.1311366419630895
90939c76-a197-49cd-b8cc-37f096cbaa97___JR_FrgE.S 3044.JPG,Apple___Black_rot,T4,0.05651846269781462,0.16456814705686687
f77c7ac1-f55e-4adc-b049-35def4e87c17___JR_FrgE.S 3077.JPG,Apple___Black_rot,T1,0.028357766918406635,0.23561512464527473
0b6ec66f-fe63-4eef-8068-cf8ed0baf0de___RS_HL 7482.JPG,Apple___Black_rot,T2,0.0035979484038888465,0.34603262163995374
7a081a31-bbfa-4a43-8579-3353f6672f76___JR_FrgE.S 2861.JPG,Apple___Black_rot,T2,0.13694331308005608,0.41066468306286447
b766b27a-cc4c-432f-a6cd-48eb65bf556b___JR_FrgE.S 2921.JPG,Apple___Black_rot,T1,0.06657954224357163,0.22858845937225067
40e82aca-94d2-4237-bc27-d4a9c536b820___JR_FrgE.S 2926.JPG,Apple___Black_rot,T3,0.0422634697641565,0.2965937400803338
6ca0d950-03b6-4d1f-a4a2-562ca529cad3___JR_FrgE.S 8660.JPG,Apple___Black_rot,T2,0.23894574242131686,0.04642110755613696
30aebb07-bde6-44c8-bee2-a06ff42a948d___JR_FrgE.S 3071.JPG,Apple___Black_rot,T3,0.078752668950792,0.15808110377584367
4f71c078-e0f6-4b05-a421-1b644f0e99a1___JR_FrgE.S 3016.JPG,Apple___Black_rot,T2,0.030225868816900082,0.38295341304567176
3bf50ea4-980e-471b-bbd1-fc0c526dbb7a___JR_FrgE.S 2905.JPG,Apple___Black_rot,T3,0.0672145406556492,0.3595117930043987
a2e4f04e-63f9-4c66-aa1b-bf0f0b6937dc___JR_FrgE.S 8756.JPG,Apple___Black_rot,T2,0.13748581157775255,0.12641806071991699
a77bffea-c0d7-4c29-bf1a-9401fb8d42ad___JR_FrgE.S 2872.JPG,Apple___Black_rot,T3,0.047299897383273476,0.5861295074022974
5f569320-f84c-4a08-b414-1fd93f7e382b___JR_FrgE.S 8661.JPG,Apple___Black_rot,T1,0.29212011740799276,0.049119332765492754
d361ab89-3f57-4bfc-b2af-a6c5b75055af___JR_FrgE.S 8608.JPG,Apple___Black_rot,T2,0.15080684825631777,0.16717571834703013
760ef647-ba10-4477-a388-105182a0c0e2___JR_FrgE.S 2895.JPG,Apple___Black_rot,T4,0.045315552535462496,0.16331513838384637
c4833395-fa04-4b3a-89f1-6fbc5c3d7d18___JR_FrgE.S 2866.JPG,Apple___Black_rot,T2,0.11394769613947696,0.37952341816532614
7375bf36-7a8e-4fc5-8ee8-0bee7bfb3574___JR_FrgE.S 2874.JPG,Apple___Black_rot,T4,0.05314533622559653,0.460791514842321
e0cafae6-9957-4f28-8a9f-70fae53d289d___JR_FrgE.S 2813.JPG,Apple___Black_rot,T3,0.03757312385091091,0.3134487870501048
19989bba-ed83-478b-b02a-72fcc3234338___JR_FrgE.S 3055.JPG,Apple___Black_rot,T1,0.1150925352984193,0.07509561450854708
938c07c1-f2ad-4cbe-b088-51a085442c3b___JR_FrgE.S 2846.JPG,Apple___Black_rot,T4,0.03216903837861147,0.552428049780219
50755673-3ea3-4e06-acbb-703413571a91___JR_FrgE.S 2879.JPG,Apple___Black_rot,T1,0.05322355693525892,0.3361509583922679
ab55985d-4327-44d3-ac98-17d99f4bf18d___JR_FrgE.S 2754.JPG,Apple___Black_rot,T2,0.0611003284562556,0.2875900859244623
898348ae-7cf3-4be6-9020-9b892558d4e9___JR_FrgE.S 2729.JPG,Apple___Black_rot,T2,0.09197439684884294,0.5577063289714249
fef17b16-ce22-4cb6-ba6a-270f5e08a17d___JR_FrgE.S 2843.JPG,Apple___Black_rot,T3,0.04010291899565256,0.5372871912913083
f872ce63-a162-44bd-84ac-c7d89c485457___JR_FrgE.S 8701.JPG,Apple___Black_rot,T1,0.11704685392599543,0.14938094459482262
43baab18-d60b-49df-b2d5-a27d16164317___JR_FrgE.S 8604.JPG,Apple___Black_rot,T4,0.11021752037566794,0.09263188098444676
4e6311ab-8927-4147-9857-a669f2268cb1___JR_FrgE.S 8726.JPG,Apple___Black_rot,T2,0.1991977803245069,0.0717335920775798
47c17d6e-07d4-4523-978e-495edff13b00___JR_FrgE.S 3068.JPG,Apple___Black_rot,T2,0.10665540101390875,0.16915317111526743
f15c02d9-9aa6-45b5-84fc-97e22f7fabaa___JR_FrgE.S 2831.JPG,Apple___Black_rot,T2,0.026462902318811817,0.22644950668908623
d40e4a34-1c9a-4971-acce-bb6ce2e14208___JR_FrgE.S 8654.JPG,Apple___Black_rot,T1,0.12321327550443145,0.07773726439662647
e741c2b4-3b28-4b2c-9664-cb43ba040592___JR_FrgE.S 8610.JPG,Apple___Black_rot,T2,0.10060119029636568,0.16015076598452616
df0e8bc3-8244-4843-8d54-0593a6f2ee05___JR_FrgE.S 2743.JPG,Apple___Black_rot,T3,0.03289169295478444,0.3578027892810811
6b078700-56e6-4d25-a18a-b7b90741a2d3___JR_FrgE.S 2963.JPG,Apple___Black_rot,T4,0.03338998654486226,0.5133234699336959
0cc47b2d-4a92-4bbd-af46-945165dd1960___JR_FrgE.S 8586.JPG,Apple___Black_rot,T3,0.1347608258608035,0.11407973180519915
3b1299be-2602-451f-9877-93edd8bf09a8___JR_FrgE.S 2801.JPG,Apple___Black_rot,T3,0.04149478281970396,0.4499035959804245
6330666e-a1cc-48c5-8e60-64cdf531c294___JR_FrgE.S 8795.JPG,Apple___Black_rot,T4,0.2377781235413101,0.1567072124004361
53c066d8-f232-4312-bc1b-dd831ba73784___JR_FrgE.S 3065.JPG,Apple___Black_rot,T1,0.0643208948994073,0.2276290368540574
a38a8891-5883-4cfd-9718-2566dccfa114___JR_FrgE.S 8670.JPG,Apple___Black_rot,T4,0.11102962745673219,0.15056229926633108
2902e85c-1705-423b-bb02-80e2d93bc54e___JR_FrgE.S 2922.JPG,Apple___Black_rot,T1,0.046004566210045665,0.30100051638891023
51cda56c-a900-4f84-a576-8dde35b1231d___JR_FrgE.S 2863.JPG,Apple___Black_rot,T2,0.14491332516196814,0.4091326622668141
05fd8037-fd27-4d26-9e5d-9a47856ab134___JR_FrgE.S 8770.JPG,Apple___Black_rot,T2,0.17815593504201932,0.12448813138717003
1c4c2235-2c28-438e-8fa9-505b5d3004a0___JR_FrgE.S 8720.JPG,Apple___Black_rot,T3,0.31942331101643334,0.045361484375589435
56356abd-6e83-4bca-90ef-89cb6e68ea85___JR_FrgE.S 2786.JPG,Apple___Black_rot,T1,0.10133463728930564,0.3268689332477009
fbe5708e-d8c5-49f2-a01b-c918e04a4338___JR_FrgE.S 2858.JPG,Apple___Black_rot,T2,0.03749410470051879,0.25855764345444304
7d0776a1-7aba-4923-93b5-7ec629ca108b___JR_FrgE.S 2902.JPG,Apple___Black_rot,T4,0.05863726111090414,0.2642272006417996
29f7c332-777e-427b-898a-3b82465a17aa___JR_FrgE.S 2941.JPG,Apple___Black_rot,T1,0.013892757660167131,0.14853407457440385
60a8b7ad-7039-4c35-82da-ad011a1e856e___JR_FrgE.S 2805.JPG,Apple___Black_rot,T1,0.024782917709588702,0.417922042962881
c035251c-a97e-4a3a-afb6-5e465bb23ba1___JR_FrgE.S 2906.JPG,Apple___Black_rot,T1,0.02518218932427792,0.25403061294568174
62da4031-70ae-4d8b-8beb-c5dc7b9b12f0___JR_FrgE.S 2832.JPG,Apple___Black_rot,T1,0.026944566975444787,0.2580379135578473
cc92897c-3975-4130-a067-6007945be8ab___JR_FrgE.S 2943.JPG,Apple___Black_rot,T3,0.01121751025991792,0.19486162574492982
7558e6ff-8441-4ed8-b881-54288ab95441___JR_FrgE.S 2920.JPG,Apple___Black_rot,T2,0.06109839816933638,0.16468401981608383
50fa49cd-002e-4352-816e-c5df10dc5f3f___JR_FrgE.S 2950.JPG,Apple___Black_rot,T2,0.011629319244549706,0.466688912402232
c5a5ffe1-6687-412b-9a06-31c9aee8066b___JR_FrgE.S 3037.JPG,Apple___Black_rot,T2,0.048496946923438235,0.29372971075738497
8c033a16-bdf6-46ee-ac3b-2d84a6940950___JR_FrgE.S 8614.JPG,Apple___Black_rot,T2,0.1786537353562512,0.2003744527469129
07dbfcca-71aa-4c14-b895-60dfb63f701d___JR_FrgE.S 3063.JPG,Apple___Black_rot,T4,0.061257624292421785,0.27428791422026966
73fcc7b8-b884-45ef-a52f-6ed6b2f93c27___JR_FrgE.S 8642.JPG,Apple___Black_rot,T1,0.2639547530998477,0.2174480613495445
16b7455f-bd2e-4ea8-965d-32a072c7beb9___JR_FrgE.S 2824.JPG,Apple___Black_rot,T2,0.044176329749777005,0.23565056924096164
74dfd7d6-e78e-47d9-8530-35acab5cd01f___JR_FrgE.S 3027.JPG,Apple___Black_rot,T1,0.11841846951195571,0.3809309283587561
7c08d160-a5ef-4142-b743-8e484c95d8b8___JR_FrgE.S 2815.JPG,Apple___Black_rot,T4,0.03255576366422612,0.29255623877611936
e1e8a707-d2b0-4cb6-ae56-c26a5e9ff016___JR_FrgE.S 8761.JPG,Apple___Black_rot,T3,0.1743531093638313,0.13259762122813465
1a4e1884-ab1a-4fe9-afe2-610ae9aa1162___JR_FrgE.S 2826.JPG,Apple___Black_rot,T1,0.03308298223117787,0.15225693809953803
451b68a6-1b39-40c5-8669-f82af6de1eed___JR_FrgE.S 8737.JPG,Apple___Black_rot,T1,0.2786202795123402,0.15224384335782296
bd2af58a-c9fc-4c2f-bdcb-b53d979947d7___JR_FrgE.S 3029.JPG,Apple___Black_rot,T2,0.12156951689725562,0.4690764367911471
c762e867-0f8b-459e-b870-10090256d9bf___JR_FrgE.S 8723.JPG,Apple___Black_rot,T2,0.24158408627222383,0.08342390761370728
6c213dbb-aa21-4334-a773-8dc69f4421d2___JR_FrgE.S 2909.JPG,Apple___Black_rot,T1,0.009582863585118376,0.4951954590550513
9eaff91a-1260-4d17-844d-65ab1ee09752___JR_FrgE.S 2736.JPG,Apple___Black_rot,T4,0.0733309867417576,0.5382043625261351
4231e86c-5f4c-439c-be0f-1fa0274581c6___JR_FrgE.S 3067.JPG,Apple___Black_rot,T3,0.0702612730757591,0.19567998883143362
c6cdf94f-8dec-428e-a0cd-997f9ce631d2___JR_FrgE.S 8749.JPG,Apple___Black_rot,T1,0.15829817385423042,0.1582514879211916
033b1492-d5cf-4de7-a195-941f7780e092___JR_FrgE.S 8710.JPG,Apple___Black_rot,T3,0.1159062885326757,0.15917023590834758
d2313a95-61dd-45de-a8b8-3c2992e2b97f___JR_FrgE.S 8652.JPG,Apple___Black_rot,T3,0.04887277814874877,0.2745415509290004
47800fc6-b681-46ab-aec3-01076d650c5d___JR_FrgE.S 3051.JPG,Apple___Black_rot,T4,0.09123944764354,0.11735123150130844
e7a606e4-1e4d-4d37-924f-5a2f49217523___JR_FrgE.S 3052.JPG,Apple___Black_rot,T4,0.11975331948901895,0.03762835986795212
00e909aa-e3ae-4558-9961-336bb0f35db3___JR_FrgE.S 8593.JPG,Apple___Black_rot,T1,0.08579413134606427,0.12040895574012535
1ce4ecdf-fe69-42df-a0dc-c90f5495e7a1___JR_FrgE.S 3041.JPG,Apple___Black_rot,T1,0.04848161960575386,0.2484217742158194
661a0919-e47a-4fcb-a815-d6ba84c17d93___JR_FrgE.S 2864.JPG,Apple___Black_rot,T2,0.07334262701363073,0.3689587109595842
4c42eeae-508c-4ccd-b2d8-b720808bc28c___JR_FrgE.S 3020.JPG,Apple___Black_rot,T4,0.029578189300411523,0.3521909383939194
deccf856-7d85-4b95-9d35-85f4ad1af7f7___JR_FrgE.S 8689.JPG,Apple___Black_rot,T3,0.20022154527831626,0.09060512023318862
0b91573d-d0f3-4e57-b7e5-e1924f537f0e___RS_HL 6216.JPG,Apple___Black_rot,T1,0.229453504294784,0.39755141795856874
c60b9b66-c955-4c35-bf7b-0c9b429b3477___JR_FrgE.S 8693.JPG,Apple___Black_rot,T1,0.2954485522915458,0.09837920664661587
4db0765f-5928-4254-b935-e6fcbec9deeb___JR_FrgE.S 3062.JPG,Apple___Black_rot,T2,0.06883484434211158,0.22430725377754993
4b8b1d59-9aec-4b99-8be8-b61edcccb660___JR_FrgE.S 8659.JPG,Apple___Black_rot,T2,0.5367047308319739,0.06755767828439466
78c153fc-2118-4a91-8b39-3a0c92091097___JR_FrgE.S 3069.JPG,Apple___Black_rot,T1,0.06356946137523138,0.15421856572697423
cda99dd8-c509-4825-a35d-d71cb35d3d4c___JR_FrgE.S 8695.JPG,Apple___Black_rot,T1,0.15791030428513328,0.0649509908053021
445448e9-b429-45df-942d-fb46932540d7___JR_FrgE.S 2804.JPG,Apple___Black_rot,T1,0.022065340301335532,0.49076616407473506
56d4cd7c-cb82-4944-b8a6-78ad6502b339___JR_FrgE.S 2955.JPG,Apple___Black_rot,T2,0.013190286600006079,0.42056326887933837
f3f1e50a-4e84-4147-b10c-09283a2feddd___JR_FrgE.S 8713.JPG,Apple___Black_rot,T1,0.180382132205945,0.14923522762283228
98f61299-9578-49f4-8907-1d06e8b15d8a___JR_FrgE.S 8617.JPG,Apple___Black_rot,T1,0.12759052790540756,0.1311721547931862
1cf5102a-468b-4410-80bf-af6aeadc780c___JR_FrgE.S 2924.JPG,Apple___Black_rot,T4,0.036749315730156176,0.3335375327783437
116ccffb-6361-4191-8f36-b6cacbe99412___JR_FrgE.S 2763.JPG,Apple___Black_rot,T3,0.05842756340232057,0.1005169661968393
f54d34aa-d0a9-40c4-8277-6c65ef9a3203___JR_FrgE.S 2827.JPG,Apple___Black_rot,T2,0.03373110041358736,0.311113942631546
02859ed3-f56a-4315-82a5-c1cb72717225___JR_FrgE.S 8584.JPG,Apple___Black_rot,T4,0.22605032940922345,0.10014175213335028
6af653b0-6a01-458c-bb17-5ee1b76115f4___JR_FrgE.S 2753.JPG,Apple___Black_rot,T2,0.041678334733501354,0.16474334592914514
169b07da-12eb-4a6d-9b24-f37692ca923d___JR_FrgE.S 8636.JPG,Apple___Black_rot,T2,0.17118938392556307,0.19254360694438238
4a2319e3-c6ab-4417-9154-ebabf0d1df4d___JR_FrgE.S 2854.JPG,Apple___Black_rot,T3,0.037568669147616515,0.03281003644830138
9b5bb550-6b75-47a3-a702-08ef34def9ff___JR_FrgE.S 8743.JPG,Apple___Black_rot,T4,0.157861275351262,0.15526813255316402
23641520-3fbf-42e9-ba5f-c689bc74ce8c___JR_FrgE.S 8620.JPG,Apple___Black_rot,T4,0.08955305282103024,0.19873824745219237
99cce45c-9aaf-4d6d-bf66-491132557c12___JR_FrgE.S 8629.JPG,Apple___Black_rot,T1,0.23702863623476042,0.15341578802782416
d65349b4-80ff-474e-a48e-bf8fa597d880___JR_FrgE.S 8775.JPG,Apple___Black_rot,T1,0.1946711306409988,0.1066947668680139
e66666f1-bad7-4ceb-8142-389b841be362___JR_FrgE.S 3008.JPG,Apple___Black_rot,T3,0.05384083607824001,0.22145437454813738
8503d510-a7c2-409d-bbbe-5a7b03611a8a___JR_FrgE.S 2740.JPG,Apple___Black_rot,T1,0.024960683898544295,0.43057651771614575
668dfffb-b15e-4226-92fb-d7a2795821e0___JR_FrgE.S 2794.JPG,Apple___Black_rot,T3,0.015856164383561643,0.4621378495708131
0ebea6f4-08e4-4380-86f8-34d854697e32___JR_FrgE.S 2877.JPG,Apple___Black_rot,T4,0.06437344873671483,0.4454840000411993
26c9d50e-7169-4241-951a-2334e2a513b3___JR_FrgE.S 8784.JPG,Apple___Black_rot,T3,0.45421208518869255,0.3184658738823471
aeddf040-51e9-439f-9d30-d7db6559508c___JR_FrgE.S 2914.JPG,Apple___Black_rot,T1,0.01054055754829778,0.5476763122435175
464511a6-77d9-493f-bb3c-f151fb390f1b___JR_FrgE.S 8790.JPG,Apple___Black_rot,T2,0.14613256527835677,0.13331054348034488
33bc7491-a0b2-4834-aec7-abad940e8684___JR_FrgE.S 8741.JPG,Apple___Black_rot,T3,0.11633177217102281,0.17855932705992608
3ef4204e-d2c3-42b5-ac97-0eabb3d64b3f___JR_FrgE.S 8815.JPG,Apple___Black_rot,T1,0.43205941931127617,0.0789986401488151
e43cb49a-44ff-4ee5-9dae-aa2e89fb643b___JR_FrgE.S 2927.JPG,Apple___Black_rot,T3,0.022962689819315478,0.5296799832918968
ecd438b2-48c2-4e04-a1dc-7878625cbdab___JR_FrgE.S 2945.JPG,Apple___Black_rot,T3,0.014559357380088052,0.3250428715303121
dddffcc1-874d-4a5a-a030-14a6e2a4bf0d___JR_FrgE.S 2958.JPG,Apple___Black_rot,T2,0.03617580232888384,0.3998846428831465
fa8eff59-b9f9-45d9-a8f4-eca6fa5a8896___JR_FrgE.S 8647.JPG,Apple___Black_rot,T1,0.36565121609292595,0.20332858879765742
d3deecaa-bd8c-4b10-a33f-4c6d188a3b95___JR_FrgE.S 8712.JPG,Apple___Black_rot,T3,0.10728577342348558,0.18374758893237358
9db24caa-7d1e-4b4d-a5fd-ddc794e48ec4___JR_FrgE.S 2980.JPG,Apple___Black_rot,T4,0.020542052054205204,0.05340219097844436
26b71abd-6648-4d92-a36d-92353bc09966___JR_FrgE.S 2899.JPG,Apple___Black_rot,T4,0.03962850733934123,0.20947439937852266
75e9b8ed-e579-469c-96ec-d964fc7d4d90___JR_FrgE.S 8581.JPG,Apple___Black_rot,T2,0.11600893521965748,0.1002930049123441
2a4cbd85-e831-4ec4-8acf-49cea51eeb5f___JR_FrgE.S 2900.JPG,Apple___Black_rot,T4,0.024212505876821815,0.504284518818573
7f11ba2d-0894-4240-9d41-b0e131d8e711___JR_FrgE.S 2731.JPG,Apple___Black_rot,T3,0.06793356755030341,0.5605716370416911
bb1f1f60-cd69-4661-aca2-bcb19eb1def2___JR_FrgE.S 8785.JPG,Apple___Black_rot,T4,0.49369924892896194,0.21842212887561552
12e9d8e2-e5a4-4d4b-933f-7cbc07557736___JR_FrgE.S 8767.JPG,Apple___Black_rot,T2,0.13967483108108109,0.11403852260566028
c01c9e64-11b2-4c1e-adf0-2e781c6d69aa___JR_FrgE.S 8817.JPG,Apple___Black_rot,T4,0.32694716900418613,0.08684417954210688
03fd7154-2e33-4fb6-999d-bfc3a3f467fe___JR_FrgE.S 8681.JPG,Apple___Black_rot,T2,0.13893399837605847,0.08286633293053317
56aa2b6a-6a51-4755-b314-0e9486c53075___JR_FrgE.S 8736.JPG,Apple___Black_rot,T3,0.18260325779458622,0.1880054817438658
04e74a0c-bda4-4e06-aeab-ec24b1007994___JR_FrgE.S 8782.JPG,Apple___Black_rot,T3,0.14469648659317969,0.1850085367884161
ebe0af1e-91e2-4f41-bea2-179e720da94b___JR_FrgE.S 8750.JPG,Apple___Black_rot,T3,0.10543604959203137,0.1392408995996888
d3dab897-b9de-4ec4-a335-db2f36a64011___JR_FrgE.S 2918.JPG,Apple___Black_rot,T1,0.022063046930432137,0.36209441230298667
888c8b6e-55cb-4492-b489-22f3624f1c39___JR_FrgE.S 8765.JPG,Apple___Black_rot,T3,0.24513939151920533,0.10658426868955101
0ce8b939-3bdf-4078-8715-c0cb48afb078___JR_FrgE.S 2777.JPG,Apple___Black_rot,T1,0.0563376324145101,0.6398422427028593
255dd1a9-d4cf-4b38-9872-8f8bc6746703___JR_FrgE.S 3040.JPG,Apple___Black_rot,T2,0.04321869740560795,0.2692439589584294
3bfaa3d6-96ab-4131-a569-ac6650045079___JR_FrgE.S 2890.JPG,Apple___Black_rot,T3,0.04165278240586471,0.2859507034797439
4fcfd5b0-e312-41f4-a8cf-16976b5882fd___JR_FrgE.S 8589.JPG,Apple___Black_rot,T4,0.18322411533420707,0.15682209886158358
34eb19d8-32a9-4c9b-829f-d0ed705c5f03___JR_FrgE.S 3064.JPG,Apple___Black_rot,T1,0.06527980212888124,0.14974009175304134
932e43a7-738f-4864-92e2-745bb715160e___JR_FrgE.S 2997.JPG,Apple___Black_rot,T4,0.03265574678810126,0.4026520356252596
33f2ada7-3d14-4a85-9601-126da3eac03f___JR_FrgE.S 3022.JPG,Apple___Black_rot,T3,0.027946491783731417,0.3828769533563785
86ccf889-8755-4331-a520-d31f49eb06a7___JR_FrgE.S 8711.JPG,Apple___Black_rot,T2,0.18518518518518517,0.10023696927435682
f6c9080a-95af-48f8-8178-0be757d92d20___JR_FrgE.S 2982.JPG,Apple___Black_rot,T1,0.01716200788126542,0.14628497641000737
954d8d3f-c11e-4202-b5e5-501d5e41752b___JR_FrgE.S 2942.JPG,Apple___Black_rot,T3,0.01618034010132349,0.33114121172394734
85e5214e-2998-49c7-bdb9-ee8122387704___JR_FrgE.S 8691.JPG,Apple___Black_rot,T2,0.30605515587529974,0.05011434913642397
38167e03-c731-4cbf-a32c-b48a571fbc48___JR_FrgE.S 8630.JPG,Apple___Black_rot,T1,0.26027004763439704,0.10486191852316074
968bdbff-52bd-4cf6-a443-96d960b554ac___JR_FrgE.S 3094.JPG,Apple___Black_rot,T1,0.025962771673194912,0.2891399092400711
7e9d57ad-9e61-49f8-841c-c49b8aa1c1e1___JR_FrgE.S 8786.JPG,Apple___Black_rot,T2,0.4227487247938218,0.06482698391309129
ddbcb13e-0263-4881-9e1b-6f00d67f7217___JR_FrgE.S 8683.JPG,Apple___Black_rot,T1,0.18752075446636116,0.11835575185588298
d8e21bad-015b-4b76-8ffa-373b191ed448___JR_FrgE.S 3021.JPG,Apple___Black_rot,T3,0.01669752889342954,0.4188756147182228
e07b2429-8ae5-42dd-8ce8-1e94887ea6df___JR_FrgE.S 8812.JPG,Apple___Black_rot,T2,0.12804558755582934,0.09745837646375949
02168189-aa75-4284-a7f0-8ca5901ea783___JR_FrgE.S 2948.JPG,Apple___Black_rot,T2,0.018846829579939307,0.2561673206467438
456a01fc-8db6-4068-96cb-3b1e4e5f77f1___JR_FrgE.S 2768.JPG,Apple___Black_rot,T3,0.0524219550127072,0.2249037524592189
46cfd121-d2e7-4a26-9c6f-5787457d200c___JR_FrgE.S 8669.JPG,Apple___Black_rot,T3,0.1031167900644853,0.1828767825949761
9675b0f0-4169-495a-b285-67fbeeacf873___JR_FrgE.S 8621.JPG,Apple___Black_rot,T1,0.06096615861534487,0.14535962487258378
f1931320-4177-4453-93fd-3decee538b51___JR_FrgE.S 8707.JPG,Apple___Black_rot,T3,0.12207587969333596,0.1253309411347959
f1844803-f6fb-4cfb-851e-b9095fb40c9e___JR_FrgE.S 2898.JPG,Apple___Black_rot,T4,0.06387370977534912,0.3280425796829499
deffd3c8-a9c7-4082-ba2a-4a54aad8ab17___JR_FrgE.S 2789.JPG,Apple___Black_rot,T4,0.08171762761426482,0.3458825646389992
531e6670-eebf-48ac-a34c-53ea8db7d047___JR_FrgE.S 8571.JPG,Apple___Black_rot,T3,0.06697037402431594,0.2851549065059566
8cd80d06-a223-433e-adce-c0feed839b97___JR_FrgE.S 8679.JPG,Apple___Black_rot,T4,0.11970971879007788,0.19353161812767836
64b3612f-e972-44c5-8ef0-c9ac194c34a9___JR_FrgE.S 8623.JPG,Apple___Black_rot,T3,0.1480370942812983,0.07666210318680775
4c7d424b-d418-4b72-84a9-2a639eabb5ec___RS_HL 5734.JPG,Apple___healthy,T2,0.7054932034361321,0.01625256775771277
405ca310-f708-4815-b121-5bb315d98f6f___RS_HL 6122.JPG,Apple___healthy,T3,0.028496754067953798,0.18826651478905382
d5551b0d-594f-48c7-b689-c409145bf6cf___RS_HL 6325.JPG,Apple___healthy,T4,0.12157894736842105,0.3190280265495051
19b3dc29-de7d-46e8-af14-7451d779f424___RS_HL 7373.JPG,Apple___healthy,T3,0.1899194595998961,0.11483352067854302
9979c166-aa9e-4c63-af93-d9ad2b56bce2___RS_HL 5890.JPG,Apple___healthy,T1,0.05565290263598964,0.21539655856193937
8c00ea10-bfc2-4d26-9dcf-afbf2dcd377a___RS_HL 7326.JPG,Apple___healthy,T3,0.07823234511357306,0.39385383895943094
c69a5e33-20a9-4f74-922e-c3bc34b1c98e___RS_HL 7921.JPG,Apple___healthy,T1,0.027284998071731584,0.12651268629273135
a5da624b-8a38-4e64-ae7f-ace8b7c20548___RS_HL 5997.JPG,Apple___healthy,T4,0.08323028631218492,0.04796696020683751
8c850584-ade3-4067-bbf3-5c8602dba3c3___RS_HL 8175.JPG,Apple___healthy,T1,0.009540297627817888,0.2825769625059712
2514a94f-5f1b-4792-92e7-63b6a552225a___RS_HL 8186.JPG,Apple___healthy,T2,0.02678665403641722,0.07538098081943106
23a11b8b-6812-481e-9258-e07cc24fdad4___RS_HL 5898.JPG,Apple___healthy,T2,0.187284593385642,0.38838987238543765
71757e95-73f9-4d07-b357-feb6b120f4fd___RS_HL 7280.JPG,Apple___healthy,T3,0.12170306884158143,0.4333716946083713
1dbfc9d3-f568-4e19-a83c-8fa408cfea3a___RS_HL 5909.JPG,Apple___healthy,T2,0.12547813071678032,0.21977779555735924
813a99b0-5df6-49cc-bd36-7910e0cb8912___RS_HL 7932.JPG,Apple___healthy,T1,0.02509338963781062,0.21680417135611058
e99a7776-9700-4845-bec6-b3db896f5562___RS_HL 7732.JPG,Apple___healthy,T1,0.007510964912280702,0.09504134180988802
d40c491e-7efa-4e8e-865a-fc2e5a240a66___RS_HL 8148.JPG,Apple___healthy,T2,0.07085416213866551,0.1283451467099797
74f7c545-de83-473d-82de-1e8c89fd975a___RS_HL 8172.JPG,Apple___healthy,T2,0.020808058527260028,0.17674457714431727
4fa27e50-47f1-4ce8-964d-06e0d62c086d___RS_HL 7881.JPG,Apple___healthy,T1,0.004150453955901427,0.047889242811395324
2a986e85-7e83-443a-871e-c590d5a25845___RS_HL 6000.JPG,Apple___healthy,T3,0.12239860246088409,0.10997336815981265
2b044129-3011-4709-8947-18c1a3bf014d___RS_HL 7919.JPG,Apple___healthy,T1,0.006877979548018487,0.4242812056746831
2e403d36-e4f2-4323-a78c-5a7330f1083c___RS_HL 7857.JPG,Apple___healthy,T2,0.006506248063616648,0.22472849768716097
4c7e1a5a-fc48-43a8-959d-c7c8ad6462b9___RS_HL 7561.JPG,Apple___healthy,T4,0.09552879995477927,0.07985707063266971
7710d64d-83a3-46af-a9ff-535dd225523f___RS_HL 5788.JPG,Apple___healthy,T3,0.8065691657353871,0.40717618760698343
e8f01d04-432d-4894-990b-df471a782651___RS_HL 6297.JPG,Apple___healthy,T1,0.014586557853759204,0.15117073719958593
a0670cfe-00e2-4c7a-a9f7-29408debdc3a___RS_HL 6061.JPG,Apple___healthy,T3,0.06427190721649484,0.03583432677056274
48ff38b5-5af1-44e5-9d94-ee9a32715aba___RS_HL 6109.JPG,Apple___healthy,T4,0.2047760319378823,0.2704854177627598
9130029f-854a-4099-bc98-74170edfb660___RS_HL 7448.JPG,Apple___healthy,T2,0.04846177145082428,0.13733124535895422
80089e7a-4c0c-492b-ac23-753be3617cbf___RS_HL 6099.JPG,Apple___healthy,T4,0.023502883656389577,0.2248251001237765
f591e5cc-e9fc-4d82-b2cd-09ab19cb4581___RS_HL 7829.JPG,Apple___healthy,T2,0.015300075422907015,0.29957254282647433
55a94d0f-ce98-4681-a4d5-a89dc2031b6a___RS_HL 7311.JPG,Apple___healthy,T4,0.0012499540458071395,0.38242754522851347
2270f63e-fbad-41fd-95a4-4700006191f7___RS_HL 8000.JPG,Apple___healthy,T1,0.016701698574106687,0.1548748054375243
8ef4c6f0-d4fd-4d4c-bc4d-525b6b74b19a___RS_HL 7786.JPG,Apple___healthy,T4,0.016279245854471113,0.44986775345677626
a0a31340-6426-4e4b-9473-4daacbc305dc___RS_HL 7644.JPG,Apple___healthy,T3,0.025278141361256546,0.060582948573857466
beaa2ead-91d2-46f1-b2a0-f3a3662ee1f0___RS_HL 7676.JPG,Apple___healthy,T1,0.028193997105914203,0.09007559012544895
cfde002c-0d87-4ccd-ab55-f14b47941e34___RS_HL 7424.JPG,Apple___healthy,T1,0.05659004063807849,0.02918628463519454
41969f52-e194-401e-a55b-4ff88f740a8a___RS_HL 6125.JPG,Apple___healthy,T4,0.08718991036064207,0.20266038070713185
9290b98f-6984-44d4-b2d5-6eca9177156e___RS_HL 7458.JPG,Apple___healthy,T4,0.04628234971929344,0.07501157979917532
80392195-3a5e-4331-b824-5cd0e2dcc69d___RS_HL 5987.JPG,Apple___healthy,T4,0.01647928538425997,0.061468361116430954
9e68d5bf-8b78-4ba1-9f04-ce5c69c14d46___RS_HL 7733.JPG,Apple___healthy,T1,0.0012938842404899508,0.253777315331787
82aeb30f-575f-46d5-b653-408c3cf5e553___RS_HL 7566.JPG,Apple___healthy,T1,0.006770897451680413,0.12976047493458467
8673df90-01fb-4dde-9510-6743bfefb367___RS_HL 6069.JPG,Apple___healthy,T4,0.06044037789183962,0.13271399340093676
2e7471ae-fd24-4038-9caf-98f4cf2a6946___RS_HL 7437.JPG,Apple___healthy,T4,0.06289373128162759,0.13354861931159978
236eab7b-6301-4764-8e70-7b3b87ecc904___RS_HL 8147.JPG,Apple___healthy,T3,0.0028603810243402234,0.16284569410141314
1fdc99ae-fbc7-480f-9cde-e80b54744c0d___RS_HL 7972.JPG,Apple___healthy,T2,0.020684452914086073,0.2994075121693126
e7de79f6-05b5-4f79-8b00-b6c212bea3cd___RS_HL 7699.JPG,Apple___healthy,T3,0.05391681848133648,0.13659267255370564
49fa7047-3a59-4afe-8dc3-e6fc10e5b830___RS_HL 7435.JPG,Apple___healthy,T4,0.02827521206409048,0.038935458008392834
c58cad9c-4529-4be6-8c40-d0f10701fe14___RS_HL 5744.JPG,Apple___healthy,T2,0.5195479763190229,0.5780543284244466
e7ef1fc4-cb01-4be4-98ea-207ec6dfb91a___RS_HL 6316.JPG,Apple___healthy,T1,0.09153984920671632,0.3751617310288944
d7e45523-ed79-4f45-ac59-92c7234682b6___RS_HL 7510.JPG,Apple___healthy,T1,0.12652439024390244,0.14387897559239093
4023916c-9823-4410-bd89-b8bfe1b0b456___RS_HL 6009.JPG,Apple___healthy,T4,0.11699555416894158,0.4768014823011199
c86f1476-4e5c-4dbd-923d-a575bd03cd18___RS_HL 6210.JPG,Apple___healthy,T1,0.13432174505794137,0.21075843144651987
cb237ceb-a536-4864-a5df-34aafa90dc5e___RS_HL 7871.JPG,Apple___healthy,T2,0.00418651652952216,0.3077076363215636
bbc953a4-7860-4273-a653-6697a53c74e2___RS_HL 7606.JPG,Apple___healthy,T1,0.0013556078306287628,0.5363322218105847
a469c307-a754-4c0f-9012-b09ba22c4d00___RS_HL 5917.JPG,Apple___healthy,T1,0.14413999539488834,0.4288276131682287
32073031-1afb-4a9e-ad8b-2d19ef6bb00a___RS_HL 7362.JPG,Apple___healthy,T4,0.0696881496881497,0.05233350999572515
f87dbe7e-189e-4dc9-ac5c-9b7737c34551___RS_HL 7665.JPG,Apple___healthy,T1,0.004897714399946691,0.2981257207733864
bcc124a4-afd2-4663-86ff-5eef7101bf02___RS_HL 7939.JPG,Apple___healthy,T3,0.0060615400421225665,0.19909263240204367
00a6039c-e425-4f7d-81b1-d6b0e668517e___RS_HL 7669.JPG,Apple___healthy,T1,0.008893391872115276,0.2353252169136209
153ee5ec-b8c2-4dd1-9387-cb0e796f301b___RS_HL 7563.JPG,Apple___healthy,T1,0.10469203729176219,0.10756258778775371
957a4a41-e0d8-4dc3-8ed8-43f8c2ac3684___RS_HL 8157.JPG,Apple___healthy,T4,0.005230839208551285,0.1517411058651181
643e172f-02bf-4021-9587-6cfd21c8a344___RS_HL 6053.JPG,Apple___healthy,T4,0.09674290191396485,0.08586854565954118
d57f5f33-d8e9-4c40-80ad-c2875743f781___RS_HL 5726.JPG,Apple___healthy,T1,0.5557593241294045,0.7384508017557836
68d3346d-11c5-4ad7-ba09-2f616dde3848___RS_HL 7428.JPG,Apple___healthy,T1,0.033722029624960605,0.03143730135096349
b78e8d44-f901-4cef-bb6b-220e229796e8___RS_HL 7468.JPG,Apple___healthy,T4,0.06348103903319906,0.027737071706457058
98f456da-9871-48b8-b74a-a251dcfd1f9e___RS_HL 6123.JPG,Apple___healthy,T4,0.04778083605711337,0.39731946051803696
d74bd0ad-5a61-48ed-a5b6-9e0bf5f3911d___RS_HL 7906.JPG,Apple___healthy,T4,0.010225645919967278,0.6540673839827165
03cb0cf0-04cf-4549-a2b8-44ed75b2e56c___RS_HL 7460.JPG,Apple___healthy,T2,0.06045981045981046,0.056269485042423545
84d6003b-3195-49cb-9831-861d9dc5b2cd___RS_HL 8041.JPG,Apple___healthy,T1,0.026682238792561316,0.39425700259302104
679f57c6-992b-424e-beb7-5344a873e1dd___RS_HL 8026.JPG,Apple___healthy,T4,0.061687858041078666,0.09265199611823752
ee93a9cb-b4e5-4ad6-874b-caff1370f5bd___RS_HL 8142.JPG,Apple___healthy,T2,0.04201227604512276,0.18264712128113114
15b10e4e-2d9b-463e-85c0-d66ba29c5b49___RS_HL 7506.JPG,Apple___healthy,T2,0.00917833911967756,0.2091435370311125
6dea065f-3b56-4372-a04a-ab6d20e47234___RS_HL 7453.JPG,Apple___healthy,T2,0.020343039489429598,0.041408591693998506
b5bd9505-7491-4ff6-a703-d87b4f5db18b___RS_HL 6223.JPG,Apple___healthy,T4,0.11419088625762469,0.06813030286900498
2768d40f-209f-4f71-a90a-a5f748fe299a___RS_HL 5938.JPG,Apple___healthy,T3,0.02469455373783392,0.15061903786892442
0a02e8cb-b715-497f-a16a-c28b3409f927___RS_HL 7432.JPG,Apple___healthy,T2,0.13512347676048744,0.04019655346472967
fc90f3d6-25bc-445e-b418-a5df46878d67___RS_HL 5767.JPG,Apple___healthy,T3,0.8071745013876679,0.7732003911712261
b0233269-e0b7-4314-8aa1-6b7ecfd12033___RS_HL 8049.JPG,Apple___healthy,T4,0.032345132743362835,0.21743630851066958
375f472f-7a4e-41fd-af0e-b6da455dfc58___RS_HL 7477.JPG,Apple___healthy,T2,0.008447260197843726,0.08258430966180624
37581d20-bd40-4aca-81ae-00d83473d578___RS_HL 8091.JPG,Apple___healthy,T4,0.06585774726590564,0.3694696911175843
bede2484-dd97-4291-9132-bf015313a6bd___RS_HL 8196.JPG,Apple___healthy,T3,0.005572166349551508,0.510957578132331
e77cdcd7-1279-4cd1-87db-9d80721311b4___RS_HL 6283.JPG,Apple___healthy,T2,0.05469061876247505,0.335553830392193
72910301-856e-491d-b929-efdc81bb3eb5___RS_HL 5765.JPG,Apple___healthy,T1,0.7493430012852238,0.43432828659806144
946b311a-cb67-46d4-8c8b-0d91ebd456f3___RS_HL 5809.JPG,Apple___healthy,T3,0.5508046596188809,0.23532374083731825
1c34397e-9b33-436e-83fc-bd42014fdfa6___RS_HL 5687.JPG,Apple___healthy,T2,0.6575005977871008,0.06257860399103087
a4339fb7-ea48-4a93-ad00-aa1a55ea2b4e___RS_HL 7524.JPG,Apple___healthy,T3,0.0074101657047104825,0.09058394297489651
22289256-19f2-49b7-a1b6-f1210557543b___RS_HL 7985.JPG,Apple___healthy,T3,0.02518720217835262,0.33927563195124044
74df20a6-770a-4ab4-87a6-7020c98bc329___RS_HL 8064.JPG,Apple___healthy,T4,0.021599482647122224,0.40546057442740374
ced1918e-3327-45c8-8107-c93dd2586380___RS_HL 5970.JPG,Apple___healthy,T3,0.16786878239034034,0.43407950402002554
7842bd80-8940-4bc3-a3b0-baebe47b6451___RS_HL 5955.JPG,Apple___healthy,T2,0.03248031496062992,0.35803146545836895
23ea1618-d554-47fb-bc03-a1b978f14fbf___RS_HL 6008.JPG,Apple___healthy,T1,0.04882223793398578,0.032720055172971094
02fe229e-2b2e-4e1e-b56f-3af97996bee6___RS_HL 8134.JPG,Apple___healthy,T2,0.01202180225154093,0.3164305229623849
ba7aa30a-5f0c-44b6-9323-f6ced64aed63___RS_HL 7370.JPG,Apple___healthy,T4,0.16459227467811158,0.049457814637921683
54c9c89e-7cb7-4c1e-8bbe-f33ca90df541___RS_HL 7766.JPG,Apple___healthy,T1,0.06785878037597433,0.019648670769669238
0576bbc4-37b3-413c-8a35-4138c2da69a7___RS_HL 8038.JPG,Apple___healthy,T3,0.03672562516337022,0.2163513030257613
3af9dc00-a64b-4b45-a034-1d190e5277ea___RS_HL 7788.JPG,Apple___healthy,T4,0.09211182267898915,0.5627360946175936
1a1937a5-c204-4bde-8f70-58b619125c88___RS_HL 7722.JPG,Apple___healthy,T1,0.014614515673538548,0.07000481631567755
0b00a1a8-b525-4392-bb6c-3ffb7d824bee___RS_HL 7904.JPG,Apple___healthy,T1,0.01360464776807871,0.41703726127879015
95e2eed0-c0d2-4907-bfac-1117f38f5e5a___RS_HL 6202.JPG,Apple___healthy,T4,0.04663936400867261,0.40585102983764737
cd320898-881e-4546-86fe-dd8676a88db8___RS_HL 7516.JPG,Apple___healthy,T3,0.004792034986507863,0.1297328527872678
1d74fb02-045f-4919-b360-46e51ee33e82___RS_HL 6086.JPG,Apple___healthy,T2,0.09999003421585888,0.22258371982012864
37b1cd89-582a-40ce-b2ec-6a635e1fea17___RS_HL 6151.JPG,Apple___healthy,T3,0.0346910841553783,0.10170311609728329
d7e31783-62dc-472c-a380-f7cc82207f48___RS_HL 7748.JPG,Apple___healthy,T2,0.037781142667208334,0.28022657825661224
57113348-f0fa-49d9-9d53-46edc4ae7bdb___RS_HL 6215.JPG,Apple___healthy,T4,0.23373140843752924,0.5150142214230914
5db8c857-6f3a-4066-9bd6-e245e725d03e___RS_HL 8016.JPG,Apple___healthy,T2,0.05573328843239603,0.243188888429283
167f64e6-c4c5-423b-8506-9b8210d5fd75___RS_HL 7926.JPG,Apple___healthy,T4,0.02019321078760231,0.04685690381554715
fd4a1e5a-cba8-4f4d-a11a-8e131e907728___RS_HL 6154.JPG,Apple___healthy,T4,0.049054441260744985,0.08790916152603097
70bfc07a-818d-44fd-bd98-fc779161abce___RS_HL 6105.JPG,Apple___healthy,T1,0.012397489700843183,0.49516340385574403
ce2974ce-80a1-4edc-ab11-901f22a0c009___RS_HL 7700.JPG,Apple___healthy,T4,0.10108048856874413,0.033402792299004634
ec9e541f-ebe0-4985-8a34-26f9daf88b5d___RS_HL 5948.JPG,Apple___healthy,T1,0.062421261023456714,0.34365002200217243
17af118c-a4aa-49c6-b31b-b7de49b58dfa___RS_HL 7557.JPG,Apple___healthy,T3,0.0013919939258446872,0.1441242379634411
68b064ad-fce1-4ab8-9c2c-82f49c4a5ee2___RS_HL 7993.JPG,Apple___healthy,T2,0.024593450657161953,0.06391409383209654
0646a42e-9fdd-4914-9879-50843fe1ac6d___RS_HL 6111.JPG,Apple___healthy,T2,0.09377390240171332,0.12930944912159129
feaf718b-59f2-4aa4-b36a-2b2786ee8b46___RS_HL 6141.JPG,Apple___healthy,T4,0.0629567172568859,0.3312859132620631
bfef73e8-a8d2-4c50-8266-b8eaafd993e4___RS_HL 5861.JPG,Apple___healthy,T2,0.6607781865833375,0.16280148305806277
b6d4b26d-cc9d-4250-ae1f-5678b5fcd068___RS_HL 8071.JPG,Apple___healthy,T2,0.00531781107398225,0.4170021183570165
1ee2a8ac-77e7-4799-bff1-be48e8aa9ae5___RS_HL 7303.JPG,Apple___healthy,T3,0.009906577214872406,0.16685611420274238
bd8417a5-84a7-4d6f-b71c-687c343d97f5___RS_HL 6028.JPG,Apple___healthy,T1,0.15471829757544042,0.060110141312249316
768f1904-8365-4d72-aa84-87d9f09ef2d5___RS_HL 7937.JPG,Apple___healthy,T4,0.011677356385945343,0.38564080231972775
c6e3b06c-3fb3-4516-b663-dea564d907d8___RS_HL 6309.JPG,Apple___healthy,T2,0.035395641363170985,0.389523084230152
cd2bbe2b-8b63-44ea-a259-59d15dcf545d___RS_HL 8126.JPG,Apple___healthy,T1,0.009587727708533078,0.42555197408677303
13bbfa7e-e864-414e-a16b-cb08688604ae___RS_HL 6190.JPG,Apple___healthy,T4,0.18192870690074406,0.08643119616536955
f3113ef9-20d8-4c82-9bff-66fe60e41065___RS_HL 7790.JPG,Apple___healthy,T3,0.15144652250146112,0.4312203967737413
0f6184c4-18d9-42c5-93d7-e9c4abe85560___RS_HL 7286.JPG,Apple___healthy,T3,0.0,0.632643349332762
f2e3e754-4307-440e-8055-1261b7c5c53f___RS_HL 7724.JPG,Apple___healthy,T4,0.028692237994563576,0.1788800068972889
3bde3d8d-8a44-4e06-9492-a54a9844bf90___RS_HL 7318.JPG,Apple___healthy,T3,0.0779633065347351,0.07424581167818968
dcaa9b5c-3581-421e-b3ee-b52097931cd6___RS_HL 7404.JPG,Apple___healthy,T1,0.09670420497985328,0.02300147304785591
8cf66a75-d71b-4808-a251-c929ecfa80bc___RS_HL 7514.JPG,Apple___healthy,T3,0.05074141275104799,0.032429507533181794
3c5ca000-1c26-46bf-8974-fd6599744059___RS_HL 7596.JPG,Apple___healthy,T1,0.0047930078473755935,0.10701575154076118
7a95ed03-478d-4410-804f-1bab389d5f77___RS_HL 7678.JPG,Apple___healthy,T2,0.04031465093411996,0.027935379095185963
16b2b778-a864-496e-b292-3e9b4029902b___RS_HL 6178.JPG,Apple___healthy,T2,0.10094208494208494,0.11981192736448308
d7cc096f-4900-44b4-a85e-216386a73773___RS_HL 5774.JPG,Apple___healthy,T3,0.553510610427037,0.01959960200765021
abff9f5a-3cc5-4753-96e7-1271110346cc___RS_HL 5914.JPG,Apple___healthy,T2,0.06948421597377955,0.3889782385757736
1017bf7f-5a1e-459e-af55-c9a0f83f1b23___RS_HL 5868.JPG,Apple___healthy,T3,0.647214915853914,0.04883706496415619
5ade6606-f111-4074-a533-30f215297f08___RS_HL 6282.JPG,Apple___healthy,T3,0.015663210029407213,0.3490181097776156
aeae3ac9-437e-4f74-9ff4-48f9058e6c9e___RS_HL 7974.JPG,Apple___healthy,T4,0.012316597119396958,0.08866226955265055
0afaaf78-6ec5-49ee-a070-f6217039ed2d___RS_HL 7827.JPG,Apple___healthy,T1,0.023837902264600714,0.2273167064515699
1617e81b-190b-41e8-b258-cf432f65b7ab___RS_HL 6058.JPG,Apple___healthy,T2,0.020151944372907547,0.43975569401803893
ba33103e-1321-43f0-8a86-6d5e014c0755___RS_HL 8166.JPG,Apple___healthy,T4,0.001357968807867989,0.26352860276569007
b55fbd6e-955c-4016-acff-4829df8a2f0f___RS_HL 7399.JPG,Apple___healthy,T2,0.055501966312977664,0.046149640421923405
ec274680-0ee1-49d4-af42-48c6fe0da457___RS_HL 7306.JPG,Apple___healthy,T2,0.014851981936778726,0.3692332840096368
d91d546a-0d07-4c6c-b1b6-1686371c0062___RS_HL 8121.JPG,Apple___healthy,T2,0.01202148520760508,0.0749205921125288
9e5f1beb-8245-4775-8298-4cb787b3f897___RS_HL 5854.JPG,Apple___healthy,T2,0.6056484241908007,0.01932953543381663
e662b14d-58f7-4347-98b7-ba9cbc1e858f___RS_HL 6024.JPG,Apple___healthy,T4,0.13788186255690232,0.11232504600253376
ba26ee51-3cff-482d-8ed1-4387aa33f208___RS_HL 7316.JPG,Apple___healthy,T4,0.0035538873138202293,0.5037351119665882
74d4928f-5a36-4f9b-acbe-be50736d397d___RS_HL 8169.JPG,Apple___healthy,T3,0.034037911839927784,0.12084343891776836
fea00538-32c3-4876-8833-40652becc30c___RS_HL 5761.JPG,Apple___healthy,T1,0.5744873762030966,0.6485194274356331
75872668-0901-4fe5-a995-80d0b0caee1c___RS_HL 8130.JPG,Apple___healthy,T1,0.007363145720894372,0.27104449017517573
e686d3b8-b691-4cc0-a371-8d812c168911___RS_HL 7539.JPG,Apple___healthy,T1,0.00045528702052585653,0.30557184187639586
78308303-e9ca-4cc5-861a-9a7d8017bdad___RS_HL 6176.JPG,Apple___healthy,T4,0.175089250297501,0.3540821895514545
44be3db8-37a5-44e1-a1b5-df963562cb86___RS_HL 7531.JPG,Apple___healthy,T1,0.025501656676966605,0.4940701245129193
c854044d-2c8f-4c16-9601-7183b71e25cc___RS_HL 8047.JPG,Apple___healthy,T1,0.026165011459129105,0.32241088429606524
8e1d492d-1f6e-48a1-aa14-db5bc515d580___RS_HL 7822.JPG,Apple___healthy,T3,0.012063721193999071,0.32114391302959827
7f447118-8a9c-4e77-8333-d411d1124c7f___RS_HL 5849.JPG,Apple___healthy,T3,0.4945611682312621,0.1518769370084245
db172d76-ff08-4bd5-bd0b-6231f432434a___RS_HL 5725.JPG,Apple___healthy,T1,0.3657265481299816,0.0873746664288509
ce9a3738-55ea-4974-8539-922ed4f864b8___RS_HL 6175.JPG,Apple___healthy,T1,0.31244781018745144,0.08187259470872568
e9d92a83-92dd-442f-8138-627ead72fcaf___RS_HL 5839.JPG,Apple___healthy,T2,0.5313250337967353,0.28866772509747846
40655604-b43e-4dab-91a2-6fe928f782e9___RS_HL 7929.JPG,Apple___healthy,T2,0.0035190615835777126,0.2384051620485493
04125537-801d-4e15-b66c-224b09b4e1a7___RS_HL 7457.JPG,Apple___healthy,T2,0.034530506274340116,0.02442460938249014
bde3160c-8a91-4169-908c-62b3429dc829___RS_HL 5981.JPG,Apple___healthy,T3,0.09257415178888968,0.5231615310736751
c93d7101-89bf-48d9-bcb2-3957da7131ff___RS_HL 8035.JPG,Apple___healthy,T3,0.0049989585503020205,0.1717574662428025
de9e2aa0-cc3c-4771-bf19-15ac01a4cd25___RS_HL 5819.JPG,Apple___healthy,T3,0.6890631302944735,0.0834987089925123
b681e485-e0a6-489f-b9c9-c67d67e70801___RS_HL 5874.JPG,Apple___healthy,T4,0.6873925008599931,0.5392854372477657
e5e32bed-0c56-49c1-93d8-415115dd9a09___RS_HL 8006.JPG,Apple___healthy,T1,0.006174546124781126,0.040717396031092666
aa8e1c77-667f-4610-8e36-c8a21f1f9eae___RS_HL 7578.JPG,Apple___healthy,T2,0.011605548688366982,0.49442363081406204
4179bae8-d3f3-43ea-8e36-b3b4c752c261___RS_HL 6138.JPG,Apple___healthy,T4,0.041040100250626564,0.13732324104392754
24adc938-da71-4d2a-9c7e-f2dc3a73c908___RS_HL 7307.JPG,Apple___healthy,T3,0.014875127221482815,0.42606908701690216
d2fe5d37-e8e1-42b2-a24b-875fb2527675___RS_HL 7947.JPG,Apple___healthy,T4,0.0021565903940346516,0.38251690455933224
45584571-03d6-40eb-909e-00c752a4d66e___RS_HL 5803.JPG,Apple___healthy,T2,0.5267322065854151,0.6151920527838559
f7f31913-51ef-481d-aacd-e6492daa74bd___RS_HL 5851.JPG,Apple___healthy,T4,0.3870192994996426,0.041997041799815116
3d075f90-7002-4c45-abc0-4f35ee49aa79___RS_HL 6272.JPG,Apple___healthy,T1,0.20805343066827164,0.3618077683125876
d9983cb7-98ea-4dff-b283-faa1d93faa36___RS_HL 7749.JPG,Apple___healthy,T2,0.004480927815641827,0.27502200793731935
f0327e86-a56c-4ed1-bcdb-ed0a46ccd5a9___RS_HL 5926.JPG,Apple___healthy,T1,0.08684313935626764,0.34588166501682144
2b3fa6ff-a37a-497e-b122-5b29ae419bec___RS_HL 5979.JPG,Apple___healthy,T2,0.09005358338914936,0.3139664354489862
92effbbb-c662-40c8-8aa9-a5a453d859df___RS_HL 5899.JPG,Apple___healthy,T2,0.08978917957835916,0.09239582812922033
3e3eaffe-3dda-4a64-8aa7-ca6cf40ff284___RS_HL 5698.JPG,Apple___healthy,T3,0.4603945058349685,0.017152956582549988
30eff8c3-a67c-42d3-b1c6-b17aa2ab8ea4___RS_HL 7461.JPG,Apple___healthy,T2,0.08360493127391243,0.07689938831362725
eabe5670-2b40-4677-bc58-b30410ddbab0___RS_HL 7605.JPG,Apple___healthy,T4,0.00702301989855638,0.4013186069459444
d092beaf-5cb5-400a-a3b7-b8bcd501af2b___RS_HL 8076.JPG,Apple___healthy,T1,0.0004293073840870063,0.1519721394379163
ddcb6c1e-1512-4f0f-95c0-8c99dbdba7e0___RS_HL 7801.JPG,Apple___healthy,T1,0.18600889607763849,0.07984962077313604
ddca8aa6-4338-40ea-bf8b-004a53547144___RS_HL 6052.JPG,Apple___healthy,T2,0.08884391248211607,0.17919402215538124
5c554f84-2f25-4a08-8cd9-561a0c56fc12___RS_HL 5820.JPG,Apple___healthy,T3,0.8571725097038005,0.2523203966756237
6935b4ee-4f53-4f11-b2bf-d9e7db6dcaa9___RS_HL 7253.JPG,Apple___healthy,T4,0.015499070055796652,0.20492768529829186
32da947b-7d05-459b-a5dc-b4481bb09f48___RS_HL 7450.JPG,Apple___healthy,T2,0.0160453216374269,0.3081683445478486
04032305-5ca9-4110-b517-461f13c95f18___RS_HL 7446.JPG,Apple___healthy,T1,0.030269058295964126,0.2688053160248772
c57694cb-8849-405f-9a84-bf0158c53c95___RS_HL 7241.JPG,Apple___healthy,T1,0.007945013118510032,0.10955751197874516
74fa2964-1307-4b24-8361-0145f7f7f371___RS_HL 5919.JPG,Apple___healthy,T2,0.15279394644935973,0.15851664811891716
c25d42b9-915a-442d-bdae-d1405e76b8a8___RS_HL 6179.JPG,Apple___healthy,T3,0.16183402371089844,0.030003719264696124
e00d340c-2088-458e-b41d-b628959397c1___RS_HL 5940.JPG,Apple___healthy,T4,0.061235356762513314,0.2573302752371887
130a93b4-92ca-4883-b003-37954a929dbf___RS_HL 7855.JPG,Apple___healthy,T4,0.014336326934168246,0.19947954137552204
65f9450e-cd32-465c-b2cd-e24111798fb1___RS_HL 7950.JPG,Apple___healthy,T4,0.016827321209712146,0.3587226464707671
af2972a9-c62d-44bf-a5df-45c0bdf70572___RS_HL 5835.JPG,Apple___healthy,T1,0.5513127263321262,0.029221844310018376
b2daabdc-93aa-462f-8789-6e491d95a027___RS_HL 7641.JPG,Apple___healthy,T2,0.010822510822510822,0.09082585448741498
ced4e27a-5eff-4190-a33a-cdc3d84c811e___RS_HL 6270.JPG,Apple___healthy,T4,0.07757384151517813,0.46537794629199425
4d6b1b98-2f9a-454d-9ac9-37433c715920___RS_HL 7338.JPG,Apple___healthy,T2,0.13281088884306042,0.18860409897492736
4b8ec331-226a-4526-a87f-a2d45df438d7___RS_HL 5961.JPG,Apple___healthy,T2,0.3388727624576681,0.4360217865588388
1aaa3665-febe-407c-8830-7919b093305e___RS_HL 7803.JPG,Apple___healthy,T1,0.1145104895104895,0.0812387700023297
1db9945a-de31-4e5f-9f95-2888c6330057___RS_HL 7901.JPG,Apple___healthy,T4,0.04284947318971881,0.4197645946483838
34b8de2a-d30e-4e52-8269-d65cc4e444f6___RS_HL 7717.JPG,Apple___healthy,T4,0.0037409939035654904,0.6164021073516314
879e60c7-fa8a-421d-ad5d-06a43fa2ae89___RS_HL 7634.JPG,Apple___healthy,T2,0.042468480424684804,0.048439174520741174
953743b5-d396-4f6f-926c-4e216df44f0b___RS_HL 5993.JPG,Apple___healthy,T4,0.019065139225687765,0.20598737714812865
e2799f4e-65ba-4f57-aa7d-9ac6cfa6c300___RS_HL 6265.JPG,Apple___healthy,T3,0.03544585279074939,0.07682829446745246
764614d4-c19d-4dac-ba69-e2aced0900aa___RS_HL 7546.JPG,Apple___healthy,T2,0.019948000717231486,0.12390440644883267
d1660af9-58e5-458f-b125-4940f06711c0___RS_HL 7522.JPG,Apple___healthy,T3,0.006851370274054811,0.14768022210098555
950b3f81-0b23-4fed-a47c-e1291f430e8f___RS_HL 7418.JPG,Apple___healthy,T3,0.04379284082254379,0.017905665838927137
a8c76694-697e-4684-bc13-ac1302ebd3c0___RS_HL 7411.JPG,Apple___healthy,T1,0.021603331598125976,0.041678062463553434
1d98a80e-f33b-44e5-99de-89fb990211f5___RS_HL 7834.JPG,Apple___healthy,T2,0.03161112041534082,0.13066146363201897
53ad897b-864f-414f-84e7-0ea0ce53fa1d___RS_HL 7273.JPG,Apple___healthy,T1,0.014075466507725459,0.42272792597763315
ce955079-4dde-4b96-9240-5348dbb3c774___RS_HL 7760.JPG,Apple___healthy,T3,0.05341918559589817,0.42546543375728635
ae4a5e3d-c781-49ec-901e-940f127e1688___RS_HL 6128.JPG,Apple___healthy,T3,0.15151246078257266,0.3977801993040372
d61c652b-5e6d-4994-aa4c-bbde26ca0de8___RS_HL 6002.JPG,Apple___healthy,T3,0.019667020429822234,0.10895242589323816
da91e28c-3e10-406c-be5c-d10afd8e183d___RS_HL 6041.JPG,Apple___healthy,T2,0.11951961832688986,0.18858042683613196
f797f26c-c6c4-42b7-af20-69e9c7d8bb35___RS_HL 7737.JPG,Apple___healthy,T4,0.041735339465149665,0.37196754384275865
2bf54e83-c962-4b46-84b1-d5a8a7b686da___RS_HL 5858.JPG,Apple___healthy,T3,0.7220326230080886,0.0745773677872428
18121688-72a8-414a-8e36-43060cdebb22___RS_HL 5747.JPG,Apple___healthy,T1,0.46946727118163784,0.31036248668387745
bf5065ab-8a95-42b7-a914-60c43973ac47___RS_HL 5827.JPG,Apple___healthy,T1,0.48233600575804225,0.4978142264210828
a8bcd8e0-29d1-4118-9117-838fc9174aa9___RS_HL 7618.JPG,Apple___healthy,T2,0.008495374740419104,0.040264671117444036
9cfb97eb-0e0a-4e55-b25d-d6121ceded58___RS_HL 6146.JPG,Apple___healthy,T1,0.07277174743922947,0.11193865577266944
d3b63202-6e22-4d60-b4d0-31c54ffd2762___RS_HL 5675.JPG,Apple___healthy,T1,0.5423481888616648,0.011755983976772447
cbc30a63-6c05-405d-b735-0a8eee10192d___RS_HL 5983.JPG,Apple___healthy,T2,0.029529100331829535,0.3473022933005565
c5a85d3c-72bf-4768-9e3c-d6ba6da6e82e___RS_HL 6295.JPG,Apple___healthy,T4,0.16063997704118238,0.05723627350987674
57e50846-b756-498f-a4b7-84571faed0ab___RS_HL 7541.JPG,Apple___healthy,T2,0.040477204942479764,0.08572624699932065
5f1b959d-c157-455f-baea-258293cad073___RS_HL 6114.JPG,Apple___healthy,T2,0.0359542305269788,0.12375360759467917
011d02f3-5c3c-4484-a384-b1a0a0dbdec1___RS_HL 7544.JPG,Apple___healthy,T1,0.02444064698167945,0.10712218255183971
5820f6e9-8564-4b16-b548-4565567b07c0___RS_HL 7793.JPG,Apple___healthy,T3,0.09300169936659972,0.06104968742093671
c3dfce5d-2232-4b97-8821-6f5c32553fb7___RS_HL 8149.JPG,Apple___healthy,T4,0.02647231845218642,0.09208774390158987
deec00ab-1c30-441b-b6c0-9dd0dec827f4___RS_HL 6327.JPG,Apple___healthy,T1,0.08354382118858124,0.38757465061222307
3ee70760-b734-43e2-b29b-aee4daafe6cd___RS_HL 7317.JPG,Apple___healthy,T2,0.056345126499344825,0.14873321039453227
44714cae-d7c8-4b0a-9058-0fe9ba703064___RS_HL 8081.JPG,Apple___healthy,T4,0.008826657213753988,0.12568602541512539
49db45ee-cfb4-4691-800f-e1887f163f49___RS_HL 6160.JPG,Apple___healthy,T1,0.08284529038555392,0.6164954235387679
a1630d3e-2f30-455e-b259-d92b7b332588___RS_HL 5768.JPG,Apple___healthy,T2,0.7129526017104948,0.22022956964803098
96fa4629-851e-4706-b397-f27c6f6f272c___RS_HL 7913.JPG,Apple___healthy,T3,0.05356914553590454,0.3098884409377484
5f4ef432-dcd4-4035-811a-b86aff3c885f___RS_HL 5963.JPG,Apple___healthy,T4,0.1003464236849,0.43515363092423753
fd35b750-8672-4801-895f-88a1bab1ac70___RS_HL 7277.JPG,Apple___healthy,T4,0.011154253441581363,0.23173201436663854
b2acd8b3-5156-4568-95e3-b7c6604ce7cc___RS_HL 7959.JPG,Apple___healthy,T3,0.004652117397550797,0.3578566164490158
8eb47c92-87b8-4c92-a6a1-faf62e651e3e___RS_HL 8156.JPG,Apple___healthy,T3,0.008839827601372151,0.25917399395454427
238b94a0-eed1-4c28-8396-2de2e7247f72___RS_HL 8107.JPG,Apple___healthy,T2,0.030767577635302124,0.14434594308313253
041482f6-6dd6-4ac9-9e59-e973c9bcaf6d___RS_HL 8155.JPG,Apple___healthy,T1,0.009755119767480707,0.2900966005415292
e1571e9e-b373-4d7d-9106-a0b1e4e89bd9___RS_HL 7342.JPG,Apple___healthy,T1,0.15775862068965518,0.07000696524068395
dab82d8b-05d6-4f3c-8ab7-666b6cc46d72___RS_HL 7874.JPG,Apple___healthy,T2,0.0013418015922712228,0.03605460007719176
1cd322aa-2fdf-4e50-bb72-f9ebe031f385___RS_HL 7315.JPG,Apple___healthy,T4,0.0,0.5990229141074688
7a5ad785-c05e-49bd-b1e0-4d9405bedfb5___RS_HL 7804.JPG,Apple___healthy,T3,0.23095442820292347,0.026860099042366553
712b5957-4109-4ed4-a393-a6605ebe6c08___RS_HL 5750.JPG,Apple___healthy,T2,0.6493823507655891,0.3803608860942848
2ba31dd4-36d6-4cda-b2e6-c1f53a174d4d___RS_HL 6305.JPG,Apple___healthy,T2,0.03782929399367756,0.1714070399372164
0c55b379-c6e7-4b89-959f-abc506fed437___RS_HL 5927.JPG,Apple___healthy,T3,0.03641008174386921,0.301248062210993
2a53473e-0c50-43d5-933c-a62576fb5f52___RS_HL 7664.JPG,Apple___healthy,T4,0.008137550859692873,0.26877185737692133
c02b90e9-753e-44a7-a4b8-1e19f1de42f4___RS_HL 7971.JPG,Apple___healthy,T4,0.024550877555946347,0.31571120589336643
20c2fcd9-0df2-4a18-a976-5a4f2e3f22aa___RS_HL 7882.JPG,Apple___healthy,T4,0.0009547045719741168,0.4407061633703549
fad6efb7-4486-4c45-8b23-1b6cf2a2912a___RS_HL 6077.JPG,Apple___healthy,T2,0.14723454165597624,0.0500229637984461
9f288c49-e11c-4054-9a44-b5e81e39427a___RS_HL 7938.JPG,Apple___healthy,T1,0.012854972537104126,0.24158187919183927
14c691eb-78de-417f-8832-93427151a6e1___RS_HL 8090.JPG,Apple___healthy,T2,0.039440203562340966,0.29181036358608775
2cad835a-1b47-4cad-b08e-acfd29cf5883___RS_HL 7647.JPG,Apple___healthy,T3,0.02853662780581173,0.041811204894521836
2922187c-ac88-45e4-96ae-2aa396d50bda___RS_HL 5700.JPG,Apple___healthy,T4,0.643225975844565,0.016960287193233472
f0fb0e55-8a67-4df0-be6f-90913f64bc28___RS_HL 7352.JPG,Apple___healthy,T1,0.08913077772519325,0.019569941887656407
96dce078-e196-4d9b-837a-570480acdf6d___RS_HL 7890.JPG,Apple___healthy,T2,0.006201146430432517,0.0634398202449201
e35729f0-09b8-4cd4-a04c-30c9b49095c5___RS_HL 6068.JPG,Apple___healthy,T3,0.23260520622513783,0.14182520061040632
291f66c2-6044-4485-861a-8fa3aa625ddd___RS_HL 7520.JPG,Apple___healthy,T3,0.0021841864898137484,0.6354516384730305
2dc5f050-21dd-4b81-a1cb-ef2a9f72f134___RS_HL 5694.JPG,Apple___healthy,T3,0.6390292803141056,0.020368804764024268
41628932-5547-443e-8659-ed8ad6be820e___RS_HL 5711.JPG,Apple___healthy,T1,0.5671292230224252,0.030154424547196138
d5fc35d2-b7d0-4ff7-9f96-5d3055ef6dde___RS_HL 8150.JPG,Apple___healthy,T1,0.0015985612948346487,0.4597805879938772
a4f33d84-f27c-481d-83ac-9575c8469fe6___RS_HL 7960.JPG,Apple___healthy,T3,0.026873945529043142,0.3574551733249816
e60576a0-8d11-4fe9-8efa-5fe763573dc7___RS_HL 7406.JPG,Apple___healthy,T2,0.028514165983419878,0.013219654385941144
ac7b5666-1fe7-4407-a769-7beb71dadd13___RS_HL 5640.JPG,Apple___healthy,T1,0.6443260208585346,0.02983493737546661
f7b5ebd2-2471-4a99-9944-e25696aa5fa8___RS_HL 6233.JPG,Apple___healthy,T4,0.222710186460233,0.430776322706325
3a5916ba-0db8-4aff-a282-26f33b056832___RS_HL 8125.JPG,Apple___healthy,T1,0.010077624948930955,0.3109103842932248
7f06e481-8f9a-47cd-860a-8fea5b81fe9b___RS_HL 6193.JPG,Apple___healthy,T3,0.056059778899959056,0.4044157114734133
3a1ca70b-00f0-4a0b-a973-8db1da714e6c___RS_HL 7759.JPG,Apple___healthy,T1,0.07658172527398642,0.2561282687540733
f52ac76d-ad63-4561-911a-4b5245d4e91a___RS_HL 6133.JPG,Apple___healthy,T1,0.10875576036866359,0.14640165796166732
dfe47262-125f-4452-ab64-3c445b386061___RS_HL 7349.JPG,Apple___healthy,T1,0.1663842406269858,0.037686810848568515
51cafddc-e99e-43bd-866f-21564d062cb2___RS_HL 6328.JPG,Apple___healthy,T1,0.09986820033549006,0.2968758101303857
101c9dba-0628-40fd-a4af-cb7f4848d414___RS_HL 7358.JPG,Apple___healthy,T4,0.11734626405113512,0.09900407339105693
a3dfe485-ef1c-4c7b-bb11-38528d73947b___RS_HL 7982.JPG,Apple___healthy,T4,0.001744831597314017,0.06620315619868526
7e502244-9105-4931-abde-46f8f7993fd7___RS_HL 7745.JPG,Apple___healthy,T3,0.06261380104789863,0.27416683151125093
ce57ae51-2e2e-4e60-bbc8-033b7b0584d0___RS_HL 6005.JPG,Apple___healthy,T3,0.013537820694878348,0.33334145155827
c2498e7d-1a61-467a-9de9-800bab0e69bb___RS_HL 7395.JPG,Apple___healthy,T1,0.08244460676893109,0.0679843519443312
bbf190ed-4d1d-4add-a0d9-e672860c7b1e___RS_HL 7736.JPG,Apple___healthy,T2,0.007525678836570731,0.09289080735376846
bf5b3cf2-cc13-4fbd-b629-7a7f56afe59b___RS_HL 5932.JPG,Apple___healthy,T1,0.057162866021797175,0.2822766245176391
af00bd10-d7ef-4076-90c8-28f2d6ff6aa2___RS_HL 8188.JPG,Apple___healthy,T4,0.009008520106365658,0.191960471541903
ca66c694-e8cb-47df-84af-b4c46de1fd3e___RS_HL 7862.JPG,Apple___healthy,T1,0.020520886677884265,0.2450941507274558
a65ad047-7fcd-4059-a4fa-15cd09a284d4___RS_HL 7861.JPG,Apple___healthy,T1,0.062365227685932945,0.15078812257981025
f8ac1022-aeb5-4d6c-a976-a4117a3c1b57___RS_HL 5892.JPG,Apple___healthy,T1,0.19576176798171052,0.3982378135284119
4f915b76-fe41-4201-ae61-9c9ad7cbc94d___RS_HL 5933.JPG,Apple___healthy,T2,0.0784849484147548,0.27523143605519657
48beab72-35ef-4711-ad53-579bfaf787d3___RS_HL 6230.JPG,Apple___healthy,T3,0.11887145658762703,0.0904722840204124
c36cccf8-e56e-49ea-ba5e-b44cb9e04ebd___RS_HL 6062.JPG,Apple___healthy,T1,0.04847107135000367,0.12082968133120156
ed54e461-78ec-4cd1-8926-ff568b3fd29c___RS_HL 7886.JPG,Apple___healthy,T1,0.0031563932137545904,0.44631705425571583
ba78848a-d307-4ba9-bb8e-34de742de684___RS_HL 7266.JPG,Apple___healthy,T2,0.00752554838157951,0.25402997791312404
fac70506-5bb2-40bb-a8bd-249cbe7c27e3___RS_HL 7693.JPG,Apple___healthy,T3,0.07138587652634275,0.0632562211924684
de864ffe-aea2-4c80-bd60-adfc8787be7f___RS_HL 5985.JPG,Apple___healthy,T4,0.15974776668418286,0.04499842128838765
1356ba06-a72d-480b-b9e5-7bc349d9e605___RS_HL 6208.JPG,Apple___healthy,T1,0.03997680262903538,0.25395192308720776
594d37c6-accf-4ea8-9c97-8a9e0300010d___RS_HL 8019.JPG,Apple___healthy,T1,0.021869813756223492,0.2246254335393699
becd7e46-f87c-46d0-a973-f957e99ba4b7___RS_HL 7519.JPG,Apple___healthy,T1,0.017788558722458055,0.04421482598449004
3876f449-0cd6-4910-9321-f56a28621c51___RS_HL 7775.JPG,Apple___healthy,T1,0.012479128218648387,0.05404588251830781
3a544ee5-490e-4a41-b03b-cf1700362448___RS_HL 6200.JPG,Apple___healthy,T2,0.06310403638430927,0.26243545642378874
4ec6e6f9-7f03-44ca-9bd0-1f64b5964308___RS_HL 5669.JPG,Apple___healthy,T1,0.46045307443365696,0.13492780833080648
75bc8098-3ccc-4cc5-aff0-ce68b4fa2b82___RS_HL 7845.JPG,Apple___healthy,T2,0.004858736728450603,0.16241095607018413
990838f4-b976-45bb-859d-95de901acc8c___RS_HL 7365.JPG,Apple___healthy,T4,0.043522935779816516,0.01740814840343746
9dba8abe-f50e-45fe-aa32-17dd4445189b___RS_HL 7489.JPG,Apple___healthy,T4,0.00022360645264334772,0.4937580804215259
1b36926c-faee-4b6c-9f66-26d1377b9a78___RS_HL 7662.JPG,Apple___healthy,T1,0.016709060608718535,0.0697765198331642
010125c0-e6f2-4f3d-b469-dd98ffecbb01___RS_HL 7948.JPG,Apple___healthy,T4,0.014015868540819203,0.291595120256518
9b84171d-c1b4-4697-a82b-e33535021013___RS_HL 5977.JPG,Apple___healthy,T3,0.18596171376481313,0.20958210586201706
a46a0643-d128-49ed-8044-de7e97fe3f97___RS_HL 6259.JPG,Apple___healthy,T4,0.18333386566163085,0.06633232703448913
f0194580-8ee6-4149-a63d-7935bc29c09e___RS_HL 7761.JPG,Apple___healthy,T1,0.0005036222058652617,0.46644775061307875
9244aeb1-9d6d-4ef7-9d94-7a02e369feea___RS_HL 7327.JPG,Apple___healthy,T1,0.06842714558368011,0.19003256601073573
831c37a3-44c3-4f1e-9fa2-4c10551809d2___RS_HL 6108.JPG,Apple___healthy,T3,0.051142546245919476,0.05692511332530218
456779f4-b7a7-4980-94ee-1798491ca888___RS_HL 7415.JPG,Apple___healthy,T1,0.11550246458546116,0.10105678548623953
bfff4d8f-8a42-435a-9793-07d7858d0e9a___RS_HL 6177.JPG,Apple___healthy,T2,0.09846536227276668,0.15946883315818586
77b8d24a-27e6-410e-97ef-faacc60c5a10___RS_HL 5831.JPG,Apple___healthy,T3,0.5032433287627888,0.2052276253427572
9c817f68-e2ba-44cd-8408-492efd9932c8___RS_HL 7757.JPG,Apple___healthy,T4,0.05876050490507918,0.5571165055103995
01efa999-757d-487e-8250-27c7854c0ca8___RS_HL 7515.JPG,Apple___healthy,T2,0.04732602371895279,0.057341205555134715
9b0ebfaf-9d8f-4195-b2af-9505b5bc1f19___RS_HL 6212.JPG,Apple___healthy,T2,0.07808477775870945,0.06175409073605535
02847045-4405-467c-9ccb-7ba2ab1d574c___RS_HL 5943.JPG,Apple___healthy,T4,0.11256347564416024,0.3038500998688962
349251ed-2e99-4af9-b432-2a63202a0985___RS_HL 6120.JPG,Apple___healthy,T2,0.028016775476674305,0.20968156561016288
95742a3e-9664-496c-8e3d-90bdd9299ae5___RS_HL 7298.JPG,Apple___healthy,T4,0.015520048849989823,0.1928357712756856
0ca762d0-3853-4018-896e-8f01e29cb144___RS_HL 7558.JPG,Apple___healthy,T3,0.003338138229269403,0.18759426064544873
e4c6e085-5cc2-4bbb-a43e-3d839724c31d___RS_HL 8139.JPG,Apple___healthy,T2,0.007651534581516628,0.4148949209146584
6a2b2664-0e91-455c-8978-64c097631604___RS_HL 7808.JPG,Apple___healthy,T1,0.046501902730732236,0.30394802835984214
f76ff409-9723-4b89-83f9-1ff33edaffbc___RS_HL 7331.JPG,Apple___healthy,T3,0.05704395984769817,0.0343464114097396
ab9d5340-375c-4935-b997-99ed6e2cfaea___RS_HL 7493.JPG,Apple___healthy,T4,0.0010971930145378074,0.08971049494190615
2e599aab-11dd-4073-845e-b45a6accb4de___RS_HL 8009.JPG,Apple___healthy,T1,0.005018872620183334,0.1493998736592101
a61c6603-0f78-4fb9-b917-99eaf0d67c3f___RS_HL 5853.JPG,Apple___healthy,T1,0.471349777845871,0.07998666694058383
133aae4b-64c8-4def-8f1d-cdc4e1bb73a7___RS_HL 6180.JPG,Apple___healthy,T2,0.3591890700749229,0.03469490592517854
69344270-ab7c-44c1-a395-03dfb984108a___RS_HL 5925.JPG,Apple___healthy,T4,0.20955449532189108,0.2239431458692166
78e648c6-a360-4fa8-b8ab-1225b164b7fd___RS_HL 7243.JPG,Apple___healthy,T2,0.023624235686492495,0.36872640024254594
5c74b103-09f2-48ae-bbdd-7aa9aaf929cc___RS_HL 5649.JPG,Apple___healthy,T3,0.5474214710865882,0.01879223239552182
36b2cda3-5c11-45e2-962e-d9d9ba5a4896___RS_HL 7711.JPG,Apple___healthy,T1,0.014046900394706291,0.22323829786445754
1ab5e019-e5f0-4d8e-a252-94cb0aab8b0a___RS_HL 6269.JPG,Apple___healthy,T3,0.1684280713452242,0.3117108127119849
8c00f0dd-bcef-4188-a270-91e563d7b18b___RS_HL 6182.JPG,Apple___healthy,T4,0.09043395628761483,0.033025994546553035
04467511-de12-439c-853f-ef4d99785541___RS_HL 7367.JPG,Apple___healthy,T3,0.17822973704795717,0.07346974529817557
281380c3-d61a-442c-8e1a-a8058645ff01___RS_HL 7350.JPG,Apple___healthy,T2,0.05282088171822012,0.06990946793876561
b17878ef-2476-4eba-9bdf-0a7950edae2a___RS_HL 7957.JPG,Apple___healthy,T3,0.008432407794279636,0.09601971052599372
5060f00a-8caf-4379-b0c7-01147b8d932a___RS_HL 7472.JPG,Apple___healthy,T3,0.12764207582860432,0.014492522186291917
1c2b51f1-5439-449a-9ca0-52dd158018fc___RS_HL 7998.JPG,Apple___healthy,T2,0.005910390848427073,0.30713576259469005
77a54591-ab85-4b5e-8341-62e599a9fc6f___RS_HL 8011.JPG,Apple___healthy,T3,0.007749681644533382,0.16802683164269538
65a6d1f7-616e-40b7-8ebb-8b895c69a7dd___RS_HL 7813.JPG,Apple___healthy,T2,0.06497037295224817,0.12246069998666718
4b186022-c0ab-4a26-9930-c7944a3c431e___RS_HL 7389.JPG,Apple___healthy,T2,0.11510094613722714,0.17409539378699326
83e52e5f-0192-4cf9-b513-651040367ed8___RS_HL 7320.JPG,Apple___healthy,T4,0.0447070656273573,0.04935260861002622
9d3bb139-5177-4d08-914b-5fe232cff065___RS_HL 6011.JPG,Apple___healthy,T3,0.16646468726856528,0.3865026259804822
74bda678-63b6-44fb-8e8f-259788239618___RS_HL 5830.JPG,Apple___healthy,T2,0.6294609837278107,0.26689609605501424
7dd45aba-e6cc-4ef9-a52c-5223c2e6b0ea___RS_HL 5877.JPG,Apple___healthy,T2,0.7517413240190371,0.6204460897218446
44707c11-0d08-411f-9fa3-21d3edf72031___RS_HL 6255.JPG,Apple___healthy,T3,0.05323050556983719,0.4562174853844608
d0a8e454-67d0-4ddd-b331-c0425f46b5e0___RS_HL 7274.JPG,Apple___healthy,T1,0.020092664801137666,0.3480127202209114
c6d8dca1-8921-4f81-aebe-90a692636b5a___RS_HL 7795.JPG,Apple___healthy,T4,0.002469911981318484,0.17578354201297444
d4008303-6d94-458e-b0f4-61044cc427ae___RS_HL 7709.JPG,Apple___healthy,T3,0.017306978470675576,0.11025984017072735
dbe91ac0-dcec-40f0-8be3-be2cafd83d5a___RS_HL 7384.JPG,Apple___healthy,T1,0.10260485308938677,0.1605122176215215
221bfc6b-53d8-4677-8590-8f51530a9661___RS_HL 7260.JPG,Apple___healthy,T4,0.011757902852737086,0.21793563630296367
6422d3df-4b2d-4e73-b1c9-3da9f763cb75___RS_HL 7259.JPG,Apple___healthy,T1,0.009841443411700382,0.2925748088514664
7771f894-0889-44fc-93dc-0e0c1162a5e8___RS_HL 7870.JPG,Apple___healthy,T4,0.0006772773450728074,0.15159542220292502
42f558a0-c252-4949-ba12-232731aa9a6b___RS_HL 7543.JPG,Apple___healthy,T3,0.025389710309761157,0.14077367692515166
d6b55200-ce53-474b-be71-94b24991fa65___RS_HL 5743.JPG,Apple___healthy,T4,0.4930439845020376,0.14691321238281319
86f6b322-e7af-4d91-b0c3-c5c6d6336fa5___RS_HL 7422.JPG,Apple___healthy,T4,0.03760902616627991,0.03204341761071599
f9952d3a-f286-4863-8667-b8921416b8be___RS_HL 5810.JPG,Apple___healthy,T1,0.6478616924476797,0.019425398596233625
48cdfda2-59c7-4de9-96e2-a38dffd80754___RS_HL 6158.JPG,Apple___healthy,T2,0.14854418964184488,0.17126147811262896
801feab6-e225-4ce5-8bf0-6fb44a767045___RS_HL 7723.JPG,Apple___healthy,T4,0.01968455801442719,0.12681245124454152
8471f2db-6c5c-4aba-9ea4-0eea99121f19___RS_HL 5641.JPG,Apple___healthy,T4,0.6211377579475739,0.04591625476454044
d345baff-7be6-45a6-802a-b945b95b5885___RS_HL 5956.JPG,Apple___healthy,T1,0.029920488374722085,0.390934337227356
edb48c93-3366-4363-9840-41a96cb86e3a___RS_HL 6066.JPG,Apple___healthy,T3,0.0380245888883125,0.06480416944581067
7bf0ddc7-fa85-442b-859b-486b087a4641___RS_HL 5837.JPG,Apple___healthy,T4,0.5183699569817463,0.03209177933240246
5d1bb18d-dda0-4079-b3c5-62bc50c3ce35___RS_HL 7560.JPG,Apple___healthy,T1,0.03208920287696301,0.036472412360995646
0f78db5b-0775-4132-b7d6-6a5eb5f4682a___RS_HL 6006.JPG,Apple___healthy,T3,0.07671186440677966,0.4298702583658518
7a193736-ff69-4887-8cd6-44e4639de68f___RS_HL 5996.JPG,Apple___healthy,T1,0.07507310181686763,0.2020794709152438
18a10d55-e00c-4bb7-9ea6-d11bf0de070e___RS_HL 7252.JPG,Apple___healthy,T4,0.030994665406171924,0.22254114823041168
523a77ee-6f19-4887-a35f-6ab14d47740b___RS_HL 8079.JPG,Apple___healthy,T4,0.026731405399637177,0.12807649138770627
6758f085-1397-42a4-8b03-2f5e87f3bedd___RS_HL 5751.JPG,Apple___healthy,T3,0.7354004929853256,0.023656051945093223
5dba053d-d3b0-49b9-babc-4f1e8e7d3f59___RS_HL 6235.JPG,Apple___healthy,T2,0.14496044031647748,0.1379664153823187
a8af4c4f-6022-4e82-99bf-b0044e1bd3c3___RS_HL 8003.JPG,Apple___healthy,T1,0.0105647653835347,0.11240116533854672
bfe9c599-e0d3-4ce6-8d8a-403df3d265cc___RS_HL 8058.JPG,Apple___healthy,T2,0.10496206190533543,0.05784378991929038
a0c5f687-6807-44a3-8a74-faa5ab3d95bd___RS_HL 7850.JPG,Apple___healthy,T3,0.02860055805966946,0.05586113472471397
61697828-b645-4f07-844a-dc9902713d3e___RS_HL 7363.JPG,Apple___healthy,T4,0.2214862098036854,0.027240446365934902
4019c49e-a237-4e3f-b4a9-823905304e05___RS_HL 7997.JPG,Apple___healthy,T2,0.008216814962774651,0.09750653010719143
400723a1-65ae-4d62-b7c7-d8c0b7a02480___RS_HL 7479.JPG,Apple___healthy,T2,0.017126546146527116,0.09522956057374941
602a8c1f-1fa9-4141-b589-d514acc17ce4___RS_HL 6016.JPG,Apple___healthy,T4,0.049946036695047366,0.18867920942928254
3bd24003-1163-40f4-8b1f-21aad7fc4b4b___RS_HL 5912.JPG,Apple___healthy,T3,0.06556469134750564,0.42869633402328683
6a5ded2c-8123-4d42-86fe-7be3c9f268a1___RS_HL 6302.JPG,Apple___healthy,T2,0.059130304280943985,0.1648518812784301
da4815d7-03f0-44f0-bc35-8d28c578cbc2___RS_HL 5990.JPG,Apple___healthy,T2,0.037283375826774566,0.1438617734047786
c1b8e085-537b-4a2d-890f-76f0dabb4757___RS_HL 7928.JPG,Apple___healthy,T1,0.02209828475218352,0.1566458770112141
09994dfa-4aab-4ada-9ef2-431d050e1e38___RS_HL 5658.JPG,Apple___healthy,T1,0.5290993360891896,0.08145504460942696
3518d065-38fa-4e26-aa0f-6addc2d2968a___RS_HL 7615.JPG,Apple___healthy,T3,0.15563533019220702,0.23369868606870978
29745ef7-133c-4f61-a5bd-592790f81a32___RS_HL 6326.JPG,Apple___healthy,T1,0.1519385260216556,0.4818269703280889
bfbfd624-ea18-4469-8038-4c90e4369209___RS_HL 7628.JPG,Apple___healthy,T1,0.03871162861031302,0.10345338078660589
c89af5ca-be92-4d72-af08-56598771c4c3___RS_HL 5695.JPG,Apple___healthy,T3,0.7709337153275166,0.41737486452363626
f32ff514-bb33-437d-96bb-526b36662981___RS_HL 6121.JPG,Apple___healthy,T1,0.04742847871937699,0.19775303830987098
d8bd2900-b811-43a1-9ed7-05aa5f3f2649___RS_HL 7794.JPG,Apple___healthy,T3,0.0012021453671167005,0.18532468444239084
f2e86675-cb7b-4d8a-9400-9b844ccc3f9e___RS_HL 7323.JPG,Apple___healthy,T3,0.21501028101439343,0.04891317412046863
68fdb88e-755a-47c3-8e60-600533b8a53c___RS_HL 7780.JPG,Apple___healthy,T2,0.042994810971089696,0.024267550773018964
87a26817-6916-47fc-8cdb-adc5c57ad21b___RS_HL 5684.JPG,Apple___healthy,T1,0.7607611430625449,0.07205306124469597
45ec1880-a9d2-4458-bd99-f0a6c01e54c4___RS_HL 6303.JPG,Apple___healthy,T1,0.008699254349627174,0.23993493892115228
dbea92a9-9473-4cb1-b181-341789de0681___RS_HL 5708.JPG,Apple___healthy,T3,0.6101668157659317,0.02272261942839252
d45d99cd-6834-4e22-9a4d-f58ef0806ed0___RS_HL 7562.JPG,Apple___healthy,T4,0.0035343035343035345,0.04881252331114047
afc0668a-0e88-4fa3-a91b-acf3f54551d7___RS_HL 7800.JPG,Apple___healthy,T3,0.19406218144750254,0.04203354165809684
b5ff5168-38d9-4a8b-b5bb-94c310e77b53___RS_HL 6083.JPG,Apple___healthy,T2,0.10819435865760757,0.04734620107021387
2408e9ef-1a03-44f4-9432-e24113c409e3___RS_HL 7556.JPG,Apple___healthy,T4,0.012748117727583847,0.19136829802780284
8742bc93-09b4-4aa7-9a75-ec592ba27c57___RS_HL 7587.JPG,Apple___healthy,T4,0.0010903992938366479,0.14300408180528384
9d555477-70c8-4716-b22e-8e353a290632___RS_HL 8013.JPG,Apple___healthy,T3,0.013126491646778043,0.45275291252308525
77c943f7-afbd-4d41-a40a-9e05a2600fbc___RS_HL 7475.JPG,Apple___healthy,T2,0.00024828682093554476,0.12388426625078708
61cc71ec-5d4d-4c85-939b-77e8cd75fafe___RS_HL 6038.JPG,Apple___healthy,T1,0.10604216056897546,0.045109404161178555
aed7208f-81b3-4fbc-869b-87083033e048___RS_HL 8180.JPG,Apple___healthy,T2,0.03261681141195426,0.07527749820428918
cb368d24-b5a9-4056-8515-096c649d4007___RS_HL 7752.JPG,Apple___healthy,T3,0.056552157144138485,0.08022571931084398
1c85fc77-1843-4a85-8f21-107385d5873c___RS_HL 7272.JPG,Apple___healthy,T1,0.024274515197359372,0.0844320733630023
d44b9a3e-7cec-4e55-af4b-0df481af3f79___RS_HL 7831.JPG,Apple___healthy,T1,0.02265874423554452,0.05618486864922707
02cd3257-a42f-4fbc-8056-a41d5aabfbc3___RS_HL 8029.JPG,Apple___healthy,T2,0.013564032156681113,0.13630847863378906
9ece0a35-9af4-4974-acad-2aa973badf17___RS_HL 8129.JPG,Apple___healthy,T1,0.009561421741841613,0.20786379951218614
b3562453-945e-4462-8589-ec879c2a4102___RS_HL 5893.JPG,Apple___healthy,T1,0.0771835010560318,0.4005172258348915
b776b468-ee06-4871-98da-3998ead30369___RS_HL 7438.JPG,Apple___healthy,T3,0.044268963866953816,0.02518780499917555
9efbd99b-9ac8-4c6c-9ad6-6cece321b832___RS_HL 7346.JPG,Apple___healthy,T4,0.03655724646794952,0.6494160340839393
f3c88876-d854-4f94-999c-7fcddb87ced7___RS_HL 8202.JPG,Apple___healthy,T1,0.20727504109443767,0.07577429901442018
d80c1667-5e83-4405-9759-a9521eff44ad___RS_HL 5699.JPG,Apple___healthy,T4,0.8078023840617966,0.018620283085945967
a270262b-b9f7-4756-abc4-d8ce165a4a8f___RS_HL 7613.JPG,Apple___healthy,T1,0.009196271101033006,0.1129466926693858
1dabd7f0-68f4-4d1b-b026-e314457de638___RS_HL 8153.JPG,Apple___healthy,T4,0.017761324404142922,0.33608227656064266
3829531e-aa99-481f-ab73-23690ea06417___RS_HL 8144.JPG,Apple___healthy,T4,0.024274849663954722,0.08727751784540176
ebba11b3-2d4b-4580-9c2f-9e59c1047cdc___RS_HL 7305.JPG,Apple___healthy,T3,0.016029518509557222,0.13378454958109737
c73cded7-83a5-4c2f-8f38-0b225165822c___RS_HL 5826.JPG,Apple___healthy,T3,0.4855931105931106,0.04708677240127036
0adc1c5b-8958-47c0-a152-f28078c214f1___RS_HL 7825.JPG,Apple___healthy,T2,0.011387941499508641,0.1353034621349553
ea45b7c8-f1c2-42c0-bfec-96444c58ddd0___RS_HL 6004.JPG,Apple___healthy,T2,0.02813117934559564,0.3156669979841688
faf64a07-ea03-429d-b41d-2a87d2dd066a___RS_HL 5957.JPG,Apple___healthy,T3,0.10508670202533733,0.3297036951015977
230a4c38-8e59-4c1d-bda8-ee3401e6507b___RS_HL 7945.JPG,Apple___healthy,T3,0.02433867405910821,0.359941735927281
3df65fa9-1348-4c13-aca6-04bdca4fc070___RS_HL 5668.JPG,Apple___healthy,T1,0.8042020079626103,0.030262589299602665
427a2799-ef47-4ee9-9175-f2f850cf933e___RS_HL 8018.JPG,Apple___healthy,T4,0.060920414947731004,0.09913205466314745
68f559ea-dff3-43a8-a804-a491e5c4feb9___RS_HL 7909.JPG,Apple___healthy,T1,0.029145999154073902,0.5737561879531899
99d2c488-dfa2-4dde-a3de-a9cbeca28583___RS_HL 5823.JPG,Apple___healthy,T4,0.4699061070540085,0.23405352277501998
ba0769ee-18a8-4250-b5c3-d7cfbb1ea0ac___RS_HL 6205.JPG,Apple___healthy,T1,0.03443229086427361,0.2769092657253549
336c4870-9f2f-4cdc-ba05-f9d27271ef07___RS_HL 7670.JPG,Apple___healthy,T3,0.020857905518654168,0.18427856076560764
dc18b924-f172-445d-8fed-61445d437aaa___RS_HL 6270.JPG,Apple___healthy,T2,0.07757384151517813,0.46537794629199425
30fb851f-052b-4b63-bc29-6d824a764fd5___RS_HL 5916.JPG,Apple___healthy,T4,0.1674656542582285,0.36722141084705584
a70c8783-85c0-4a22-879f-9f0a0c46abf6___RS_HL 6161.JPG,Apple___healthy,T4,0.19476876916052444,0.24164131706532654
8704d8b7-1368-441a-bad0-9f05b1cb6e7b___RS_HL 7623.JPG,Apple___healthy,T2,0.06913082437275986,0.16680097494440302
0181db4e-718e-41bc-b6ed-92863471fa85___RS_HL 5941.JPG,Apple___healthy,T4,0.06596687660368557,0.156006886219861
16590622-481b-4f63-ac18-7f590f6af49a___RS_HL 7846.JPG,Apple___healthy,T1,0.07904282705359232,0.15241343799950133
c337df55-148e-41c6-8739-e7c87ec1b32e___RS_HL 6276.JPG,Apple___healthy,T3,0.041334375814438364,0.18171944187655636
8159ee63-0c79-4987-8d1d-42471d4e8b90___RS_HL 7508.JPG,Apple___healthy,T2,0.012091416423066702,0.2627109209219617
81dd861f-5c83-41f3-8aa2-2abbb94ed9f5___RS_HL 7325.JPG,Apple___healthy,T1,0.24103542470623943,0.1542404994115132
ba1c31ed-0786-4d38-97dc-99c28fb61e64___RS_HL 7289.JPG,Apple___healthy,T1,0.00045300113250283127,0.5104978632479507
6e05d89e-4cb2-45bd-9800-f128ddbcdaa8___RS_HL 8127.JPG,Apple___healthy,T4,0.008725857996387384,0.3327666886965775
60af8fc1-7f44-496c-9999-507d06e92142___RS_HL 7278.JPG,Apple___healthy,T4,0.10911495646423454,0.2560472533661865
27af3831-cc86-4c30-96a5-98d5a2375fcd___RS_HL 8183.JPG,Apple___healthy,T3,0.013197809557577907,0.14549168702383578
5bfc7dd9-17aa-4e40-b7f3-6033dc95f408___RS_HL 5717.JPG,Apple___healthy,T2,0.5957142289190156,0.018777270727653547
61cac07b-9d6e-4fac-b60f-410280d94ed1___RS_HL 7455.JPG,Apple___healthy,T2,0.03376242966160487,0.024883731030228742
1f2a82f5-af63-46b8-9c18-d8b9567db343___RS_HL 7849.JPG,Apple___healthy,T2,0.012608482069756018,0.22888798884678693
6519f187-e99f-4a02-9a28-eb4e167ea35c___RS_HL 6015.JPG,Apple___healthy,T4,0.0276929707984627,0.11594836196200202
32b6be5f-6482-4bd2-876d-c2a518afed09___RS_HL 6163.JPG,Apple___healthy,T4,0.21949860724233983,0.21301914700834426
5fd95287-1688-4342-8105-ad21af63aeac___RS_HL 8078.JPG,Apple___healthy,T2,0.025560516116371487,0.15397069668894497
bb94fafa-e2c6-41bc-8146-83835e579513___RS_HL 7585.JPG,Apple___healthy,T4,0.004480792128846275,0.16603518358787822
782b4257-75e0-46c4-8cf0-bae4f9895da6___RS_HL 7969.JPG,Apple___healthy,T1,0.0,0.15250747672981887
4f3f74a8-ea7f-4053-a14c-f2f6d3c219ad___RS_HL 7872.JPG,Apple___healthy,T3,0.006661421452924207,0.27980745920938266
11bc4ba3-5d5e-4b1e-a5e3-27122256864a___RS_HL 7371.JPG,Apple___healthy,T4,0.08728145354816592,0.03870090308442652
5ceb4c0b-09ea-48e5-87b8-454adc630534___RS_HL 7573.JPG,Apple___healthy,T2,0.007779272238176597,0.28370566191985747
f2314f38-fd6f-4bee-b26e-ad095508beab___RS_HL 6145.JPG,Apple___healthy,T1,0.06022600668470476,0.20046364411499798
817ae6f2-7f72-457f-889a-6cddeaf0945e___RS_HL 7674.JPG,Apple___healthy,T1,0.010389309439209023,0.23971344474021736
eb8bf5fc-9b26-403e-aa70-a0649a749629___RS_HL 8096.JPG,Apple___healthy,T4,0.016672807663964628,0.27093766560847665
871420e0-e5de-40c7-a79c-a17fe1781f8e___RS_HL 7444.JPG,Apple___healthy,T3,0.2180588406157932,0.06899271168395349
94c36e88-6c77-4e7b-b6c8-bf354d8f6fe9___RS_HL 7930.JPG,Apple___healthy,T3,0.002228759917981635,0.12901419704391323
6b1696f3-a455-4ac4-b5e4-2839681937fe___RS_HL 5867.JPG,Apple___healthy,T1,0.6258258258258258,0.056786481518915764
cf3df371-fa11-469e-8ab9-7bbeb7435920___RS_HL 6080.JPG,Apple___healthy,T1,0.027043868394815554,0.03287128028613135
ab23fdc9-8036-47f2-a32b-b3facb13fd5b___RS_HL 5947.JPG,Apple___healthy,T2,0.08259683134443856,0.37604784079234316
25de086c-ea7e-42b0-83fd-bc7d1e584d0a___RS_HL 5852.JPG,Apple___healthy,T4,0.583792311311616,0.01800836880807645
336a5bb9-179f-44fb-a4d1-c59a40d90306___RS_HL 5978.JPG,Apple___healthy,T1,0.16856872864723413,0.11996999543214573
4b2958d2-b93d-4ed1-b899-01a6c3a5b8b6___RS_HL 7768.JPG,Apple___healthy,T3,0.03605146015751113,0.10288399935122901
06b0742a-6d5d-40c6-a02e-ecaa7e1279f0___RS_HL 7639.JPG,Apple___healthy,T1,0.025459847465231045,0.21412839825273572
472f7b3f-a843-4ca2-b602-005ffc13d457___RS_HL 5864.JPG,Apple___healthy,T3,0.6079184764450384,0.03299332222150109
89699048-94c3-4389-9a86-13e73dfd23c6___RS_HL 7257.JPG,Apple___healthy,T3,0.023819318742800723,0.37347354606924626
c72f2192-e438-4ae6-9b0a-0e9dafbf9a3e___RS_HL 7324.JPG,Apple___healthy,T1,0.07148443610198654,0.16314502837323455
3817a269-0274-4a5c-b851-46e91b10788f___RS_HL 5720.JPG,Apple___healthy,T1,0.33770959037021314,0.04753479772607898
50d5a081-d2b9-4297-ad6b-6c572018d941___RS_HL 7388.JPG,Apple___healthy,T4,0.16743827160493827,0.16001224280610415
3969a6d5-f626-4a6a-bc72-3d38d1cff967___RS_HL 6092.JPG,Apple___healthy,T1,0.19057031567932098,0.43104543376985
a11acc05-8bd6-43f7-9b9e-3899a0bbce2c___RS_HL 7658.JPG,Apple___healthy,T3,0.03018314083338651,0.061301974624791554
acb21cc2-8d65-4880-a7bb-dcc1eab1564b___RS_HL 6272.JPG,Apple___healthy,T4,0.20805343066827164,0.3618077683125876
38db4391-44e3-4aae-bb9d-51e8e03500b7___RS_HL 6321.JPG,Apple___healthy,T3,0.15586811159787872,0.3987364047635996
d182b332-f33a-4ea1-aa3c-51ef7f01efd5___RS_HL 6137.JPG,Apple___healthy,T4,0.0422497412107503,0.1858352778351197
4c368acb-0a47-4c7f-84bd-29dc74660db9___RS_HL 5800.JPG,Apple___healthy,T4,0.6377718790856147,0.7640877099046345
1230a95a-5f08-4fd6-b6e9-44c0c7b1fe8c___RS_HL 8092.JPG,Apple___healthy,T2,0.09492489301203436,0.5697023396827051
20d16569-6237-4038-b6a9-2b2e5375beea___RS_HL 6042.JPG,Apple___healthy,T3,0.23317368288379128,0.15905979574220117
f3676c6a-f226-4bc7-b3d4-c9537de075f4___RS_HL 7963.JPG,Apple___healthy,T4,0.013923048063695861,0.14349177863214352
e1e675c7-7ec2-44d9-b5c6-9b71151e1447___RS_HL 7466.JPG,Apple___healthy,T2,0.02690243132301863,0.03000667530837198
c05b58c7-3d82-4e6b-b64f-324e0d30d44b___RS_HL 6320.JPG,Apple___healthy,T4,0.26955065587496513,0.5376659328679814
e263a6c7-e289-4d26-ad07-1a11c6854208___RS_HL 8113.JPG,Apple___healthy,T1,0.06907352456313881,0.06861669046227792
a1644fa1-0871-47e1-a316-bc435c6a275b___RS_HL 6225.JPG,Apple___healthy,T4,0.28893617021276596,0.027844647143662107
5fd5b78d-72e9-4e04-99cf-a1b4ef4ba485___RS_HL 7852.JPG,Apple___healthy,T2,0.029955325652480602,0.14229544400449362
3b9d4604-18c3-49a7-8ac3-07386ae370fb___RS_HL 8179.JPG,Apple___healthy,T3,0.016375639450144322,0.4829302529549241
023810b0-18e6-4352-9dfa-c2f4c034cda5___RS_HL 7538.JPG,Apple___healthy,T2,0.0252287061764873,0.07146057344401281
27d5e1e8-d30f-4514-bafe-f600ad03a871___RS_HL 7648.JPG,Apple___healthy,T2,0.006435926773455378,0.13078774290648806
f584ed58-5d11-42b2-8d84-0bd0108ed2c9___RS_HL 7426.JPG,Apple___healthy,T4,0.034079476861167,0.05092091161666638
4eae8d4c-d3d9-4109-8637-76b68e1a5b66___RS_HL 5975.JPG,Apple___healthy,T2,0.09438628586916015,0.4798328111864063
98cfff90-4edc-4b41-b834-09d18d1c08ca___RS_HL 6142.JPG,Apple___healthy,T3,0.11507186858316222,0.03157546826749664
4941b5f6-7a47-4207-bf9c-adfb43d46e26___RS_HL 6262.JPG,Apple___healthy,T1,0.26888607799337944,0.3919308032620598
f472e594-6b98-402a-a097-22f46921df9e___RS_HL 7818.JPG,Apple___healthy,T2,0.01309697049874322,0.14560171926576262
d81744f3-b4a1-4343-b956-7975fe630b83___RS_HL 7343.JPG,Apple___healthy,T3,0.09789988946786674,0.11375650993309808
fcc4c8a4-2177-4a08-a785-063497dfd121___RS_HL 5844.JPG,Apple___healthy,T1,0.5930081554204977,0.08045212594361764
3c047601-ed4d-4178-8bed-33a65e5f4b6d___RS_HL 6001.JPG,Apple___healthy,T4,0.15198415905600904,0.2011999242313615
359c0812-8e11-45cf-98f7-95840b503b01___RS_HL 5650.JPG,Apple___healthy,T2,0.6211619173845814,0.015808344392636876
14c60de6-5641-4531-b2af-d1b767c28176___RS_HL 8161.JPG,Apple___healthy,T4,0.009333805184464302,0.21317303671785298
8ae37f10-377d-44a3-ad94-f271a95673c8___RS_HL 7297.JPG,Apple___healthy,T1,0.0,0.09915844106425283
a2c29f1a-5bdd-4755-94ce-1ee4ed63d037___RS_HL 7332.JPG,Apple___healthy,T3,0.19935605044271532,0.1926835717931605
34960f92-a973-4d36-b388-f63b339b86bc___RS_HL 6167.JPG,Apple___healthy,T2,0.14132345554997489,0.08564513436809983
3ee00792-0430-445e-8c25-970607d2759d___RS_HL 7810.JPG,Apple___healthy,T2,0.00010002000400080016,0.2596016478977918
19331cca-70bd-47e9-8e0e-2b3ea81f2d1c___RS_HL 5655.JPG,Apple___healthy,T2,0.49838274932614557,0.014825660262714712
be861072-a40c-4318-80a7-659f9f9a11ae___RS_HL 6241.JPG,Apple___healthy,T4,0.10155148095909731,0.32891713059541805
432debb0-7063-4747-bf11-e6b335f58947___RS_HL 7548.JPG,Apple___healthy,T3,0.020732364028002152,0.2798802827559026
14a71f70-0cd9-416c-88c9-5a76e0473e07___RS_HL 7884.JPG,Apple___healthy,T3,0.010605712535416189,0.4334412812078124
a2024303-1e78-4f1b-80b4-3f02f9f5dceb___RS_HL 7707.JPG,Apple___healthy,T4,0.022597977243994944,0.2649900730443829
04d4f065-5cb8-4122-b479-d1362d007276___RS_HL 7719.JPG,Apple___healthy,T3,0.038171627367607264,0.06148552136824996
5bf61b7f-4211-4667-b004-3481279854f2___RS_HL 8095.JPG,Apple___healthy,T4,0.032431114362350646,0.23001193312284954
2381a136-3832-4e59-a7d6-9fe4702ef0a0___RS_HL 7580.JPG,Apple___healthy,T3,0.0027138555336629613,0.15782030909003547
edf2aa3e-8736-4931-99dc-4a05252526b6___RS_HL 7710.JPG,Apple___healthy,T3,0.04151655515525819,0.1210368423123061
6f354ce6-6c55-4cf0-a63e-11f901af67d6___RS_HL 8103.JPG,Apple___healthy,T4,0.003160720471077243,0.13675472944289221
211f5e77-fdc9-4d96-9395-bb3647678c43___RS_HL 7364.JPG,Apple___healthy,T4,0.05583587468810646,0.02446736718404558
9fe1ea92-d106-4bc5-a0da-072a67c3260b___RS_HL 7828.JPG,Apple___healthy,T3,0.020942923160119954,0.10365070117912109
381f3abb-208f-4f52-b7a2-57e35f31c373___RS_HL 5680.JPG,Apple___healthy,T3,0.7479078417191859,0.07819893751859412
a4b86fe3-2a80-4399-bc38-6ab0f6c1ece6___RS_HL 6056.JPG,Apple___healthy,T1,0.024749212857875083,0.2642887762918747
7ecec5dd-4dc9-4f1f-809c-4884d627a9e2___RS_HL 7467.JPG,Apple___healthy,T1,0.057334882177232,0.05425065026711265
ee4eddac-1368-4d79-950f-e9b09e7cbd24___RS_HL 7704.JPG,Apple___healthy,T2,0.015848519024158604,0.1321912317842092
123de292-f902-404e-bfc9-3f248342f418___RS_HL 7542.JPG,Apple___healthy,T3,0.01216432509336653,0.11608664545139706
966a6112-9699-4511-a71b-02a1dd62cb65___RS_HL 5850.JPG,Apple___healthy,T2,0.5130531589201225,0.05115690284460638
0802be25-38cf-4c85-bc3b-31988cafadcd___RS_HL 8084.JPG,Apple___healthy,T4,0.053978779840848805,0.35795242950033784
818082df-492c-4c5e-a3bb-a3153818d816___RS_HL 7319.JPG,Apple___healthy,T3,0.0842286460497418,0.14034742369531514
a0167593-6219-479d-9e28-161dfea5b19a___RS_HL 5790.JPG,Apple___healthy,T4,0.8222948070005076,0.7853981633974483
e10f9ab3-4775-4947-920a-d272329ae225___RS_HL 7946.JPG,Apple___healthy,T3,0.016251231153875292,0.4295376717644833
3eef4051-9e25-4e17-8540-c35e5df18648___RS_HL 6054.JPG,Apple___healthy,T2,0.015172993122276475,0.26591980018549904
fa3dec4b-5fed-4ba4-808f-25b6b84c7c87___RS_HL 7525.JPG,Apple___healthy,T1,0.004701287429480688,0.48177907020436317
3737a846-d49c-4f70-bb38-a11922e093d5___RS_HL 8017.JPG,Apple___healthy,T3,0.038673676740960554,0.17615683353960906
13866bf5-0193-41b4-8e26-cb09d35e8697___RS_HL 5945.JPG,Apple___healthy,T3,0.06925168923654919,0.39575805706443073
a1788b2d-2440-4087-b2b8-166029c423ef___RS_HL 5713.JPG,Apple___healthy,T4,0.4659545590749652,0.18852750777442154
4eab95ce-76ec-4bd2-9cc6-f39747569750___RS_HL 5958.JPG,Apple___healthy,T4,0.23025080781658716,0.32262070315772867
22ccba73-f485-4c4d-a6a8-faaaa7c90e1f___RS_HL 7824.JPG,Apple___healthy,T4,0.027314193721491818,0.2635744960782205
c5bcd10f-39aa-47ce-a4e2-1f225bc60912___RS_HL 8037.JPG,Apple___healthy,T4,0.022934678194044187,0.31068312699779066
34121ffc-269b-481e-bbf5-96356da9f137___RS_HL 6185.JPG,Apple___healthy,T3,0.07046236508460196,0.11228504360611982
ada1699c-0a91-44ea-bc2b-476147394421___RS_HL 5646.JPG,Apple___healthy,T2,0.5993756503642039,0.044792340514558576
ca145350-137b-48ed-bbb4-0716f0f00448___RS_HL 7597.JPG,Apple___healthy,T1,0.0019809825673534074,0.39676060277044223
4342c40d-5a1b-4a93-97b4-2e3579802605___RS_HL 7744.JPG,Apple___healthy,T2,0.06454347299588278,0.5333580078238469
7b2e642b-cf2d-4154-b986-b7be01f215f5___RS_HL 7839.JPG,Apple___healthy,T4,0.02186171196154557,0.19995526213099105
985b2838-96ab-414f-9a53-89bb4567e682___RS_HL 5910.JPG,Apple___healthy,T1,0.22230047609657155,0.2042149910521607
c866af3f-3279-42b7-8e3d-f4f1a84f733b___RS_HL 5883.JPG,Apple___healthy,T4,0.5107027514207746,0.06526829654335557
5f83961d-85ba-4fed-9d97-dbf83c2965d9___RS_HL 6029.JPG,Apple___healthy,T1,0.22428288822947576,0.14037340280703522
0e277198-95a0-4700-a7b0-f1881af2b1c0___RS_HL 7285.JPG,Apple___healthy,T2,0.10756736573526667,0.13435728508666536
88aad30d-4d2e-461f-847f-a4d2e9caf035___RS_HL 7967.JPG,Apple___healthy,T4,0.006334602767618114,0.12095897318961435
4da8c9ec-92d1-4e33-87b2-de2906f88a46___RS_HL 8201.JPG,Apple___healthy,T3,0.01240272373540856,0.10336905690115572
8558ed98-6e99-4d7e-98e1-9437bd4d2382___RS_HL 5766.JPG,Apple___healthy,T1,0.7591334962196271,0.7259570843102652
aede527b-869e-4e42-a760-3ada64aeb8aa___RS_HL 6131.JPG,Apple___healthy,T1,0.079317697228145,0.046041337021323805
b0ba7a6d-95eb-44e2-a2a5-4d9ef9b489d7___RS_HL 5896.JPG,Apple___healthy,T3,0.10679800401788607,0.01761886422182594
73f042d4-5213-4618-9783-8ff76967cb75___RS_HL 7821.JPG,Apple___healthy,T2,0.0002473716759431045,0.26219123957249385
6437e60f-2ce4-447d-be7f-b2fb181eef42___RS_HL 5992.JPG,Apple___healthy,T2,0.03252931001345378,0.05702219360331796
70b3a226-962d-4d2c-a6c0-31cb3d1eab4e___RS_HL 6189.JPG,Apple___healthy,T1,0.1364545818327331,0.06937487571616899
2074d81b-88ad-40f7-9e7a-cd24c2435ea9___RS_HL 5804.JPG,Apple___healthy,T3,0.44737112519266997,0.020181781037274804
31c8c28a-ba8f-4869-a623-949d6c67275d___RS_HL 8177.JPG,Apple___healthy,T3,0.11799836549946564,0.07313214776068734
6504ca1b-442e-4839-b61e-2660fffcb67b___RS_HL 7952.JPG,Apple___healthy,T1,0.024457132581036732,0.088650524672883
862f3f9e-e9b4-4cd1-9810-832f6bf1d285___RS_HL 7879.JPG,Apple___healthy,T2,0.002299070792221477,0.049040258973130656
b6808ea5-f26b-49fa-87b2-a1bbbc98d74c___RS_HL 6095.JPG,Apple___healthy,T1,0.219662009484103,0.364663308248359
b78fc35e-44b6-4e89-8a23-54becf423e0c___RS_HL 5964.JPG,Apple___healthy,T4,0.14108910891089108,0.34027132735136423
7007d57a-a05a-41b5-a80f-9fe33debaf1a___RS_HL 7354.JPG,Apple___healthy,T3,0.01775072092278116,0.18071468846171065
d27854b1-51af-4804-a928-9305d63f2db1___RS_HL 6181.JPG,Apple___healthy,T4,0.377694285149298,0.024436308362887862
e6b195c1-8aa7-4853-9885-2a6db55b99aa___RS_HL 7409.JPG,Apple___healthy,T3,0.020820889154364707,0.015723561567122596
8912707b-6c5d-4744-ad9c-b5d3564a0850___RS_HL 7796.JPG,Apple___healthy,T3,0.017751031376556526,0.3589240723033241
1ec5d93e-76ab-44cf-a53e-ef3f741a095a___RS_HL 7504.JPG,Apple___healthy,T4,0.014709873527655648,0.09400693746171891
68812d5a-2b5d-4a89-b8de-f8f87422f321___RS_HL 6280.JPG,Apple___healthy,T1,0.09260593831075238,0.30779440640596983
5fc76906-09db-4c86-a95e-f3c8d70c29c6___RS_HL 7414.JPG,Apple___healthy,T1,0.02137726205276972,0.3079772460718961
2116b976-703d-46af-b8a0-ee3ff8e4afa4___RS_HL 5793.JPG,Apple___healthy,T4,0.3725980201863354,0.10228539790498016
1d74d65a-039c-41d6-a459-13f946971ca1___RS_HL 7582.JPG,Apple___healthy,T3,0.013895151043161044,0.24681542652725605
21c42956-0894-43bf-a1b8-787ef33594c2___RS_HL 7686.JPG,Apple___healthy,T4,0.0018415499712257817,0.6667040747866287
456d5c1e-e025-4d4d-866c-799627dfeb36___RS_HL 5673.JPG,Apple___healthy,T1,0.5454017023043388,0.018528012883997205
0fef497f-8fc7-45ee-ad1c-f4e9237fdaf4___RS_HL 7283.JPG,Apple___healthy,T3,0.0,0.6537137361914321
203d4b1b-d358-43d5-bd7f-273e68993961___RS_HL 7590.JPG,Apple___healthy,T1,0.005917159763313609,0.09720347246932058
4bfc8d18-abd9-473f-b581-22283574686d___RS_HL 8088.JPG,Apple___healthy,T1,0.0849916825827121,0.19699061554743322
3ab37181-78d5-4bf2-8d20-a233d3c685aa___RS_HL 7407.JPG,Apple___healthy,T4,0.0472509526401742,0.02746301404876299
4c501b09-39fc-4c6c-9c50-2200f0ba8b27___RS_HL 8187.JPG,Apple___healthy,T1,0.050790196976637655,0.06387426245631118
0e3c0777-c214-4749-b8ae-4985274d2f9e___RS_HL 7984.JPG,Apple___healthy,T3,0.013420509291121816,0.180582604117772
06dad629-8898-4e90-bd0d-f1b34350b7a1___RS_HL 7387.JPG,Apple___healthy,T3,0.12914441822923134,0.35424454460230925
def9ef11-75da-4f8f-8334-c6c54a31d3d6___RS_HL 5936.JPG,Apple___healthy,T3,0.15448658649398705,0.2970228721389503
c5a79e4d-e008-452d-b71d-503ef9077903___RS_HL 8027.JPG,Apple___healthy,T3,0.03885126533937573,0.2638923195268536
b13ada28-ecc1-43e6-bfa2-e8847cd7ec02___RS_HL 7835.JPG,Apple___healthy,T1,0.0019821260910387038,0.17655997517621888
7ea27d6d-f7a0-44b3-b6a2-f24455deb48b___RS_HL 7589.JPG,Apple___healthy,T3,0.04400723654454998,0.0836196339212491
bc0818a9-ad35-4d9d-93c7-20a9901c0781___RS_HL 8098.JPG,Apple___healthy,T2,0.045138167463120715,0.1114554864806629
70e5bc17-eaff-43e3-b198-2658561b63b1___RS_HL 5866.JPG,Apple___healthy,T4,0.6145756908779653,0.038527779797762306
d22b7ff6-c7a8-4c8a-b398-918ea6009893___RS_HL 7604.JPG,Apple___healthy,T4,0.0013228763110649155,0.4975577092080843
2836a80f-2aa7-46b1-8d64-0cf10037eb67___RS_HL 7268.JPG,Apple___healthy,T3,0.012867721442155951,0.08021423995943783
880ed927-54cb-43f7-8d9d-4e2705cc8472___RS_HL 7488.JPG,Apple___healthy,T1,0.023533274956217164,0.33204438715349627
60a20878-4945-491b-adff-ca8829824261___RS_HL 5847.JPG,Apple___healthy,T4,0.36952587766920014,0.04303039692585034
4221a70d-e5ef-44c7-843f-098a1fe0bfe3___RS_HL 8085.JPG,Apple___healthy,T4,0.05402084152575698,0.12633794745567
4ddf9e55-b678-4036-87c3-66076035cbe2___RS_HL 6194.JPG,Apple___healthy,T4,0.09641656158049601,0.24421296203835202
21b1f887-6f78-4da8-b676-d9e53cb8b24d___RS_HL 6012.JPG,Apple___healthy,T1,0.016015374759769378,0.2084322312579718
c023b0a2-5c8b-448f-9735-2e11a7a389ec___RS_HL 6198.JPG,Apple___healthy,T4,0.07275132275132275,0.09000386045069043
ea6534d4-60f0-4607-b02b-fbd25fe9a9b4___RS_HL 5681.JPG,Apple___healthy,T4,0.7750927031613349,0.0311097916832303
03d9267c-935a-487b-a27f-fa22f935b299___RS_HL 5671.JPG,Apple___healthy,T2,0.7045441716059836,0.15357904153390703
567114a3-0ce7-42e3-8245-ca6f3e27cf43___RS_HL 8001.JPG,Apple___healthy,T1,0.010619279176201374,0.10557225675551085
b34b807c-4986-4b85-8ede-73d625a14921___RS_HL 8025.JPG,Apple___healthy,T4,0.0011582017844886754,0.1519850161368269
f9438410-18a8-4352-9aca-0d81c4574c2b___RS_HL 7742.JPG,Apple___healthy,T3,0.025337418233004887,0.28035237153138665
9decdcd8-8027-4901-8da6-bd27c01e1ba1___RS_HL 5798.JPG,Apple___healthy,T1,0.5070363369040117,0.31933934996423513
194c4f91-31be-425f-8ac9-698202cf507d___RS_HL 7470.JPG,Apple___healthy,T1,0.023572491131708433,0.05032685205938819
c2a0c51e-b57c-459f-8ce0-34f0816323db___RS_HL 7754.JPG,Apple___healthy,T2,0.00498671422851527,0.4520238124077208
5eea6ca0-2fb5-4382-bd60-2893d4367bc3___RS_HL 6007.JPG,Apple___healthy,T2,0.03308350367173896,0.2032458864143175
0d072074-0253-4a6b-a4cb-02f520c46942___RS_HL 5805.JPG,Apple___healthy,T4,0.4156139391672182,0.020813857289995862
da781038-1b3d-4934-8927-9477efa7d5ec___RS_HL 5815.JPG,Apple___healthy,T1,0.6042672085344171,0.028465107769526234
81666301-0038-450d-bd14-36d069f4f30a___RS_HL 7696.JPG,Apple___healthy,T4,0.02208555604634569,0.16843074237030659
3e19a6c4-e5d8-4649-b403-7a8fd36b88e2___RS_HL 7533.JPG,Apple___healthy,T1,0.003060276517842505,0.1228365113904136
468c07f3-8ac1-4b0f-8e10-f97a7b41f4f9___RS_HL 7661.JPG,Apple___healthy,T4,0.011690396426577331,0.14627115569032073
181ce194-fdc9-4f0b-ae8d-0c621f723279___RS_HL 7487.JPG,Apple___healthy,T2,0.0066714749368914535,0.2992413634181032
526782c6-8d24-4438-8255-37422811d33f___RS_HL 7601.JPG,Apple___healthy,T4,0.0005195255000432938,0.15584699921830394
ed921a4f-b7a5-4086-bcab-cbfe7a97d053___RS_HL 7449.JPG,Apple___healthy,T3,0.01288088103669689,0.37417120612628413
4aa3b2bb-1bd4-410a-bf6b-09862798bf88___RS_HL 6148.JPG,Apple___healthy,T1,0.12427398682630844,0.3200484415368128
2301f2bb-7972-4fb8-8be6-246ce55ca3b6___RS_HL 6100.JPG,Apple___healthy,T2,0.06490711372904395,0.2934795508751854
263c9e0a-4cba-451c-98bf-77ce71af1b82___RS_HL 6237.JPG,Apple___healthy,T4,0.1099902663481108,0.23479297246178393
b8e23dd6-ff8c-4617-8602-c9c3a0039766___RS_HL 7983.JPG,Apple___healthy,T3,0.01671488267438123,0.09290954194123188
a48cbfdf-653b-4ab0-8f63-2d6977ec1014___RS_HL 5639.JPG,Apple___healthy,T4,0.5033934845097413,0.026148802708892287
7a13d83d-7511-41c5-9fd5-9fd18d3cf3b1___RS_HL 5685.JPG,Apple___healthy,T4,0.7929377971473851,0.08239415049052023
f876ed50-410a-4911-b82d-e95d3e73ecd0___RS_HL 6134.JPG,Apple___healthy,T4,0.10336262017572105,0.11234350115523438
d6aa67d8-1597-4c78-ae39-a6dcad5de6b2___RS_HL 6188.JPG,Apple___healthy,T1,0.14679385267620562,0.032883932167348036
99b7cd44-a359-45f7-98e0-155aa8f44eec___RS_HL 5728.JPG,Apple___healthy,T2,0.49859064888268967,0.018102383172256434
e00be9db-9536-411d-a9f9-415387f2e605___RS_HL 7249.JPG,Apple___healthy,T2,0.01521164021164021,0.31375135232715645
72059689-4c66-4922-8702-1a8d1fef1594___RS_HL 7729.JPG,Apple___healthy,T3,0.009961151509114453,0.11911725172372471
e6e1a82f-890f-4c43-b7cc-e35418a28359___RS_HL 6260.JPG,Apple___healthy,T3,0.09998204990127446,0.2966460198479241
4c4358f8-03ad-4d68-be74-d769ab728ef1___RS_HL 5921.JPG,Apple___healthy,T2,0.09645718752617326,0.4286444065844892
925d0f0f-08ae-4f20-a528-0f78bf27b9e7___RS_HL 8032.JPG,Apple___healthy,T3,0.01683945586384611,0.19714956058958988
f995325a-1135-4bde-89a6-121b0fde8c6c___RS_HL 5891.JPG,Apple___healthy,T2,0.14021610457648037,0.5568781030589841
44d0b31c-72e0-4a8f-9c3b-64051dab5d2e___RS_HL 7856.JPG,Apple___healthy,T3,0.027484939759036143,0.18765427595160172
1a905d2f-3b54-41b4-bab8-3c2b0845a91d___RS_HL 7958.JPG,Apple___healthy,T1,0.0031910778751933987,0.6389165334517066
feb2c7d8-0cfd-4eb1-86d0-78a893dd8943___RS_HL 7866.JPG,Apple___healthy,T4,0.012374381280935954,0.22676586460876444
2d7f4c07-f4f4-4589-aa82-49e05e5b253b___RS_HL 8056.JPG,Apple___healthy,T2,0.03194888178913738,0.08846567429318208
5b264ecb-2c4c-47f3-93ec-c9f79a3e8e09___RS_HL 7401.JPG,Apple___healthy,T3,0.3915429073085083,0.04254744030287576
6806c56d-b5d6-45fc-8e96-0d8def5932b9___RS_HL 5692.JPG,Apple___healthy,T1,0.6114104537790485,0.10450170959609385
af109f85-cfe8-4547-a642-10fd10a2b79b___RS_HL 7393.JPG,Apple___healthy,T3,0.059691011235955056,0.04012282444821455
298c8daf-43cc-4f65-b2db-65623425e5f8___RS_HL 6103.JPG,Apple___healthy,T4,0.08573369565217391,0.3217432146981887
238ba7d8-807f-4af5-8524-5259b80cff9e___RS_HL 8119.JPG,Apple___healthy,T2,0.06956370387560919,0.036979342922052405
acbdd971-62fa-4109-a0b7-38b6eae4d748___RS_HL 5939.JPG,Apple___healthy,T2,0.017531446540880503,0.3279458806701301
77dcceb4-6a47-42b6-837a-0b60999cd2d1___RS_HL 7471.JPG,Apple___healthy,T4,0.0947872340425532,0.015800177652114417
8b944746-e4b0-4032-b5ec-8a6252128065___RS_HL 6266.JPG,Apple___healthy,T2,0.03015386621463033,0.5823185554759828
aa701c91-01d7-44bf-a1df-b4d8ca4fbce0___RS_HL 5715.JPG,Apple___healthy,T2,0.6273730308892621,0.6616235287624637
ae2bb9d6-502a-4ae2-b4e4-4c2fffd06ebc___RS_HL 7951.JPG,Apple___healthy,T1,0.03276547416240772,0.16457418100672405
d80a4d8f-c6a6-41e9-92d0-ba21894f8c64___RS_HL 5794.JPG,Apple___healthy,T3,0.4979348669553681,0.01622399499980975
fca87ead-171e-4dd8-9b2d-669f69158dc5___RS_HL 6113.JPG,Apple___healthy,T3,0.07568013190436933,0.07428927781460905
2a73c206-19c5-4f7c-80da-1bdf62354562___RS_HL 6082.JPG,Apple___healthy,T4,0.0410377358490566,0.10004771722199872
8a311714-e680-4c68-8f3a-60f4bfc16ada___RS_HL 8062.JPG,Apple___healthy,T1,0.06499183651972402,0.07558766831370997
ad7674f8-ff0c-43f8-9bb7-1c347ba197fe___RS_HL 7812.JPG,Apple___healthy,T3,0.05489192263936291,0.37003523039075803
525ecf21-2ca1-4939-b258-6002432703aa___RS_HL 7712.JPG,Apple___healthy,T1,0.013788998561579287,0.1226633721373113
b85dfb75-f620-427c-9108-02547560a2b4___RS_HL 5913.JPG,Apple___healthy,T4,0.08136297836012027,0.34846925459416994
4d7bd871-a301-44ce-a229-a8136e0a43e4___RS_HL 7891.JPG,Apple___healthy,T2,0.007467003207656308,0.061523808970851496
7d9eb65f-be86-4516-b239-cbf856aa5ed4___RS_HL 6110.JPG,Apple___healthy,T1,0.34105801502317407,0.3467526057697099
2abb295b-31c5-4e5f-b5c7-94ca57e94305___RS_HL 6277.JPG,Apple___healthy,T3,0.04760198826743092,0.07166750333491469
ec41f18f-cd53-43db-ac79-954871449e40___RS_HL 7789.JPG,Apple___healthy,T4,0.07882748319641524,0.5134231720481399
15a995e0-2e4a-486b-8509-db35d944ce6d___RS_HL 8086.JPG,Apple___healthy,T3,0.001137440758293839,0.09292346613081945
2766f4b1-33d2-4532-aab2-a7fb037b87bf___RS_HL 6155.JPG,Apple___healthy,T1,0.07610276296655356,0.06996773789088342
26e85922-aaf1-4cc6-8bdb-2fb0222a4b8c___RS_HL 7624.JPG,Apple___healthy,T3,0.009548744802094564,0.1043915976414934
d76e79e5-2cd5-4a03-9354-5759b2741210___RS_HL 7980.JPG,Apple___healthy,T4,0.017025509010063188,0.14972421438749248
122d2ed7-efb5-4a82-a6f0-74e9524e83ff___RS_HL 5702.JPG,Apple___healthy,T1,0.7595726373153593,0.08939320362198222
686f612d-bb49-409a-8afa-0707481774fe___RS_HL 8184.JPG,Apple___healthy,T2,0.012678696115541508,0.15613630626914843
af413561-59ca-4d3a-9e7d-34711b946db4___RS_HL 6298.JPG,Apple___healthy,T2,0.15113699389905713,0.09610346114963424
5ceefac5-fa4f-4b5c-b270-3a945fc89ec0___RS_HL 6191.JPG,Apple___healthy,T2,0.04903883876029816,0.43490341276844013
ff2e08fe-a803-4159-a9ec-0de65dbaad36___RS_HL 7368.JPG,Apple___healthy,T4,0.17055702917771884,0.03866865849434466
57b5c040-d081-45ad-a73b-948eb18dd3eb___RS_HL 7826.JPG,Apple___healthy,T3,0.004000207803002753,0.09992904889279028
10f75d05-fa3e-4b14-b3d8-093292c218e6___RS_HL 7873.JPG,Apple___healthy,T4,0.01886341929321872,0.031243629627334124
aacd1350-3b5c-46c6-9320-84f45f5161db___RS_HL 7746.JPG,Apple___healthy,T1,0.00408745247148289,0.5063427030715386
f8b4d48b-a454-4991-9f79-bba2f921ef9a___RS_HL 7705.JPG,Apple___healthy,T3,0.009879253567508232,0.17466864481553523
c81e4d98-e76b-48cf-b03a-2ad382d19842___RS_HL 7807.JPG,Apple___healthy,T1,0.006358875708026077,0.4008122576523465
1aa82164-61f2-4baf-b99d-41f18f6e98cc___RS_HL 8087.JPG,Apple___healthy,T3,0.04654051592066581,0.2356729006445609
9d72b93c-59d4-41ec-b346-954a1e8e57bb___RS_HL 6284.JPG,Apple___healthy,T3,0.06955544455544456,0.3870202789119559
a850464f-70db-4726-8e80-bfe6ca501942___RS_HL 7999.JPG,Apple___healthy,T3,0.019489070318672638,0.19024779615121623
139ff5a7-102b-4434-b540-eb6930e6d968___RS_HL 7910.JPG,Apple___healthy,T3,0.0017541062031573912,0.4760052706405256
1d68db41-8cec-49d7-b702-d16e36348f6e___RS_HL 6300.JPG,Apple___healthy,T1,0.030283321816186332,0.17031799317977392
ab014481-2a2f-4bb8-9a80-6b0ceb012625___RS_HL 5808.JPG,Apple___healthy,T4,0.5309474457534175,0.021844752594429473
0c30f1f2-9eed-4861-bf66-eceae1b0b625___RS_HL 7430.JPG,Apple___healthy,T2,0.0891215164804074,0.030193630467089696
13a06d54-2bd9-4bd0-a260-1c193ac4caa8___RS_HL 6293.JPG,Apple___healthy,T4,0.07567567567567568,0.12471694744234467
36980863-22cb-4e05-a1f6-53039a89993a___RS_HL 5934.JPG,Apple___healthy,T1,0.16219105975243656,0.26529745852490355
4306468f-a177-4c65-bb9a-4167e8d33223___RS_HL 5897.JPG,Apple___healthy,T1,0.1799195494770716,0.3041709947823819
8516ac47-c297-4943-9ac1-a10f26e9101c___RS_HL 6094.JPG,Apple___healthy,T2,0.08290523986406385,0.10070708925088984
ec1bf8ec-0876-4971-8df1-20f766ac3df2___RS_HL 7666.JPG,Apple___healthy,T3,0.022793854948195785,0.038934024431290265
62c6270f-9667-492e-be5b-ee599927718a___RS_HL 7671.JPG,Apple___healthy,T2,0.022724930433886428,0.05628148596522116
705990f2-bc4f-4568-af0b-2f58bd3b51a0___RS_HL 7608.JPG,Apple___healthy,T4,0.0038908373520385796,0.05786102962721977
1497c20f-448a-48e2-9cf0-b4fc8cfa848a___RS_HL 6292.JPG,Apple___healthy,T1,0.02390508379101535,0.40837477037381775
5150163c-ce61-4b06-bcab-d806f8c78dba___RS_HL 7682.JPG,Apple___healthy,T4,0.009262145433495125,0.38010705055765015
a5acd48c-a7c2-42de-8a2e-231bb94e134d___RS_HL 7591.JPG,Apple___healthy,T2,0.0,0.20927609006962894
567c7469-bee8-4ddc-8ee9-2f14b3fb569e___RS_HL 7817.JPG,Apple___healthy,T4,0.08762796139221994,0.2043953403883627
234fbf88-be8a-4b45-a93d-493b6e83215c___RS_HL 8182.JPG,Apple___healthy,T2,0.1089184301532409,0.3268524661020827
753a02e9-3624-4692-a0c9-ccb78c8f916b___RS_HL 5782.JPG,Apple___healthy,T1,0.6979656529766259,0.39823727179413193
56357993-94b9-4ed2-bc6e-22d4245f958e___RS_HL 7313.JPG,Apple___healthy,T4,0.005186373642774523,0.4685226723311606
f864bef8-0fb1-43e1-866f-a1e78336be9f___RS_HL 7521.JPG,Apple___healthy,T4,0.0030461089088253705,0.17744779388023169
d103c4fb-790f-4178-8208-dd191b375600___RS_HL 5645.JPG,Apple___healthy,T1,0.5115178066704352,0.0522161101503343
db1d4348-8db7-420a-b2b4-ac86393f349e___RS_HL 8199.JPG,Apple___healthy,T3,0.04277387279273101,0.3143954027458052
188d8d1c-a33a-4513-b97f-466135939339___RS_HL 8151.JPG,Apple___healthy,T2,0.015546342907906427,0.20795356150129704
6760f8fc-05d5-4cdb-ba7c-4d87d508bb79___RS_HL 8185.JPG,Apple___healthy,T4,0.03317472019301655,0.14133945277900592
76598665-5f8b-4e6e-86c4-36d528385387___RS_HL 6312.JPG,Apple___healthy,T4,0.12434748350241308,0.12331970254111713
f4de145c-b5e6-4503-b04c-abc3820ca7b9___RS_HL 8099.JPG,Apple___healthy,T3,0.06090336912254721,0.18646657705750544
abb44bf0-cc56-4086-a5eb-0747cddc367c___RS_HL 5679.JPG,Apple___healthy,T4,0.6772143909110035,0.028713034329742322
72053aee-f044-46c5-ab44-322e198c3f1d___RS_HL 7588.JPG,Apple___healthy,T3,0.015022860875244938,0.08300246693394697
a4c37f29-8f5a-4a06-b6c4-367d523d452a___RS_HL 7374.JPG,Apple___healthy,T4,0.31050041017227237,0.046058533468928256
1331fd38-acdf-488f-a5db-8dfcecfa5690___RS_HL 7381.JPG,Apple___healthy,T3,0.027408684049591372,0.037987889202964156
a027ddf2-029c-43c2-b812-f3ffcdefea80___RS_HL 7859.JPG,Apple___healthy,T1,0.04870517014706332,0.43750416912666884
0eeeccc7-f3fb-4b7a-90ec-750fbf10f7e6___RS_HL 6249.JPG,Apple___healthy,T3,0.05552564275137973,0.12041208968825141
2735c32b-b407-4714-b190-2b35d8e9a61f___RS_HL 8104.JPG,Apple___healthy,T4,0.0811930405965203,0.03182493503079183
936c7bd1-5902-499b-b03b-bcf1f9434a06___RS_HL 7785.JPG,Apple___healthy,T4,0.025889279001312198,0.35360247512826865
47c4f435-2335-44ff-be67-20586e69aacf___RS_HL 7552.JPG,Apple___healthy,T1,0.016355834997238625,0.1890386283499197
08aaa4e8-ed92-49d3-9ac3-1f6c59740017___RS_HL 7701.JPG,Apple___healthy,T1,0.1386522075910147,0.057561061193651515
14284447-1510-439f-bb04-8977e8fa8cbb___RS_HL 6257.JPG,Apple___healthy,T4,0.06805354558610709,0.1456459019620623
2ae4c8d8-309c-4dfa-8bde-b985b2a81272___RS_HL 7659.JPG,Apple___healthy,T2,0.0019103413143148242,0.3211840024271767
8130bd33-0680-4140-84c5-85f11c6c34ff___RS_HL 7397.JPG,Apple___healthy,T3,0.19155951203428948,0.026446516790630082
27b057d7-929a-436f-905d-fd8339bf1bca___RS_HL 7366.JPG,Apple___healthy,T4,0.20801955344166997,0.10176589383950572
530f24d7-aefb-419d-b814-2cb3a81cfe2c___RS_HL 6071.JPG,Apple___healthy,T2,0.11726135183869733,0.07735545205497107
c7ede8ae-237e-4228-b635-96d3b6a0bebe___RS_HL 7986.JPG,Apple___healthy,T3,0.022653047043290946,0.15832304205445225
5b8c01e5-748f-4b5b-b64b-26bb129a5db6___RS_HL 7996.JPG,Apple___healthy,T3,0.00430274753758424,0.1151352442977394
d3647b4c-45d8-4366-8e93-baf1310072ba___RS_HL 6248.JPG,Apple___healthy,T1,0.11510623394816717,0.08621174665454628
d64e56f8-7015-423b-9926-5fcf3b4370f5___RS_HL 7735.JPG,Apple___healthy,T1,0.00994620927636253,0.10804461906402005
707ef394-bd7d-463c-86b8-4a13464bc6e0___RS_HL 7555.JPG,Apple___healthy,T3,0.038463545743959084,0.15811567972823481
8042447f-f615-4683-b8fc-267e746a4744___RS_HL 7820.JPG,Apple___healthy,T1,0.02625546087633548,0.36248304750454996
0e857e3d-34ff-4549-b8ef-4d699aacb178___RS_HL 7511.JPG,Apple___healthy,T3,0.021617969937510556,0.20511216513352323
83849d18-49c5-412b-91c5-3fe882335e88___RS_HL 7840.JPG,Apple___healthy,T1,0.00024110910186859555,0.11722678022451832
5e39c42c-b499-495f-8612-eb3a1079d594___RS_HL 6047.JPG,Apple___healthy,T1,0.3629269017800736,0.2749285813681054
8656f9ff-3a95-4350-af32-82ed2fbff533___RS_HL 7976.JPG,Apple___healthy,T1,0.0026259642212374855,0.05381884261361211
48585f10-a0d6-417c-9edc-fc029b04a195___RS_HL 7382.JPG,Apple___healthy,T2,0.060296499314812506,0.041173563114346806
2d62f422-484f-4fa9-af67-f2724cfe5564___RS_HL 7441.JPG,Apple___healthy,T2,0.053757660466616494,0.06871666638510135
ab56c266-3b13-43f0-9856-587367a3b45a___RS_HL 5770.JPG,Apple___healthy,T4,0.7312842418051816,0.22344545340453992
1e59b25e-551a-4343-a551-cd03abdb5cac___RS_HL 7376.JPG,Apple___healthy,T4,0.06369588387555195,0.04326803778572099
14e92721-00a0-4696-9392-d3f633082454___RS_HL 5654.JPG,Apple___healthy,T4,0.409844175117487,0.019479917174657965
97a6eaed-70d4-4b78-9871-1aba3d7a9abe___RS_HL 7908.JPG,Apple___healthy,T2,0.04069190936134268,0.23021153972753672
274144ec-893c-43fb-ad9a-18f71ead2e58___RS_HL 5971.JPG,Apple___healthy,T4,0.06514202299130223,0.364920952588385
62d3964c-3cc9-495c-94d5-0558f5fe3063___RS_HL 7607.JPG,Apple___healthy,T2,0.00797774413942642,0.36710297915914913
fe0140ff-8690-437b-b3b6-dc7d476cb2d7___RS_HL 7837.JPG,Apple___healthy,T4,0.012904506650784197,0.329468218411134
49d18ffd-bfd4-435d-bffb-fe66ec0e3af6___RS_HL 5647.JPG,Apple___healthy,T4,0.4329441160924511,0.019567499759024914
d215e01d-93aa-41cc-9212-614c93151cca___RS_HL 8068.JPG,Apple___healthy,T2,0.0010212308519215265,0.2868430286043064
6379ed3c-dd03-4f07-a773-84842960d921___RS_HL 7741.JPG,Apple___healthy,T4,0.16782272420354796,0.48282397464107746
d2fc2f4e-9094-4e38-bc7a-f40c5c059280___RS_HL 8170.JPG,Apple___healthy,T1,0.0195890896209706,0.19359901241434216
d1dd75fa-e0f8-4942-b530-5f6371ac9bc8___RS_HL 7427.JPG,Apple___healthy,T1,0.05366413135337438,0.055260819339518985
3ecbb982-2844-4662-ad65-9a94fee38fa3___RS_HL 8060.JPG,Apple___healthy,T2,0.06620950579333176,0.04230509916761091
b3731461-8db1-42f5-9976-5f3b8b72935b___RS_HL 5973.JPG,Apple___healthy,T3,0.16359086643728496,0.28029778239585573
a50556b8-e947-45f6-8b4e-6574ddab1903___RS_HL 7944.JPG,Apple___healthy,T1,0.00502408809359945,0.29712904577038723
ac41e650-367c-4a74-b26e-0a983bc1223b___RS_HL 7743.JPG,Apple___healthy,T2,0.008321833312424205,0.3037039751900459
f2cda910-55c7-46d7-b1a2-9a3bb9792148___RS_HL 6274.JPG,Apple___healthy,T1,0.22240716522014822,0.5105466996829499
ae0a8f1e-235b-4fd9-980f-58d486951875___RS_HL 6244.JPG,Apple___healthy,T1,0.050269369404286654,0.11822668541147748
801956aa-445e-4bb8-90bb-49dcea55c679___RS_HL 5865.JPG,Apple___healthy,T4,0.649540030189969,0.05716695148930576
e706b363-0bc0-4846-9b56-b7ff2f60e112___RS_HL 5952.JPG,Apple___healthy,T1,0.1373242332045062,0.49555773315036383
cdd69da3-ed98-4c7f-9ee9-f0673820a56a___RS_HL 7631.JPG,Apple___healthy,T4,0.0041114940443799505,0.11729887450910562
88334c09-9bd6-4653-8109-f1a36383b131___RS_HL 7841.JPG,Apple___healthy,T2,0.010512023126450878,0.19126498722254068
82fa759f-dfdd-40ee-98df-ed232a081ab1___RS_HL 7629.JPG,Apple___healthy,T4,0.05861740491256719,0.35211979130563564
11c35e07-255e-42cf-b8e9-4533c35ce2c6___RS_HL 7500.JPG,Apple___healthy,T4,0.09592406476828587,0.039064692007070606
d6318793-dacc-4b58-bb19-043324042180___RS_HL 7246.JPG,Apple___healthy,T3,0.020266728786908158,0.20557026174860268
4a99390b-e2ee-4941-a14f-37575ada3004___RS_HL 6039.JPG,Apple___healthy,T1,0.037238052163425295,0.08443358668460388
a117c853-363a-443a-b489-323fb4239f07___RS_HL 5697.JPG,Apple___healthy,T3,0.45227570649026005,0.11573355461075345
87c49c13-8b4f-40c8-b624-57c19e6e51e9___RS_HL 5811.JPG,Apple___healthy,T3,0.49186562433974224,0.015428080440651647
953076be-ed87-4a45-a553-48cd555b63bb___RS_HL 7888.JPG,Apple___healthy,T1,0.005068318563087228,0.6231432282293758
bb575ddf-8661-4bcc-82ee-25050ba543b7___RS_HL 5807.JPG,Apple___healthy,T2,0.4974106624836152,0.05245660196157064
eee67012-27f6-45d5-9365-2561429f046d___RS_HL 8165.JPG,Apple___healthy,T1,0.009263379313134581,0.18709808675137718
b3a6e935-5855-48b2-905a-e3d6e1806e94___RS_HL 5688.JPG,Apple___healthy,T1,0.3268769489086112,0.07337412533649773
c69944f6-08da-4638-8ff6-7e97b5878b57___RS_HL 5816.JPG,Apple___healthy,T3,0.6444705285197639,0.037607229819657716
504ac2ab-ebfc-4c7d-89bf-d52955b6d297___RS_HL 7652.JPG,Apple___healthy,T1,0.02476894639556377,0.08414997182502584
8e4b14b2-2601-4ffc-805c-a68b200e80ec___RS_HL 8069.JPG,Apple___healthy,T4,0.005086153207390492,0.4406064377650321
82d55fb4-a8df-439a-9935-5e5f72b05383___RS_HL 6107.JPG,Apple___healthy,T3,0.1977092511013216,0.4358746349613249
71689ece-34cc-4210-ad88-23ee1d26dfde___RS_HL 7924.JPG,Apple___healthy,T1,0.039698334555357706,0.04163041205711966
ff716adb-c699-4135-a62f-dfd35184a6bf___RS_HL 5875.JPG,Apple___healthy,T1,0.7211269204571256,0.12110868805771821
1ecec99b-aeb0-4261-85cf-ac2e8cc80ebd___RS_HL 6073.JPG,Apple___healthy,T1,0.03628155826784819,0.06976211911307241
1ceda3e6-3df1-4a82-a5f5-6c62dbd8ccc3___RS_HL 8072.JPG,Apple___healthy,T4,0.009028767774244252,0.3151266213747247
a3d2fcfa-645e-419e-91a5-ab626f5fab6c___RS_HL 5930.JPG,Apple___healthy,T4,0.0627271958745456,0.18671886229473925
836734c2-f568-4b02-896e-9a6bca89404f___RS_HL 7900.JPG,Apple___healthy,T4,0.05645515596560598,0.27458673974625786
75b7a5bc-e419-4312-b5d9-6c3446a24ef4___RS_HL 6079.JPG,Apple___healthy,T4,0.14795866161874552,0.0690228369891636
752c8f77-8b65-46df-886f-e95346e7856f___RS_HL 5705.JPG,Apple___healthy,T2,0.8948775849774185,0.09359447781997597
c3d84f64-28b0-4ea7-a45a-ea564a9b801e___RS_HL 5648.JPG,Apple___healthy,T4,0.5199173583674653,0.017606372462664124
b228e0e9-6082-4f02-a31e-11077fff799a___RS_HL 8143.JPG,Apple___healthy,T4,0.0035987926631065705,0.17398863097783412
3c3127c8-58c3-43ab-9b6f-75c641db96ce___RS_HL 7282.JPG,Apple___healthy,T2,0.051395310435931305,0.46018291180795046
3c739f46-0ab2-4441-8fa9-cbc16d7609cb___RS_HL 7385.JPG,Apple___healthy,T3,0.08698700763043926,0.33454130618500555
b9d6a99b-7ffb-47a2-a9f5-e3fedf6c0ec8___RS_HL 8204.JPG,Apple___healthy,T3,0.08167509836987072,0.07330113510030277
c1d50cb3-894c-4cfa-b414-b0a81b8cfbe6___RS_HL 7405.JPG,Apple___healthy,T4,0.16416932009739651,0.027736344571313486
5decc9b0-698c-49d0-906b-1a679b0001f9___RS_HL 6245.JPG,Apple___healthy,T3,0.04433153085959351,0.29114535777908074
9f6f67e7-5369-4642-9594-a29fba331a5c___RS_HL 5907.JPG,Apple___healthy,T4,0.15457309256071206,0.194658984337705
49c357ef-7887-43d3-a478-85486e70e2d3___RS_HL 5656.JPG,Apple___healthy,T3,0.44433224755700323,0.0382282049766244
ad772bfa-6845-4104-8d94-8d3a2adb67c2___RS_HL 6149.JPG,Apple___healthy,T1,0.13753213367609254,0.44730070040875713
2e6c2a31-e580-49ad-aa9e-31c11f0ff4b3___RS_HL 8137.JPG,Apple___healthy,T2,0.02277926986969064,0.21459453126773098
20102c8b-dde0-47d2-8035-7ceeb42f1961___RS_HL 6207.JPG,Apple___healthy,T3,0.05179154262759585,0.5851403826598838
715ddd59-a49f-42e1-8eed-2c3dd29677fd___RS_HL 5832.JPG,Apple___healthy,T4,0.6825513411875312,0.03402115374481461
f867a4ff-fe32-4bc4-9fee-9403c5ade149___RS_HL 5752.JPG,Apple___healthy,T3,0.6962840726087043,0.6285102436686333
c6086c14-d6e9-4c87-8bfe-1275b959bcf7___RS_HL 7369.JPG,Apple___healthy,T1,0.11225,0.07523956267167439
7450ae7f-41df-4afb-a9f5-6a4059d7a4a1___RS_HL 5818.JPG,Apple___healthy,T4,0.912293869621846,0.07456691319890991
367d7a43-f910-4714-918f-f4b9ffde5a91___RS_HL 7692.JPG,Apple___healthy,T1,0.03397858319604613,0.059693573502583634
9ac93ab7-5e33-46f3-9db7-008edcf15f30___RS_HL 5787.JPG,Apple___healthy,T3,0.715506840350913,0.18554429710646417
d25674da-5147-4d9d-9041-5b1e97afbdc5___RS_HL 7492.JPG,Apple___healthy,T2,0.09191192692935622,0.10152000180381192
86bbe500-5e1b-4212-9c9d-eb324af1236b___RS_HL 7413.JPG,Apple___healthy,T1,0.00777250476439595,0.15895596225656147
0e99efe9-d414-4091-b7b4-6ba6856db3d9___RS_HL 5841.JPG,Apple___healthy,T2,0.47865147938486924,0.10162299223994778
3b59f785-afa8-4204-b6fd-467404734888___RS_HL 6144.JPG,Apple___healthy,T3,0.07458341996613894,0.1297154032097605
b9e6aeac-899b-4f14-9e45-abb938f58ec1___RS_HL 8200.JPG,Apple___healthy,T1,0.0021671969382579424,0.41366109142697804
507b3ab4-ca9a-490e-8f3a-0ac06905fc40___RS_HL 8033.JPG,Apple___healthy,T3,0.007473960403911903,0.05580412345565461
d6a24569-4143-4445-9b3f-77c889df9cd8___RS_HL 6288.JPG,Apple___healthy,T2,0.0583077937696396,0.13709049430006137
3645e3b0-e9c5-4b10-aea6-ce0ba996c059___RS_HL 7267.JPG,Apple___healthy,T1,0.004558096415327565,0.16671282248745914
4c3bd8fb-b507-4ef4-93b6-39f1b0d087d8___RS_HL 6252.JPG,Apple___healthy,T2,0.05738971399741431,0.2628158073429801
b1784ebf-1145-4997-8e7c-4238d0ee2575___RS_HL 6299.JPG,Apple___healthy,T2,0.26428155904595696,0.1868070088763331
f1ff3bc9-8483-4255-a252-95433e00d5e2___RS_HL 7509.JPG,Apple___healthy,T4,0.10577783670898665,0.3811474913022947
3f9788c1-8456-453f-b1c2-5cc66ba714a6___RS_HL 7635.JPG,Apple___healthy,T3,0.00012018508503094766,0.11528463500556882
56bd23e7-9376-418a-8dfb-f767bdc78500___RS_HL 6124.JPG,Apple___healthy,T1,0.06914066549186275,0.23413072274390787
f902a6a0-a38b-441d-bd7e-5deb16ed709c___RS_HL 7727.JPG,Apple___healthy,T1,0.018768650855976128,0.06358158626225867
3643fe1d-9523-47cf-9952-7e2ecb027338___RS_HL 5704.JPG,Apple___healthy,T1,0.8316535080351644,0.05294328839429742
115ce7f7-f1b1-4f24-a96f-07107c9e703c___RS_HL 5791.JPG,Apple___healthy,T4,0.7917669810948416,0.3255209503589783
5ba92c8d-c731-436f-9d77-5685ec780f5f___RS_HL 8120.JPG,Apple___healthy,T1,0.004937458854509546,0.3086743075493777
36cc892a-a8de-4547-939d-6dcaf2a8f179___RS_HL 7553.JPG,Apple___healthy,T3,0.009027180742014418,0.2928510749981802
15ad1bbe-d6da-4b40-aa05-38d394273595___RS_HL 8046.JPG,Apple___healthy,T4,0.05949208339865183,0.3553086935228625
bd802f98-838a-4703-b38d-5db77ddac1b8___RS_HL 8154.JPG,Apple___healthy,T1,0.007371944244375715,0.26407453567908945
11749aa9-4b07-4cd8-8605-356de6d4cc68___RS_HL 7684.JPG,Apple___healthy,T2,0.01944276773517171,0.38723337152198456
590363be-ab1f-4d0e-87a5-d632b28d79e0___RS_HL 7334.JPG,Apple___healthy,T3,0.0551695954229669,0.245865371394528
531fbf24-8362-445d-ba13-6ece16d53de7___RS_HL 6206.JPG,Apple___healthy,T1,0.08539153743059544,0.5527897295034507
c475ca60-0635-4bd9-8d2f-d3e7003304c0___RS_HL 5814.JPG,Apple___healthy,T1,0.625459703688137,0.4107746722177337
d496c802-e976-49b5-af09-b698fcf991f7___RS_HL 7429.JPG,Apple___healthy,T4,0.06674005779551397,0.07119774703139865
2710a9e1-5834-4606-9e2c-477c0415882e___RS_HL 7564.JPG,Apple___healthy,T4,0.04892034763910044,0.17299353855312832
139cb003-2cc1-43ce-bbdf-29767f9e2ce0___RS_HL 7386.JPG,Apple___healthy,T2,0.07229802689702562,0.18228841612183136
d4ddb36a-e4cf-41be-b3f6-16c584e62b9a___RS_HL 7994.JPG,Apple___healthy,T3,0.030171618379774865,0.23140947663645783
950e5c9d-49ec-4c5c-af23-69efff18f8a6___RS_HL 5749.JPG,Apple___healthy,T3,0.5118885043494528,0.7732360715793681
ac83e870-8aec-4b1a-8156-b9a60fa09259___RS_HL 5735.JPG,Apple___healthy,T2,0.6109416646058308,0.42251370933454424
5977222a-8f4a-44b3-9960-61fcf36c5e7f___RS_HL 5664.JPG,Apple___healthy,T2,0.6965319386615213,0.11218632267040181
6fdc92a4-12e5-43f3-8766-96f49075b59d___RS_HL 8015.JPG,Apple___healthy,T2,0.005852563908178427,0.39125250643726195
919e61a6-e6fa-4d4c-bad1-62eea9b19c79___RS_HL 8106.JPG,Apple___healthy,T1,0.05724005324656116,0.09310954684960866
13dba956-2c74-400e-a2ac-b06baeee5e38___RS_HL 7571.JPG,Apple___healthy,T1,0.009190983749781584,0.16674460514329498
8cf44f32-5736-4681-be02-f86e4454e00a___RS_HL 5904.JPG,Apple___healthy,T2,0.12402367503580984,0.4479753560135177
9871fd63-1ee8-436a-a1b3-c6104350400b___RS_HL 5693.JPG,Apple___healthy,T2,0.6285232699690982,0.030539618836459993
3ee17877-b649-4b43-939a-d9415a21dfd5___RS_HL 7300.JPG,Apple___healthy,T2,0.0,0.6209044023850583
b95d7446-58e5-4f88-a1a9-4ee2930051c4___RS_HL 8205.JPG,Apple___healthy,T3,0.06803204854691129,0.16523344768002296
60385266-12df-445f-9fcf-196b1f91c254___RS_HL 8070.JPG,Apple___healthy,T4,0.0007828917549136759,0.423957436087457
ebfb312e-5c9c-40ed-a193-955439232491___RS_HL 7512.JPG,Apple___healthy,T3,0.008205318033191437,0.05562275245707112
28b993ef-31f6-42a9-b39b-933a18c0b532___RS_HL 7798.JPG,Apple___healthy,T3,0.008805699367228638,0.1567964911272762
ec9b03af-1ead-4a8f-ac8b-cf68ae3c46bb___RS_HL 7885.JPG,Apple___healthy,T4,0.01137007517092887,0.5559537835767799
bd55e151-34f4-46b0-8683-7315c39a7e34___RS_HL 7802.JPG,Apple___healthy,T1,0.02935734550388553,0.042676225740697626
889a58f6-911e-4f6f-86fa-7058d2a5d964___RS_HL 7632.JPG,Apple___healthy,T2,0.06718325611119987,0.09588945741133646
278e3aec-395c-457a-8fd0-ddf0ad8f3056___RS_HL 7377.JPG,Apple___healthy,T4,0.3041095890410959,0.02011808514705069
a36d3771-3cbd-48ef-9e31-a1de629e56a6___RS_HL 8082.JPG,Apple___healthy,T1,0.030447287513636814,0.05798703641295249
0872ffc6-d9db-4ba7-a2bf-1fb0f537cafb___RS_HL 6129.JPG,Apple___healthy,T3,0.025976131794007006,0.1881987264456143
786696fd-ef1f-4e75-9ddd-250b628d9fe3___RS_HL 6199.JPG,Apple___healthy,T2,0.0724840955768171,0.3035834469934416
022b515d-41fd-448e-abac-e8722c32d864___RS_HL 8131.JPG,Apple___healthy,T4,0.001000100010001,0.08193575049452956
ac49a568-aa04-4c08-88a6-d1551e3f41ca___RS_HL 8146.JPG,Apple___healthy,T2,0.010751502453547996,0.14213520337966157
eb1b7162-9f7a-4bb7-b3fc-5dcaef541b55___RS_HL 6218.JPG,Apple___healthy,T4,0.04428722065376373,0.3407048517421391
ec5b9329-e53e-4578-ba60-03950b3e4883___RS_HL 7784.JPG,Apple___healthy,T2,0.029282362143136488,0.36313012069891965
0f56566e-6151-4ede-b10b-2b1f04f23659___RS_HL 7359.JPG,Apple___healthy,T3,0.08832537609224395,0.08252023407429172
d91b6c09-9022-4860-98fb-643c0ec85fe3___RS_HL 7965.JPG,Apple___healthy,T3,0.021440032774572394,0.2856564649682026
3aff0cab-c5f0-4fd5-8a7a-2a81160da701___RS_HL 7392.JPG,Apple___healthy,T1,0.033715990237729365,0.04407909386076492
a6af24a5-31a8-4154-bfe6-7b3f7d516f6a___RS_HL 7622.JPG,Apple___healthy,T3,0.03522404991491775,0.12650771958882404
9fc6acc1-0394-498d-b51c-d2e92febae55___RS_HL 6013.JPG,Apple___healthy,T1,0.02359622460406335,0.1441194142936585
622b6e6e-1388-4933-9f74-3ae54937a3d7___RS_HL 5920.JPG,Apple___healthy,T2,0.09664447227899005,0.25288110158834004
313b7055-4346-4b7c-99fb-ada974f60486___RS_HL 6275.JPG,Apple___healthy,T4,0.19807221300466146,0.36455978273909245
5d542bd8-d3c1-484e-9cc1-e7c409aff1f8___RS_HL 6197.JPG,Apple___healthy,T1,0.057102502017756254,0.3113497563910296
d06d7e4c-e0d4-4f03-8f9d-004405a19f2b___RS_HL 5986.JPG,Apple___healthy,T2,0.0707482993197279,0.04283097671881281
d137e403-df20-4a3e-8b30-ab3357870c6f___RS_HL 8048.JPG,Apple___healthy,T4,0.02469404800813451,0.1562981515755954
f21adca8-b2d2-4a92-84f6-27a46e0935f8___RS_HL 8093.JPG,Apple___healthy,T2,0.04480810442236509,0.24266264965100431
fca55eaf-abbb-4941-89f7-e3698c1f77f1___RS_HL 8171.JPG,Apple___healthy,T3,0.036962651114286815,0.49723982230917335
86abe4bd-80fd-4a65-ba6f-fd48e6d51119___RS_HL 6251.JPG,Apple___healthy,T3,0.31986324403093824,0.23941284352007433
56c024f5-844e-47d0-a936-d1617219125c___RS_HL 7776.JPG,Apple___healthy,T2,0.06711845525436316,0.05561912305226908
d8328d5d-be0d-4de4-8f9d-6cf4b2dcc531___RS_HL 5665.JPG,Apple___healthy,T2,0.6443583165019925,0.0504166575190785
51ad3661-ed25-4c8f-9f90-44f8f0f042e0___RS_HL 7645.JPG,Apple___healthy,T1,0.022700558330884513,0.058455679480736746
df61d058-fa1e-4636-97e8-3e1d567fddd9___RS_HL 6139.JPG,Apple___healthy,T1,0.1464581511394619,0.17372067568538116
d29e5681-1f95-4efa-9196-9ecd45538d87___RS_HL 7328.JPG,Apple___healthy,T3,0.06219197371509035,0.24259082803421383
64764c6e-6e57-4fbe-903f-06103bd72a38___RS_HL 5951.JPG,Apple___healthy,T2,0.053658254225515165,0.456439352768172
9992b9d9-9301-476c-b0a7-7b68ee8a47e5___RS_HL 6014.JPG,Apple___healthy,T2,0.07110707517372078,0.10435600799472347
52cf2701-f319-4b3e-b6fb-8071f2f09ca9___RS_HL 8191.JPG,Apple___healthy,T3,0.03013013013013013,0.05527699241734678
76236e9c-1898-475e-b0f6-0d535e105432___RS_HL 7702.JPG,Apple___healthy,T2,0.01318188192399383,0.07480247771021833
5345137b-4957-4d47-896c-e9dcab8b7c43___RS_HL 7685.JPG,Apple___healthy,T1,0.014475728523248323,0.1366033635475252
6c8764e8-c52e-421a-995d-dc3fdce8f40f___RS_HL 7380.JPG,Apple___healthy,T2,0.01729916747756514,0.03886769630444561
5857071f-208a-40a0-85f2-6bc9f5a98fea___RS_HL 6026.JPG,Apple___healthy,T1,0.13688800574046475,0.219881704437111
6dd6bf2b-b606-46fd-af76-6c9166c7d626___RS_HL 7276.JPG,Apple___healthy,T4,0.07460643394934977,0.12048274241706305
1477ac33-4284-4db3-9a91-dbd61e6183e3___RS_HL 8059.JPG,Apple___healthy,T1,0.00993911640734766,0.14373518149157738
e1feed76-9ae7-449b-8c58-aebd806c680b___RS_HL 8034.JPG,Apple___healthy,T2,0.03190537084398977,0.07999383485681937
4ddc6bdf-fa72-43ff-99df-36430b318df4___RS_HL 7499.JPG,Apple___healthy,T4,0.031525851197982346,0.12232280821976606
201de0e4-a74d-4dff-9b5b-e997d36e63d7___RS_HL 7569.JPG,Apple___healthy,T4,0.044653212711667827,0.031833446758565614
725e9b8f-f55c-44ce-a0d8-7b6829f86630___RS_HL 7532.JPG,Apple___healthy,T1,0.006961461349966585,0.1553920039894039
bd9222f6-b97a-4e5b-ac0f-ff320f5f7180___RS_HL 7630.JPG,Apple___healthy,T3,0.061965703879811825,0.05268142875018747
8c65a84d-100d-42af-bc07-6a02fd953a59___RS_HL 8192.JPG,Apple___healthy,T2,0.032008060141052466,0.1538445281198438
8fdd8420-f139-40e5-8121-b76d43dcee32___RS_HL 6075.JPG,Apple___healthy,T2,0.15271971892390943,0.27302337046555986
fb723b31-aac6-4412-aa97-efcab9cc99a4___RS_HL 8101.JPG,Apple___healthy,T2,0.0072966070777088655,0.17243583977812915
26f830c1-f86f-438b-9045-3531ef02ea9c___RS_HL 8122.JPG,Apple___healthy,T4,0.009977040283865582,0.17832639737303682
e366d6d6-7a22-4182-bf81-a573831404a2___RS_HL 6165.JPG,Apple___healthy,T3,0.12424467295664157,0.1530243977210013
c81fa31b-23b0-4e58-bb69-36a45cb7898a___RS_HL 6093.JPG,Apple___healthy,T2,0.0809085410926685,0.3837434746759841
12f455c2-a44e-4069-a8fb-b7bec17d23c1___RS_HL 5895.JPG,Apple___healthy,T2,0.19459108259563063,0.3122751914190888
2ab9dfe3-b810-428c-843c-e257a25c4447___RS_HL 7576.JPG,Apple___healthy,T3,0.016483152029716105,0.371602995977258
13c8382b-ca6c-45f5-a6d0-acd67fb28651___RS_HL 7284.JPG,Apple___healthy,T4,0.008823397679939088,0.4665051327248986
6e9b4ada-0f43-4de2-8e5d-463a3cb4da0f___RS_HL 7495.JPG,Apple___healthy,T3,0.03878104038025854,0.09643403751910917
2260f331-0610-4dd8-9d8e-270115aba39b___RS_HL 6033.JPG,Apple___healthy,T3,0.005957108816521049,0.24510746739742412
f205d63f-9621-4509-b6e9-6d0ec7e3a402___RS_HL 7811.JPG,Apple___healthy,T3,0.044549585421839136,0.1417408370640777
ddbfa011-a5f6-449d-a327-b169fb547136___RS_HL 6306.JPG,Apple___healthy,T1,0.08887942053685556,0.16579973074147647
c1fb257d-b00b-4a71-baad-92a73af09f52___RS_HL 5745.JPG,Apple___healthy,T1,0.40735857082092725,0.12393381293607886
68feaaac-b503-4202-99fb-2cb86ad427c3___RS_HL 7916.JPG,Apple___healthy,T2,0.025657376495742526,0.33480733281697495
1d7c71d2-fac0-4ee6-8def-765282cb744c___RS_HL 5758.JPG,Apple___healthy,T1,0.6691207874880514,0.6250053258737016
168d6d21-9d72-43c0-acca-b216f64ee87b___RS_HL 7942.JPG,Apple___healthy,T4,0.03950941743320193,0.0473641770737308
398f4455-d008-4d69-a58d-b0a1f228abaa___RS_HL 5729.JPG,Apple___healthy,T3,0.47249536295957517,0.030656557815732056
d9e69ce7-c65b-4c96-85ad-04fcb1698d55___RS_HL 8020.JPG,Apple___healthy,T4,0.008691815574674609,0.03608374929199128
cb6dbf98-5036-45b9-ab80-45b22ddbac00___RS_HL 6296.JPG,Apple___healthy,T1,0.06854076928889896,0.030800500145211556
14896dc0-688d-456f-b5ec-a037695b0193___RS_HL 6268.JPG,Apple___healthy,T3,0.16742857142857143,0.4349686402531728
6272b53a-1ade-46fc-85e8-cf9517c6e0ed___RS_HL 7858.JPG,Apple___healthy,T3,0.01549425471433719,0.2502975592031825
23307db5-ba40-498c-9b96-2c6b65f40c27___RS_HL 6096.JPG,Apple___healthy,T4,0.04095810424924349,0.2121425914879769
4e481e14-a671-4794-a1f0-9fca67ad7d0d___RS_HL 8124.JPG,Apple___healthy,T2,0.0018538953873317148,0.3530341223723038
8f9ea5b9-f4c7-46d9-88b1-af5cf17694a0___RS_HL 7271.JPG,Apple___healthy,T4,0.00044695675036150913,0.5083704557794987
0460b7aa-4eb0-4c0b-80e5-055ced6684a3___RS_HL 6287.JPG,Apple___healthy,T2,0.03295527498395035,0.17457776698368355
88076c11-c60e-4aea-afca-a1f1187eff0a___RS_HL 5706.JPG,Apple___healthy,T4,0.33773975102388387,0.02423275865997474
c8f83443-9ab6-483b-99e2-d90760e32ea3___RS_HL 7535.JPG,Apple___healthy,T2,0.17902697252331737,0.04242351766038281
ba04fd9d-8914-4513-bc3a-2b8c3998fe83___RS_HL 7256.JPG,Apple___healthy,T1,0.04099928729509734,0.46183035709127873
b09360ae-9c60-49b8-abb8-edc4c37d79c3___RS_HL 7643.JPG,Apple___healthy,T1,0.044609441023783655,0.10850696737511623
4f7c8fa5-f8cf-4b64-aaff-14d4a1c2cb27___RS_HL 7421.JPG,Apple___healthy,T2,0.01995232629999117,0.05889838540861362
303603ae-edae-45ba-914d-ab522db7089b___RS_HL 7400.JPG,Apple___healthy,T1,0.0823031880286272,0.14022067907985739
2bbd0a49-9a1c-473b-bdf3-51f154db463e___RS_HL 6081.JPG,Apple___healthy,T1,0.01647437896268579,0.02309239288178031
33f6e93f-9275-445e-a795-e1ef9c20db7b___RS_HL 8051.JPG,Apple___healthy,T1,0.018289228777211296,0.1593536532455452
81bf7931-e6d7-4f6d-aae5-9de7d0c4ae33___RS_HL 7893.JPG,Apple___healthy,T2,0.09362625440737728,0.057142792132742544
8b96fb28-f778-4d18-93ef-cb3ef4ecd532___RS_HL 7575.JPG,Apple___healthy,T4,0.027096537154404337,0.25969512746020207
54ef2bb4-12a7-447e-a980-32c74bd26c1e___RS_HL 7459.JPG,Apple___healthy,T1,0.04244637151985395,0.060722171332245146
79d597cf-e046-4b0e-b489-a9d24b3a8f8e___RS_HL 8014.JPG,Apple___healthy,T4,0.01980945532985799,0.3073027654693975
044a96a2-d5ac-490b-8c57-2c1859cdf8f3___RS_HL 7991.JPG,Apple___healthy,T3,0.0824121789072027,0.11883948230360931
0d6e0971-a3d3-4773-b694-b2161248fdaf___RS_HL 5836.JPG,Apple___healthy,T2,0.572619891330026,0.07775418150912486
86f3c6c0-3038-45dc-9307-3f548f20b74b___RS_HL 6318.JPG,Apple___healthy,T1,0.1347993402968664,0.26553555953073665
8b258036-674c-4553-8e2c-408d02319a05___RS_HL 7767.JPG,Apple___healthy,T1,0.0029239766081871343,0.16394649159736352
bdcce69f-7520-48cc-b22b-c3ad33d5be71___RS_HL 7878.JPG,Apple___healthy,T1,0.0009425959091337543,0.034620806537964635
bf8697bb-a12a-4488-9178-22180bde51e5___RS_HL 5889.JPG,Apple___healthy,T3,0.21189227382667064,0.38218850236278273
c21cf428-bfc3-4710-b5d2-69d1c0e94748___RS_HL 6268.JPG,Apple___healthy,T1,0.16742857142857143,0.4349686402531728
4d6cc52c-984d-4652-ac24-ad608cb2085d___RS_HL 7725.JPG,Apple___healthy,T4,0.09307033780657104,0.14111275973617715
9fd4b6dc-c72b-4a90-b9c6-e5518f237d90___RS_HL 5760.JPG,Apple___healthy,T3,0.6074870352096412,0.20560900373510593
bc9b490b-eb06-4b0a-bfcc-f90478e0418b___RS_HL 7677.JPG,Apple___healthy,T2,0.008496605237633365,0.1387856833231142
6fb1530c-0b24-48df-b2f2-02a8498546ad___RS_HL 8168.JPG,Apple___healthy,T1,0.10821270996207137,0.1369517269407673
34a96778-25fe-4e97-910e-56b39fc2bdd6___RS_HL 6263.JPG,Apple___healthy,T4,0.20269374552589017,0.4343838010174337
0793dfa6-3728-409b-a5dc-7f3c07528dde___RS_HL 7379.JPG,Apple___healthy,T4,0.029955522212100103,0.043629124383694484
ae8840d7-cde8-4739-817a-9ff6f548c522___RS_HL 8197.JPG,Apple___healthy,T2,0.05370135119528814,0.1543335818621727
f71f7765-379e-407d-911a-ef80cfde5c1d___RS_HL 7602.JPG,Apple___healthy,T3,0.00654441780600013,0.19172066027108456
92425071-59b8-4490-bea5-91830169a5a1___RS_HL 7469.JPG,Apple___healthy,T3,0.031193137509747854,0.06325570580166621
03d420e7-42a1-41d8-9600-16d577043c64___RS_HL 5738.JPG,Apple___healthy,T3,0.4384763090975141,0.27727251266415875
d3db83a2-69b7-4de2-b868-fc3f04a0bf85___RS_HL 7481.JPG,Apple___healthy,T4,0.02055877701634159,0.07059794482952843
d6590bcb-cb7e-47c9-beb0-80785efb4046___RS_HL 6234.JPG,Apple___healthy,T3,0.1830819899462645,0.33505686019631875
3a80eee6-d03a-4ac9-8f73-5f251f568840___RS_HL 5935.JPG,Apple___healthy,T1,0.20922429990158362,0.27146880460765255
9b75de13-d4b0-4b3f-988c-3e9926eef957___RS_HL 6273.JPG,Apple___healthy,T2,0.3025154365753595,0.25517799537912844
0eceac69-c7bf-4e9e-a249-7ae23dcf065f___RS_HL 5888.JPG,Apple___healthy,T3,0.13464311954066777,0.547292895360252
c0eef36a-242b-4420-9153-198446da57d4___RS_HL 7478.JPG,Apple___healthy,T1,0.0006173185925136091,0.10512585050877524
04f426ce-8f6f-400a-94f9-c513255d2fa4___RS_HL 7823.JPG,Apple___healthy,T1,0.00381200782464764,0.09941681469499657
66b2ddc7-46d8-487c-a93b-43d4332b7a31___RS_HL 5764.JPG,Apple___healthy,T3,0.8145810035712997,0.33681295060532274
bc1fe2f2-05c7-485e-9f97-af1dfb59394a___RS_HL 5901.JPG,Apple___healthy,T3,0.13222930859544862,0.0501752016175791
f7416f1d-cd65-4f2e-be3e-ca701e693df5___RS_HL 7920.JPG,Apple___healthy,T4,0.015158823124095638,0.2694383237785631
03aebf5c-6cca-40da-b61d-f3f83e1cbf9e___RS_HL 8080.JPG,Apple___healthy,T3,0.035943290781810695,0.21694998309201727
cb2820ba-baab-455a-8830-df6f53bbb580___RS_HL 6097.JPG,Apple___healthy,T4,0.11806922832645284,0.12428983222735647
be58ce4e-6678-4315-8786-31bd39e11909___RS_HL 6106.JPG,Apple___healthy,T2,0.09340547852553263,0.27076422839113135
1495b096-6249-4f8c-b9e5-37e09fc21d1a___RS_HL 7716.JPG,Apple___healthy,T1,0.01627318718381113,0.25441165879488425
88ffb541-e088-4505-baef-c292c25925dc___RS_HL 6164.JPG,Apple___healthy,T1,0.26062065275548424,0.1761729292285309
ffb59eab-a2c5-471b-96f9-7699d5504b4d___RS_HL 7390.JPG,Apple___healthy,T2,0.06927898186689632,0.13210536852715832
a5121b4f-be3e-4911-9d15-2678a0ccf66d___RS_HL 7751.JPG,Apple___healthy,T3,0.029410396016566615,0.37362379445837085
13575fc3-1674-4511-a124-2ed065f00cda___RS_HL 7351.JPG,Apple___healthy,T4,0.06283595922150138,0.02017070160835906
f22abe65-38c0-4b02-b837-2ec8acb3803f___RS_HL 7868.JPG,Apple___healthy,T4,0.013572799561283247,0.3489840945970966
4cc430bb-9f3d-4dfc-86c0-0dfdfd71ebb3___RS_HL 6147.JPG,Apple___healthy,T2,0.11165695253955038,0.08925928297223361
37fcfaf7-88f4-4735-99a2-8df576e0f248___RS_HL 8108.JPG,Apple___healthy,T4,0.037427443696308335,0.16014665628827796
08da0395-feee-4f66-b88b-2fa171d9521d___RS_HL 7779.JPG,Apple___healthy,T2,0.06252131408434694,0.04118662358557417
9d3b64cb-6af0-49b7-a488-2e8af4caff65___RS_HL 7330.JPG,Apple___healthy,T3,0.3076063829787234,0.3461937866849002
8e2d41f1-9cae-4f1a-b7b4-9ec0c6fbd6fe___RS_HL 7329.JPG,Apple___healthy,T4,0.08205590622182146,0.08888622078226516
38394f24-6b80-4231-b2c4-850325c0718d___RS_HL 7968.JPG,Apple___healthy,T2,0.0014625543080827633,0.15670666881335915
1a0ddafd-c52e-4ea1-ab34-a302cdc27be1___RS_HL 5785.JPG,Apple___healthy,T2,0.7315694172425261,0.768950896909999
f85e6b2c-e4b2-42fe-99db-9583b58bb51b___RS_HL 6112.JPG,Apple___healthy,T4,0.1555241935483871,0.0896663608713535
c9b9e157-bef7-41c8-be22-80933635137f___RS_HL 7922.JPG,Apple___healthy,T1,0.10233516483516483,0.08104188340005329
77273304-be77-4b74-a4ed-cd42826f4635___RS_HL 8178.JPG,Apple___healthy,T2,0.03747975997714068,0.19824110635752018
22e6ab6c-375c-475f-8888-3d2f6d939111___RS_HL 7625.JPG,Apple___healthy,T2,0.010355215262959709,0.0929036803734312
4cd8dfb9-2afe-425f-a110-39882ded3802___RS_HL 5799.JPG,Apple___healthy,T3,0.6661282929916843,0.33830802804169907
11beda66-01e9-4bfd-be37-c0f8646d1478___RS_HL 6271.JPG,Apple___healthy,T4,0.351714862138534,0.418782792517239
4e817ac6-818a-431f-af6d-e44477f9b649___RS_HL 7616.JPG,Apple___healthy,T2,0.02220818861172508,0.08737711484797332
b39834e5-d836-4265-a2d6-bba7116efaa3___RS_HL 7518.JPG,Apple___healthy,T2,0.016783474732571007,0.0547192655201848
b202b328-dec4-4b4a-bf6f-50c331f63f89___RS_HL 6311.JPG,Apple___healthy,T2,0.12066621346023114,0.1119193534308272
0c83f4eb-4949-47c8-bf63-312d16e64913___RS_HL 7619.JPG,Apple___healthy,T2,0.00046110269415717013,0.4824027726420799
118160af-d2a3-48ef-8134-cf72f0588cfe___RS_HL 7456.JPG,Apple___healthy,T3,0.04726880455035795,0.02389397629853264
13298d36-4425-437d-ae8e-c7d70e200084___RS_HL 6271.JPG,Apple___healthy,T4,0.351714862138534,0.418782792517239
491f5957-ed75-4198-b988-4f0c834cd4ec___RS_HL 6043.JPG,Apple___healthy,T4,0.35518458645376266,0.38659894143627893
baf96695-955b-4e24-8b10-c0d544a5d91a___RS_HL 7248.JPG,Apple___healthy,T4,0.012683109467871016,0.46253800982941584
10b8f12c-d16a-4fa0-b70a-5f066f6a1c5c___RS_HL 7312.JPG,Apple___healthy,T2,0.0018444948921679909,0.32189300201559146
ef16aa29-f7bd-4bad-be8e-4877760a3712___RS_HL 5871.JPG,Apple___healthy,T3,0.574469232566919,0.10008924433946474
ce2f655a-64d9-44ed-a67c-7e23db612a35___RS_HL 7915.JPG,Apple___healthy,T3,0.005100182149362477,0.3782251269419552
ab5eb58e-8cd9-4f70-ac56-1a14c101622e___RS_HL 7927.JPG,Apple___healthy,T2,0.020284422886120604,0.07823565934226667
e9f437d0-a209-461c-b071-5c8c13a2ed6a___RS_HL 6291.JPG,Apple___healthy,T3,0.009584546761529103,0.17399962595900437
0692eda2-32c3-4f9a-b249-bb8112356999___RS_HL 6307.JPG,Apple___healthy,T3,0.11412600442529405,0.14418852901662219
83636c4e-c4f1-47c4-81e8-0bcf7bac8995___RS_HL 5730.JPG,Apple___healthy,T4,0.5272208121827411,0.14026569558042454
725fe867-1075-471a-b69d-6553d1445216___RS_HL 6127.JPG,Apple___healthy,T4,0.19540927525036556,0.47514599951492115
2da4c099-fc85-4895-bedc-8a0241ed23b5___RS_HL 5754.JPG,Apple___healthy,T4,0.7626705167778552,0.01657592680407254
2693000f-ad26-46ae-9d5f-3fb67de2b86c___RS_HL 8206.JPG,Apple___healthy,T1,0.040014012689268616,0.19581795720111408
8c43ceb4-000b-441b-887f-ef495da381e2___RS_HL 7864.JPG,Apple___healthy,T3,0.0015632515632515633,0.06917896193774485
f03b4260-bf5c-41be-a4fe-96a5c341e7fc___RS_HL 7262.JPG,Apple___healthy,T2,0.002720934187404342,0.03420665312057225
a19f8aa8-6d6e-4bcd-b0ac-5046336817bc___RS_HL 7660.JPG,Apple___healthy,T4,0.005741871777054456,0.09237797174508142
1cbe6aef-57d4-4f2a-b8fb-0375db7084d3___RS_HL 7356.JPG,Apple___healthy,T2,0.09423736312354827,0.05702778231615593
7bf79f19-bb50-44cd-b8d5-0b4d6794689b___RS_HL 7989.JPG,Apple___healthy,T3,0.00221002352605689,0.27253769308970804
89f6b546-2692-4ea9-aaac-66ef1b8a7bdd___RS_HL 7250.JPG,Apple___healthy,T3,0.022074468085106384,0.27812639963641295
10f68987-caf7-4e29-aa26-b48e074212f4___RS_HL 6130.JPG,Apple___healthy,T1,0.06452521837137222,0.2527096087526673
d8182f26-41c1-47b0-96e2-e55236736738___RS_HL 6078.JPG,Apple___healthy,T4,0.06502904400905779,0.06039225559432752
28682886-ee9f-4698-854f-8f196c01b67a___RS_HL 6101.JPG,Apple___healthy,T4,0.0894627186059726,0.1468300220532523
93d22073-347e-4447-ba19-92eccb54563e___RS_HL 5662.JPG,Apple___healthy,T4,0.5532607011927505,0.0555204778064955
1d4ea234-bb1b-44ec-9114-d1ea9abece5c___RS_HL 8002.JPG,Apple___healthy,T1,0.024324057627787644,0.04156793795609598
49b6b50f-7c76-4c31-9e33-b5ae8d22264c___RS_HL 5882.JPG,Apple___healthy,T1,0.5776385158659106,0.17221913770486397
65a6866e-a6ea-46d5-a8ca-413f98cd8b7a___RS_HL 5817.JPG,Apple___healthy,T1,0.9082540247264965,0.6348662365504688
f7ac955e-05a2-455a-88aa-2771234e9be0___RS_HL 7530.JPG,Apple___healthy,T2,0.07415608288770054,0.3507096692068311
b31cfff9-da7e-40ca-8e8a-2b8562031473___RS_HL 7333.JPG,Apple___healthy,T3,0.1472006710002097,0.2684879822600874
50477370-452c-4dd9-bdad-f270011e9094___RS_HL 6183.JPG,Apple___healthy,T2,0.26052194901191733,0.09611655142112635
1490daeb-9cfb-4456-bb27-dd836f9e07a6___RS_HL 5959.JPG,Apple___healthy,T4,0.09965013873808662,0.2670900498569926
1d44a5a9-c15c-40d5-b2d6-bbd9e84c96ea___RS_HL 7923.JPG,Apple___healthy,T4,0.053943185314326736,0.06923517014013263
f681d565-ab7a-4b83-b476-339589e176a3___RS_HL 8160.JPG,Apple___healthy,T4,0.0063128166791261734,0.30590125981174204
a01b22a2-292a-485e-ad7d-ee14de31506c___RS_HL 6102.JPG,Apple___healthy,T3,0.03416795069337442,0.4348039749816901
dd4efe08-e387-42e2-9c4c-61b35b09bd0d___RS_HL 8136.JPG,Apple___healthy,T3,0.019009622154423846,0.35550770052683883
4cfa1595-b674-419b-93f7-2a836ff4d1bd___RS_HL 7464.JPG,Apple___healthy,T1,0.09171736078614881,0.044829688339639386
4cf06978-a0b5-43a0-8da3-fda45eee2e1c___RS_HL 5777.JPG,Apple___healthy,T2,0.6189015890716476,0.02449302304656098
7b236824-defb-40ae-8f83-76c00cf8b822___RS_HL 6222.JPG,Apple___healthy,T3,0.15057425965544421,0.47476859436775376
f1953fa5-9c15-40a5-b9cd-43341f14dc4d___RS_HL 6115.JPG,Apple___healthy,T4,0.06070863372604185,0.10895084143538981
a600f02f-b4a8-43e5-8d31-4c0d99009d7b___RS_HL 8132.JPG,Apple___healthy,T2,0.0,0.14190770171959163
99eee6bd-5bca-412a-beaa-afc6009bb868___RS_HL 7434.JPG,Apple___healthy,T2,0.04309171005206248,0.015533240722355611
d3780b4b-4bf7-484a-ab4a-2c2f0894f930___RS_HL 7681.JPG,Apple___healthy,T2,0.01652713312800937,0.187536890707983
13cdbdbe-be7f-463c-9085-9ae160412772___RS_HL 6286.JPG,Apple___healthy,T2,0.08729458244021351,0.2809296556090874
02a0f44c-9cbe-4a2e-9710-296692635ec6___RS_HL 5789.JPG,Apple___healthy,T1,0.7163523094268952,0.7679888310342508
872f54d3-61de-4b41-aaa4-57caad5ad9d3___RS_HL 7865.JPG,Apple___healthy,T1,0.021695972773681224,0.1935628744816793
55eca570-7e6f-4bb9-ae2e-b9834d8fcea7___RS_HL 7726.JPG,Apple___healthy,T2,0.09143502187103146,0.17826708988857487
d990e148-621b-4e71-8a8c-9b71c15f7faf___RS_HL 8004.JPG,Apple___healthy,T4,0.007600827300930714,0.15283811987128992
8cec684f-e301-4016-8bd8-4b686c6e4b9b___RS_HL 8075.JPG,Apple___healthy,T2,0.0016726943942133815,0.425113055284315
5a0aa782-76a8-4de9-89e9-47cb35d222e3___RS_HL 6310.JPG,Apple___healthy,T4,0.12680763983628923,0.22808267353433076
f09b090f-bff1-4fc9-87ad-1b9e05373698___RS_HL 6035.JPG,Apple___healthy,T2,0.09251007850625928,0.10513932999392919
c95a27db-a513-4f92-b74f-cc4db60999a3___RS_HL 7599.JPG,Apple___healthy,T3,0.007999384662718252,0.05032553491881514
03f6a4b2-d08b-4f7f-8a8e-d132ff3eca8b___RS_HL 6226.JPG,Apple___healthy,T4,0.16965504259023953,0.04862157925752079
1fae0947-05ec-4487-a8d4-5ce3c860a21f___RS_HL 7962.JPG,Apple___healthy,T2,0.007546251217137293,0.37675375990305676
2363daeb-88d5-43f3-925b-be7360c10394___RS_HL 5828.JPG,Apple___healthy,T4,0.47666360316947765,0.11599974315621568
51e68778-c3ba-423c-8fb8-bc5d1c20645a___RS_HL 7302.JPG,Apple___healthy,T1,0.010698519864970137,0.2753857275637409
b30e7ae6-7ea7-4eaf-8ffa-06b0093c9f75___RS_HL 8030.JPG,Apple___healthy,T4,0.04935313847628174,0.33507873215398193
05e20036-a134-46c0-a06f-3c5d4768d787___RS_HL 5856.JPG,Apple___healthy,T1,0.7894871377779843,0.7122405440253065
605bebdc-6d3e-4cfe-8498-3ccd1028e76d___RS_HL 7877.JPG,Apple___healthy,T2,0.014993671502287996,0.0836729463524845
42777529-bf54-4134-9bd6-34fbd135575d___RS_HL 8045.JPG,Apple___healthy,T1,0.03476925500078753,0.5035996246054647
dc456961-360a-419b-abb7-b3de3963742a___RS_HL 6055.JPG,Apple___healthy,T2,0.1465145620860057,0.12680509772750617
c0045dfa-da87-423c-a78c-07eb2fd456f3___RS_HL 7764.JPG,Apple___healthy,T1,0.023629272768983713,0.1406448511739619
39f64aba-4bf0-434c-9800-4a0b6bc324bd___RS_HL 7934.JPG,Apple___healthy,T2,0.025937462561399303,0.2957801582188573
1ff38f29-401d-4ec7-a99a-c4d3ccf42efc___RS_HL 7498.JPG,Apple___healthy,T1,0.0,0.17303769524581936
db44d33e-8ef6-449f-9c92-211b4f7412ce___RS_HL 5783.JPG,Apple___healthy,T4,0.6679612722721249,0.5067954224144577
594c429c-488e-4d8e-9b44-c3929cecafc9___RS_HL 5878.JPG,Apple___healthy,T1,0.7396562342534012,0.664768610399448
51cb81e8-dd15-40cd-b4f2-5287379dfe74___RS_HL 6104.JPG,Apple___healthy,T1,0.022561580604805658,0.08691005796937201
8a5fd341-9f0f-4c54-8f9d-b9c4c5b16994___RS_HL 7650.JPG,Apple___healthy,T3,0.011162854403506369,0.026932068775960355
0da8c59a-e54c-4408-ae3c-06d54608b20a___RS_HL 6236.JPG,Apple___healthy,T3,0.16623074687590816,0.19824106334396374
7b5603c7-76c7-4b94-9c7a-5db00fb8581d___RS_HL 6064.JPG,Apple___healthy,T1,0.1494244681230177,0.4723077677001998
ee80e1f5-3e45-49a2-9766-ee6ec0981f91___RS_HL 5690.JPG,Apple___healthy,T3,0.5403530895334174,0.08556708625148558
e30f75c3-08c7-47fa-ae3c-7e1e3e782583___RS_HL 6247.JPG,Apple___healthy,T4,0.14331771482611874,0.11407924959164198
2fae96ef-fe0f-4004-bbb7-259c62cde5c3___RS_HL 7953.JPG,Apple___healthy,T4,0.014448480845442537,0.11178392726716728
fe0701b3-d2f2-46b1-b88d-6ce5a6b2a687___RS_HL 7507.JPG,Apple___healthy,T4,0.0028117092067855916,0.2273326551176903
efcddd81-0718-4555-ac8f-f417cc6e6280___RS_HL 7912.JPG,Apple___healthy,T4,0.030712620227338967,0.435248424798472
b79b7572-548b-400e-a675-1ffa9a1d6079___RS_HL 6281.JPG,Apple___healthy,T2,0.251236886413677,0.36441813409024515
a3bae732-a9e8-494a-93dd-7fd04dc558b7___RS_HL 6045.JPG,Apple___healthy,T3,0.17328181711743357,0.06161721815135831
dd2b6b6b-2278-4f52-8009-2d57037ab3f2___RS_HL 5670.JPG,Apple___healthy,T4,0.6080664480530956,0.2911291674429294
c08ff541-b426-4e5b-8630-98b5246b7d20___RS_HL 5642.JPG,Apple___healthy,T4,0.6618545096383847,0.036557023240456434
e181a90b-4e75-418b-a8d8-98173cd8bd1a___RS_HL 8194.JPG,Apple___healthy,T1,0.010684820341733917,0.15345508402994018
7703726c-19ce-4e3a-a921-1a84161b12d0___RS_HL 8174.JPG,Apple___healthy,T2,0.0058923581581824805,0.47036638031558625
94b7e2c6-9081-4546-b411-c89c0dd219e7___RS_HL 7416.JPG,Apple___healthy,T4,0.07227975906746978,0.12973066775582787
d2ec850e-20f3-40dc-917a-641424016b92___RS_HL 6217.JPG,Apple___healthy,T4,0.021920289855072463,0.3263998689836468
4ab36472-9140-4bab-a351-008dd4845fde___RS_HL 5870.JPG,Apple___healthy,T4,0.5721055402796467,0.4874889052355577
9d872301-fed3-4fc4-bf58-9963a5248105___RS_HL 5678.JPG,Apple___healthy,T3,0.5817748441510818,0.035430728020691575
62047680-5efb-4779-99e0-d2bfe2ddba8a___RS_HL 7791.JPG,Apple___healthy,T1,0.036687121981369475,0.1456093178463422
c933494d-e4a3-497e-8518-c239d4f49f96___RS_HL 7423.JPG,Apple___healthy,T3,0.015168860904407555,0.06052305531231692
9ebc421f-9c65-41ee-a650-2da921e8e7cb___RS_HL 6227.JPG,Apple___healthy,T4,0.20658357302652605,0.12753888295580373
0eacfbb6-3d68-4a89-b8f8-6b2d328102af___RS_HL 7961.JPG,Apple___healthy,T1,0.020968855616527966,0.3424415521500708
bd910a05-42d0-4e01-9d88-0c8577ccdbe2___RS_HL 7396.JPG,Apple___healthy,T1,0.025319883555615732,0.05932601397754389
cc2bdee9-6965-4a72-9e00-b5cf39074c88___RS_HL 8114.JPG,Apple___healthy,T4,0.08894542312677003,0.17426580018138452
c9fff3f0-930b-41e7-889d-8e60e0b720cd___RS_HL 7781.JPG,Apple___healthy,T2,0.07726687885149319,0.03433054518024217
4f84889d-5057-4b56-9643-86b7ec5fcfdd___RS_HL 8063.JPG,Apple___healthy,T3,0.0012869224169628631,0.11792005973553166
0cfa2ddf-56d9-4f62-89a4-f74e220f1859___RS_HL 6196.JPG,Apple___healthy,T1,0.1714967752743111,0.5201994995721758
14009d84-bca8-4054-b09d-7fd4241c74a6___RS_HL 7907.JPG,Apple___healthy,T2,0.0060767185719711354,0.3941201694467278
2056f48c-137e-4a96-b26d-1c6dae33ee47___RS_HL 7567.JPG,Apple___healthy,T3,0.022928994082840236,0.06069878110938398
558de0a1-89a7-4fa4-8814-bb1d8a845bfd___RS_HL 5779.JPG,Apple___healthy,T1,0.7958866644787222,0.03481192179658465
556b0ba0-dfb0-45de-9806-c6c068a8149d___RS_HL 5644.JPG,Apple___healthy,T2,0.6834195550957062,0.11991943727473185
2b0d21b2-2320-4cb4-8d40-4684f0c91e55___RS_HL 7505.JPG,Apple___healthy,T1,0.018940124766866035,0.3665633290733757
37b9da4a-2823-48fb-ba35-4138a44acf53___RS_HL 5954.JPG,Apple___healthy,T1,0.060707738074648035,0.44697500421163194
21c10a73-ebeb-4a16-898b-8b39d9d6eca2___RS_HL 6315.JPG,Apple___healthy,T2,0.05194805194805195,0.4137711566821464
68bec77e-3c62-4ea5-85e4-fa29068ebb34___RS_HL 7340.JPG,Apple___healthy,T3,0.06534450539514136,0.08098284823919823
91c6a666-8d31-466f-b7cf-78c9268fba9c___RS_HL 7697.JPG,Apple___healthy,T2,0.022568180545444363,0.059823035935825275
f822b7fc-c28b-4fd8-8cde-037ed35c0b08___RS_HL 7847.JPG,Apple___healthy,T4,0.001382306477093207,0.21668585362965315
cd39b453-a3bf-4c8c-9a17-98d8a9cde2a0___RS_HL 5775.JPG,Apple___healthy,T2,0.47504421595371565,0.017526484041047206
3fdbd8fe-f026-4fef-b02d-b451fb60cb86___RS_HL 7353.JPG,Apple___healthy,T1,0.041105275176981045,0.0788423446762792
4aaa2349-eed7-48ed-a96c-02c313ee2d68___RS_HL 5911.JPG,Apple___healthy,T1,0.07228269201287751,0.2705465239182079
2b48ce1f-c273-4c10-a7b9-2528944097b4___RS_HL 7787.JPG,Apple___healthy,T4,0.021410069613080784,0.3724438052008008
77b48eb5-7237-460f-8751-cfb231c917a7___RS_HL 7687.JPG,Apple___healthy,T1,0.07844375905763443,0.34480925250501865
3a74b441-4ab0-412f-ae66-f28f4b1d9df2___RS_HL 5968.JPG,Apple___healthy,T2,0.10759888769082344,0.42753525485616467
7c2adcd0-fa59-4181-8abf-3840a445c786___RS_HL 7690.JPG,Apple___healthy,T3,0.022177039798185173,0.21311241988633603
83d1ec74-db00-407e-ac1e-3cbb77d381e7___RS_HL 8102.JPG,Apple___healthy,T1,0.003868865811443698,0.28987837489044377
c0ffd6a1-e3d2-4034-aa74-597bf3a257e9___RS_HL 7973.JPG,Apple___healthy,T3,0.004038095238095238,0.041270957007787795
36321868-bd15-45bc-94f7-b86603f7460d___RS_HL 5772.JPG,Apple___healthy,T4,0.6579975443687912,0.023357198212174114
e2af3daf-392f-4661-baf0-f4d4522a07f9___RS_HL 5652.JPG,Apple___healthy,T1,0.48851666378863756,0.018760304513730054
45b5782c-dd64-4513-954a-25a4c4c5fdef___RS_HL 7887.JPG,Apple___healthy,T2,0.02662683465385115,0.49683873252518485
b553a8a1-d101-4b38-aa0b-e76c89c10554___RS_HL 8010.JPG,Apple___healthy,T4,0.019536803485439118,0.10125738961398338
1a593b62-fe23-462c-bf68-50f53f357609___RS_HL 6322.JPG,Apple___healthy,T3,0.08427609909780896,0.07671534405246713
c1c192eb-1b3d-4fc5-b2c1-4eba9445536d___RS_HL 8061.JPG,Apple___healthy,T4,0.04116718570026876,0.13537901339097674
7b0dc46f-4bfd-4329-85a3-06db12434d3a___RS_HL 7603.JPG,Apple___healthy,T1,0.001322992700729927,0.2299084225890305
957b622a-4f30-459f-9dbb-97c3f4bde0d3___RS_HL 6150.JPG,Apple___healthy,T3,0.05788102475032566,0.12776753964893395
20828c75-15bc-4c31-a3ef-4ee3bfb7081b___RS_HL 8065.JPG,Apple___healthy,T3,0.0043436867785314765,0.29138926268718934
11dc8fb3-42f9-4d14-9e20-3252e18eb802___RS_HL 6278.JPG,Apple___healthy,T2,0.07161526398327235,0.3871829541777214
f4b6cf56-ec35-43f4-b5e4-eebf509c9580___RS_HL 5946.JPG,Apple___healthy,T1,0.10521129844536894,0.2780329228667192
826bd506-04f2-424d-89da-7fe6ad6926b2___RS_HL 5757.JPG,Apple___healthy,T1,0.7547052280311457,0.7078242328114204
482fa3b9-4ab6-46ff-b670-ff5ba0f37425___RS_HL 5937.JPG,Apple___healthy,T2,0.3133990410229089,0.2922119246899469
d5c866b2-7eb2-421a-a42a-906308cbffb2___RS_HL 6116.JPG,Apple___healthy,T2,0.0509470361276745,0.2232780566810431
86e79f38-1fcf-4581-945d-5a28ed6d6852___RS_HL 7391.JPG,Apple___healthy,T3,0.12681713848508033,0.03228378866125966
8536327d-1f21-4599-a587-c75b3ae576e4___RS_HL 5746.JPG,Apple___healthy,T4,0.4597352189535576,0.19126366591261257
fed54ef2-dab8-4f5f-9cdc-f6c76b9314fb___RS_HL 6118.JPG,Apple___healthy,T4,0.040838421895976786,0.36081407684552375
9c95370b-3dfa-4f1d-b9d6-def93d1cda1b___RS_HL 8044.JPG,Apple___healthy,T4,0.027448322602507624,0.5296195250218669
d93353b1-0471-4372-8c80-cc8dbd069d46___RS_HL 7592.JPG,Apple___healthy,T2,0.03400631626438078,0.15289537493295247
2a485bb5-c59f-4af0-837a-063b60e0c3c8___RS_HL 6025.JPG,Apple___healthy,T4,0.21272997488853584,0.16548098524435503
b8ed9a0b-1f7d-476e-907e-7c3c6936d325___RS_HL 5769.JPG,Apple___healthy,T1,0.609443606313751,0.11013922894950581
7671e6ca-f9a9-4657-a96a-1bcf0df3abe7___RS_HL 6231.JPG,Apple___healthy,T3,0.1410738255033557,0.21423765201084227
38c039b6-23f0-4fc2-a0df-e5ec3f523a09___RS_HL 5887.JPG,Apple___healthy,T3,0.7318625501055659,0.03636027928322052
55e3aeb1-2c97-4cdd-9b75-8ab8d94c8447___RS_HL 7778.JPG,Apple___healthy,T2,0.0102883865939205,0.028780839322357477
5adf1cdb-17bc-4871-ad87-ccdf715cfdb7___RS_HL 7309.JPG,Apple___healthy,T4,0.08253383315331342,0.3476118830653947
177ee310-d918-4756-ab59-f6f5a1b9e446___RS_HL 7740.JPG,Apple___healthy,T4,0.04388853196273691,0.3089862254158583
8c843c35-5dc9-47be-9ccf-1448ed30356c___RS_HL 5949.JPG,Apple___healthy,T3,0.14049905883488586,0.47811558822129635
c95d4ca9-d33d-4cd6-b0da-31f327e8a5d6___RS_HL 7911.JPG,Apple___healthy,T4,0.016228813559322035,0.573205520999491
8cbf5a96-37a0-47d4-a626-26f0bcd9f024___RS_HL 5922.JPG,Apple___healthy,T3,0.19279581933557297,0.2769301611974502
616a7bd4-b200-4057-9c03-3cdedae3992a___RS_HL 7614.JPG,Apple___healthy,T2,0.32824028350665196,0.04506073492945064
34881ed6-417b-41a6-9f03-1b9be5f09bb6___RS_HL 7463.JPG,Apple___healthy,T2,0.05761707172495554,0.041923156962073965
d3543a4b-c5df-44f9-99e2-199e814e61cc___RS_HL 7805.JPG,Apple___healthy,T1,0.030053552873471345,0.07789668988591486
0f5cb632-9b97-48ce-88d6-45bf321175ce___RS_HL 6088.JPG,Apple___healthy,T2,0.1387986474839223,0.20259242532528537
b31c759a-547a-46de-937f-56714107db63___RS_HL 5857.JPG,Apple___healthy,T1,0.6385845611383957,0.07755930126955259
d39e5813-55e2-40e1-a305-5d549efa46f4___RS_HL 8112.JPG,Apple___healthy,T3,0.056135487503790014,0.159300050078458
3b471f38-5b31-4f0c-83de-1ac26c92f63f___RS_HL 7408.JPG,Apple___healthy,T4,0.05793924209207642,0.027227519528041165
f749db98-b26d-40d0-af8e-af6740848dca___RS_HL 7895.JPG,Apple___healthy,T3,0.11945365853658536,0.3290300497006055
5823ffd3-bd23-4088-80f5-dd33ae876694___RS_HL 7765.JPG,Apple___healthy,T1,0.04022335326382369,0.06435580972126739
23484fef-f518-486c-8469-c33469e4ac11___RS_HL 6117.JPG,Apple___healthy,T4,0.014547031459433889,0.3187280130898112
1c45cf6f-2e2e-4091-9bc9-24463f9fcf90___RS_HL 5733.JPG,Apple___healthy,T2,0.11465205182854629,0.044340209280377144
2f2f3662-f870-4b42-b00a-cf098b974d85___RS_HL 8140.JPG,Apple___healthy,T3,0.09526505404014411,0.10734699827402436
c2bb2f86-2dc0-46cb-b6af-6fcfde123bec___RS_HL 7762.JPG,Apple___healthy,T3,0.0028482421005785494,0.5111315753053017
6695f23d-03f2-48ce-a3fe-b0fcd4f4972c___RS_HL 5884.JPG,Apple___healthy,T3,0.6883023576790002,0.2105496458380713
4ab5d6f0-6f9a-4af3-ab4d-6daf034edeff___RS_HL 7889.JPG,Apple___healthy,T3,0.06550922337622074,0.31136504014764277
e34850c1-041f-4674-ba19-b3c48956e986___RS_HL 6184.JPG,Apple___healthy,T4,0.2794560115537369,0.07356316661564241
5c320c7a-e164-43d0-adab-b966ff9e2c1a___RS_HL 8055.JPG,Apple___healthy,T4,0.005269658295594895,0.06024270487432564
079543ef-5ba8-46ad-95de-7c006c7e7f36___RS_HL 7570.JPG,Apple___healthy,T2,0.00358079950609662,0.5680606119891444
8c656b1d-5f20-4904-a20b-d0f7ef64e773___RS_HL 7526.JPG,Apple___healthy,T1,0.0026282590412111018,0.608747849956714
34edd324-8b91-417c-bb4c-3bf0dbe348d2___RS_HL 7698.JPG,Apple___healthy,T3,0.023387139736828086,0.0424049672790687
777d6fd1-feb3-4dac-afa7-79b507d48ffa___RS_HL 5859.JPG,Apple___healthy,T4,0.7274708565636088,0.18549116776015945
d6dd2845-b0ca-4a51-8d0f-db77c8f06e73___RS_HL 5748.JPG,Apple___healthy,T3,0.5046010832692992,0.4060803469556724
872f47c5-4779-4ebc-8102-ee38e695f0d3___RS_HL 7943.JPG,Apple___healthy,T2,0.03342676944639103,0.2709848439553437
857365c4-b60a-465e-8a86-101530c9e83d___RS_HL 5894.JPG,Apple___healthy,T2,0.10766212785598893,0.17809343752134388
74ac887b-9c88-44bc-8f94-a1da87ccb3ef___RS_HL 7715.JPG,Apple___healthy,T2,0.0024501737063448528,0.057645811449548896
e1ba14eb-adfc-4b8f-91ec-cb6fa892f501___RS_HL 7633.JPG,Apple___healthy,T2,0.07627729489082044,0.08630867822840857
6627c6e7-9d4f-41a7-9d86-ad04cfe2841a___RS_HL 7442.JPG,Apple___healthy,T2,0.04110315566162821,0.07776031793023251
0ebf06b5-7471-42d7-b8d6-5a53127f90f3___RS_HL 8163.JPG,Apple___healthy,T1,0.003525103528525959,0.30360795397851875
e439a002-e035-401e-a1aa-77f99fbd65ad___RS_HL 5880.JPG,Apple___healthy,T3,0.6497888660752335,0.4831954044492031
c9783552-aa6d-4288-ab36-a30887253bdd___RS_HL 7547.JPG,Apple___healthy,T4,0.019787295615685138,0.3273147857650626
deaf8b47-7a21-4cd2-97a6-8dc1fc644d00___RS_HL 5812.JPG,Apple___healthy,T2,0.5098186680036768,0.01902246455578961
eb1fe703-b96e-4440-9f6c-d75efcda5be0___RS_HL 7454.JPG,Apple___healthy,T4,0.052325891191985933,0.03703142401581415
f3f9c00a-94b1-43bf-aa9a-a712f0925aaa___RS_HL 6308.JPG,Apple___healthy,T3,0.055041675137223016,0.17474210500817525
a0548b7d-598a-4637-acfa-653b7bd3e8cd___RS_HL 7917.JPG,Apple___healthy,T2,0.01143827859569649,0.37864975789856586
02720439-ecbd-4c7a-9382-4c8156b6f15b___RS_HL 5918.JPG,Apple___healthy,T3,0.11487970577718752,0.23620695929937646
ab407e72-8e8a-4d0b-b6c7-515054c65caa___RS_HL 7869.JPG,Apple___healthy,T1,0.012395170951985992,0.19382874972354278
b2187f22-a9bf-47e1-8b92-b12af779833f___RS_HL 5944.JPG,Apple___healthy,T3,0.047677213444186135,0.20341707559267816
55b70cf6-c157-48bb-892c-24fa7c230a85___RS_HL 6203.JPG,Apple___healthy,T2,0.1396127641556642,0.3358455140704233
614e548e-9a13-428c-89bf-353a1880cf73___RS_HL 8190.JPG,Apple___healthy,T1,0.034775136064165,0.04259769915241356
c09a02e7-f47a-4dea-b648-eaad0d9f3df1___RS_HL 6037.JPG,Apple___healthy,T2,0.19021566761814146,0.09214412362435442
5ded9dac-20e0-4e68-a202-43c6723c335d___RS_HL 6186.JPG,Apple___healthy,T4,0.20438527799530148,0.13635722608906292
9d135274-b26e-4925-8215-13c928b56b81___RS_HL 7583.JPG,Apple___healthy,T4,0.02251808724688557,0.10587930625696608
67bb4b6e-c398-42db-a269-7aa2e06fee3f___RS_HL 7610.JPG,Apple___healthy,T1,0.0048716362511599135,0.32200854564169357
6fe99b1c-d402-4756-a21b-ff964b999adb___RS_HL 6253.JPG,Apple___healthy,T2,0.08965126882802428,0.20781813449549524
f37b30bb-fc44-488b-9184-bd6f73187803___RS_HL 7955.JPG,Apple___healthy,T2,0.002845149253731343,0.12550878946374855
8aef4eea-eb12-493c-b912-d7cd43144c8b___RS_HL 8052.JPG,Apple___healthy,T3,0.0012744698205546493,0.08550249962601954
55c7113c-3c1e-452c-a7bd-bb6fe007a20d___RS_HL 5724.JPG,Apple___healthy,T2,0.4845268283925406,0.1254085657474054
5d4206ed-09fa-42d5-a42d-2fc98cb4820d___RS_HL 6032.JPG,Apple___healthy,T2,0.0439965786378702,0.17763952254639032
647ab085-3f32-4ff1-9972-bef63cb4085e___RS_HL 7595.JPG,Apple___healthy,T4,0.0023594893822977796,0.04630324849041142
dd296b3c-b97a-4af0-b9f2-3085b1e8b35a___RS_HL 7503.JPG,Apple___healthy,T4,0.004169369035485963,0.17615381033434047
8e4e37b7-0ac8-44d3-90e7-001bf26aa5f3___RS_HL 7417.JPG,Apple___healthy,T3,0.04478594950603732,0.01723647273672107
8f4c3d68-2d5a-40c5-bca1-911002ff3324___RS_HL 7299.JPG,Apple___healthy,T4,0.018365877080665814,0.11430364288231769
a4c3d6d2-cc69-4d8e-acc9-0e648df959ef___RS_HL 7806.JPG,Apple___healthy,T3,0.0039812168231931405,0.48954106573449113
b49f9a95-3672-4f62-9767-51a0f9825267___RS_HL 6232.JPG,Apple___healthy,T2,0.07468541245922013,0.3935375204171083
6bf1bcc0-0e98-4f3c-901d-ab8552f04fdd___RS_HL 7899.JPG,Apple___healthy,T3,0.0015652368352401893,0.27470767729214807
ba74e810-929a-4107-b366-ade4fc3cc50e___RS_HL 7436.JPG,Apple___healthy,T2,0.03747366023122046,0.029698850458626413
e1049a9b-7eb2-423b-9a2f-299d24499732___RS_HL 7344.JPG,Apple___healthy,T3,0.22582496413199427,0.04243111492742027
cfb93659-94c6-4ff3-8104-bae70c975bde___RS_HL 5666.JPG,Apple___healthy,T3,0.7244123408423114,0.22035624636453904
d82119e5-4ee9-4523-9e08-e827d2df02cb___RS_HL 7355.JPG,Apple___healthy,T3,0.20863219349457882,0.2670864923579471
90f3d34a-1bed-4681-aed9-fcd39c74d573___RS_HL 5732.JPG,Apple___healthy,T4,0.509982817453595,0.02541398411835975
b122dc1b-a929-4b77-baa9-faf01744fd88___RS_HL 5657.JPG,Apple___healthy,T2,0.34364494089578135,0.05890499968014736
5e552830-5ccd-4f85-9f77-ed63db285890___RS_HL 5994.JPG,Apple___healthy,T1,0.10845211804858462,0.20483332614662564
3bfeaca2-de0b-4a2c-adc0-06adc87a1386___RS_HL 7425.JPG,Apple___healthy,T1,0.05850778314546431,0.18806945363670424
bd91bdc8-d23d-4414-94ab-485c2bc509b1___RS_HL 6313.JPG,Apple___healthy,T3,0.170752688172043,0.16876003910848325
09293103-81bd-45ef-b3ce-d163441d6b18___RS_HL 7337.JPG,Apple___healthy,T4,0.10645557526955098,0.0321729664215158
350182de-38b1-43bf-b189-1fec53a7f499___RS_HL 7867.JPG,Apple___healthy,T3,0.006278182448838016,0.4248177294645108
fc7a6626-26f1-4edd-9fa3-f4017354ef44___RS_HL 5903.JPG,Apple___healthy,T4,0.10245319357181196,0.29462980875067385
d826b07d-a57b-4331-a451-8bb1ea264861___RS_HL 7537.JPG,Apple___healthy,T1,0.03497715456121002,0.22856263557148734
3df0da99-6c5d-4520-b396-9616e81f8935___RS_HL 6031.JPG,Apple___healthy,T1,0.1393951612903226,0.4197060745779951
f6424729-cfe4-4f67-bd16-d4c5c84daaa0___RS_HL 6195.JPG,Apple___healthy,T3,0.20748696746359876,0.38010590934455807
d529f5df-f802-4cfe-9a4c-4739ba5dfbdf___RS_HL 7875.JPG,Apple___healthy,T4,0.0039051857233675415,0.028783004218189762
f43cffa7-756c-40c1-ad67-8924692019a1___RS_HL 6187.JPG,Apple___healthy,T4,0.09314976494291471,0.08934079096113959
b9ff58a5-fdd5-429a-a6ef-e20d0be450e2___RS_HL 6059.JPG,Apple___healthy,T1,0.03311034529360092,0.30695012975016644
8d45fcf9-d1c1-47b6-be37-6e3d2fde46e0___RS_HL 7261.JPG,Apple___healthy,T4,0.008487102465074142,0.5015934636670382
7804bbbb-77aa-4556-ba93-a47fed2eb008___RS_HL 6159.JPG,Apple___healthy,T3,0.06173053580717878,0.5082586343040728
5192db55-4aa7-421c-92d4-c2dac79e7379___RS_HL 6273.JPG,Apple___healthy,T4,0.3025154365753595,0.25517799537912844
3c1fd0db-4090-485a-9d59-4293714b482c___RS_HL 7581.JPG,Apple___healthy,T1,0.007487775061124694,0.24681744934761377
0ce497e6-8184-4ef6-9a9f-c46b66c898c3___RS_HL 6036.JPG,Apple___healthy,T2,0.10628042378543476,0.20849730482601003
0d3fa72f-0441-45e8-b30f-a83904f48f99___RS_HL 6261.JPG,Apple___healthy,T1,0.05782557531380753,0.2152006920398908
99997741-0ae6-4f14-a8e9-43b61a86ecc5___RS_HL 6294.JPG,Apple___healthy,T3,0.19065894750536655,0.08507477235572407
84bfff51-9aa5-4e6f-8798-5c5b14baa7a6___RS_HL 7549.JPG,Apple___healthy,T4,0.011567147514626413,0.0997940254754927
88b24a9d-7b04-4b83-815b-52a9f5949bbd___RS_HL 8083.JPG,Apple___healthy,T1,0.06220358248735938,0.23153226008639646
7e582ef9-de24-4f2d-bfd7-a9c79dd4fb1f___RS_HL 5881.JPG,Apple___healthy,T1,0.5964254594824616,0.2863674280165704
a09b0571-6876-487c-bf88-bb378dd4f0cc___RS_HL 8057.JPG,Apple___healthy,T1,0.09456601917875584,0.3256431886732506
db85b64d-0f2a-41ad-9ac2-f912283d8e4b___RS_HL 7863.JPG,Apple___healthy,T4,0.007238579673285729,0.06664570815199719
c9e911e2-cba6-4a08-b2a5-1c0e1bca68da___RS_HL 5821.JPG,Apple___healthy,T1,0.8315504048733378,0.7764957647702335
23a80c76-8642-4e07-b157-b73eff76c44e___RS_HL 5906.JPG,Apple___healthy,T3,0.09251804996485848,0.24426203241695757
a58444b0-ca47-491a-8ddb-c9ae42c26747___RS_HL 6060.JPG,Apple___healthy,T4,0.03383294239255755,0.16008774802425782
a30edbd9-7605-47ca-9841-dce943c3e12a___RS_HL 7523.JPG,Apple___healthy,T4,0.0031704223978148475,0.23409224216034452
09ad370f-ca6e-48fc-9b4b-990b0d9f6cd3___RS_HL 8135.JPG,Apple___healthy,T1,0.013637256828453527,0.47160228899972967
375f1e44-235c-4ef0-a156-077b71abeed3___RS_HL 8162.JPG,Apple___healthy,T2,0.004207688222558111,0.20922344430643075
801b694b-8412-4e4d-96f7-98b42e3fe214___RS_HL 7494.JPG,Apple___healthy,T1,0.00978698906160046,0.08951441168172318
167f191e-491b-471a-8dc7-ba76315fef0a___RS_HL 7279.JPG,Apple___healthy,T2,0.07267770805472688,0.2534308808312485
fdbfa6f7-f887-442d-8df1-1f0cf839fc4d___RS_HL 6274.JPG,Apple___healthy,T1,0.22240716522014822,0.5105466996829499
5fbda72a-a8f7-4ac9-a1d9-6c8d2e316297___RS_HL 7747.JPG,Apple___healthy,T4,0.006832140131555039,0.2528366978527649
8c6b7e3f-0a34-4370-9477-110614bd7a8f___RS_HL 7281.JPG,Apple___healthy,T4,0.037296770338689895,0.13568490168216635
44f96d95-150b-499d-8fb7-a95ed4df85c6___RS_HL 8152.JPG,Apple___healthy,T3,0.021910320548452843,0.2876248109813726
45c79d4a-ac12-4bf8-a4d6-f59898aa4570___RS_HL 6317.JPG,Apple___healthy,T2,0.1817731550272412,0.1927919782392992
4b2e833c-9618-4733-90b1-71877f87a6f6___RS_HL 7361.JPG,Apple___healthy,T3,0.11308666858623669,0.06345438260054094
d830e2b3-a724-448b-978b-2529bcdb35bf___RS_HL 6087.JPG,Apple___healthy,T3,0.037034307403176474,0.38487740868624043
e7f0bd90-56b8-4d09-a406-9c4786eaca3a___RS_HL 7738.JPG,Apple___healthy,T1,0.011367803447011368,0.2889306589497403
f9368405-e343-4423-8288-9b7112352b16___RS_HL 5833.JPG,Apple___healthy,T3,0.7133226860793345,0.19156895742959482
6aa4217e-6d45-4a3b-8804-99fe82bd8925___RS_HL 7627.JPG,Apple___healthy,T4,0.0036272714466826315,0.3141423736726601
4cd37f4e-557b-4317-8772-21abd1efec65___RS_HL 7420.JPG,Apple___healthy,T3,0.017164926333857817,0.025995119613610833
c3740e2e-9676-4468-a33b-3e11de158532___RS_HL 5872.JPG,Apple___healthy,T1,0.6702441154000073,0.739361185975028
dbe7017a-b866-4c93-8ee5-8b2526929328___RS_HL 7992.JPG,Apple___healthy,T2,0.009623430962343096,0.30214347684792303
3ecfd9ce-30c4-4453-9d90-75854c7f82b7___RS_HL 5950.JPG,Apple___healthy,T1,0.07128226136829169,0.22259379918788047
36ab2af7-aff6-4578-99ef-4cf5b6527a9c___RS_HL 7689.JPG,Apple___healthy,T2,0.019924397542920146,0.4179759142393758
76367d84-6702-4ef7-84f1-fe308315d04d___RS_HL 5967.JPG,Apple___healthy,T4,0.09747796491840474,0.27230504463808497
1141dcab-cf2a-40e4-8b19-a33aa318f875___RS_HL 5689.JPG,Apple___healthy,T1,0.5132180623035153,0.013939992813553626
726e185f-50c5-47f4-98cd-f1fd333f717b___RS_HL 5862.JPG,Apple___healthy,T1,0.6834890965732088,0.013079460137803287
d9cf36cf-9ce1-4846-927e-17287008563e___RS_HL 7335.JPG,Apple___healthy,T2,0.24478618074573416,0.024229600532231433
8cc94307-16b9-4e2c-a786-5ba504d244c3___RS_HL 7799.JPG,Apple___healthy,T1,0.06209434593509535,0.07451195417134432
13227870-bd81-48a1-97a0-8c5bcecef8f7___RS_HL 7452.JPG,Apple___healthy,T3,0.04464993394980185,0.034012841744046
a359d235-43af-469c-a14b-3a6677c0bb2e___RS_HL 8118.JPG,Apple___healthy,T1,0.015865052988022824,0.05734470725161801
c936479f-544d-482a-a3d2-19b8bf69bf8d___RS_HL 7898.JPG,Apple___healthy,T1,0.0004715868898844612,0.6225621289411326
15bacfc9-1875-48b3-9b91-8b60f030d7ca___RS_HL 7240.JPG,Apple___healthy,T3,0.033154909323320284,0.3734734719649479
b1e778d9-67ab-4480-ad8c-99608cbad53e___RS_HL 5976.JPG,Apple___healthy,T1,0.16630980260956843,0.4302719283543795
1ab74120-9cfd-47dd-9a80-ee37f2328be6___RS_HL 7667.JPG,Apple___healthy,T2,0.05221731618352851,0.21527239157634095
39be15a0-4c7f-4a8e-9938-829bec85fd1c___RS_HL 6209.JPG,Apple___healthy,T2,0.17493434490808288,0.5348897437044279
129abcae-51bd-43d9-9f30-c4e07523186a___RS_HL 7769.JPG,Apple___healthy,T3,0.007986976649539604,0.08198966487718197
2331c0e7-475e-4304-8f4e-d98f80778a08___RS_HL 8043.JPG,Apple___healthy,T1,0.07445099089448312,0.20649300707113838
2076cebe-cecb-463f-9a0a-a20c4e53e5f3___RS_HL 5900.JPG,Apple___healthy,T2,0.063924565111364,0.23621789583011552
ac9eef55-7ba7-4663-913a-6c68fc5b3376___RS_HL 5696.JPG,Apple___healthy,T2,0.6232269219685569,0.045832245201597496
0a285c8b-1c31-48d4-89f2-af8b9edc36f6___RS_HL 5759.JPG,Apple___healthy,T1,0.5910851015366285,0.7507880722853811
36c00bef-25c2-48ae-9505-41827bcd83d8___RS_HL 6085.JPG,Apple___healthy,T2,0.09455685380450271,0.15699384745341338
c35175e9-8421-4af6-a6dd-fc8163d7ba73___RS_HL 7876.JPG,Apple___healthy,T4,0.00727594179246566,0.04802320421337234
14bb032e-5462-40e4-9056-0e9c3eb47946___RS_HL 7301.JPG,Apple___healthy,T1,0.0,0.3712787612524577
bae0be56-db99-469e-909a-6035f9b85443___RS_HL 6003.JPG,Apple___healthy,T2,0.06495191827770938,0.4399984206788337
24cddc8a-d7e6-4ebf-9771-b3844913f02e___RS_HL 5966.JPG,Apple___healthy,T3,0.11591932641472488,0.33052827150688985
1f2ffb52-a697-43fc-a0d0-609d30e33bfe___RS_HL 6010.JPG,Apple___healthy,T2,0.04445617043730624,0.5477170173152036
f2904228-2cc6-4c6c-a2b5-6951a6f3535e___RS_HL 6254.JPG,Apple___healthy,T1,0.16996019334660223,0.25872395988150065
386af887-8be7-4b99-9ef1-ee0eb5ba7d87___RS_HL 6030.JPG,Apple___healthy,T1,0.045928326765128355,0.19950993611864792
33426aa7-70c4-4cf0-b275-1a4c3e782a92___RS_HL 7600.JPG,Apple___healthy,T1,0.0071332764297036945,0.23064584206255645
f1d26177-d15c-43ee-80e5-6246edc6556c___RS_HL 7713.JPG,Apple___healthy,T4,0.014514532859289667,0.067425007743217
c2aa2c88-d07b-4df4-80c7-1ba703254844___RS_HL 5727.JPG,Apple___healthy,T3,0.5611848961220373,0.07907108438615038
1b7e4b68-0062-410d-a57f-48177145dfb6___RS_HL 7734.JPG,Apple___healthy,T4,0.007833859095688749,0.060127092865580135
f38f938c-4c62-49f0-b271-d0616057e84e___RS_HL 7843.JPG,Apple___healthy,T2,0.027374994653321355,0.12426416551843912
1598eb2e-21c6-4fda-9080-945551c7f2ee___RS_HL 7501.JPG,Apple___healthy,T3,0.006160414760597743,0.16492872909880216
2345cf40-76a9-4bb3-9e7c-8d185dd41905___RS_HL 8123.JPG,Apple___healthy,T3,0.0019840644978427234,0.3941180509696274
288e87b5-654d-434e-a5bc-3f8adaff8cc5___RS_HL 5714.JPG,Apple___healthy,T3,0.5674456374627809,0.2961133213126861
698bc8a2-cead-4946-8d9a-abe38760d1fb___RS_HL 5855.JPG,Apple___healthy,T2,0.5629643437275318,0.2126655975932865
ca1cb6e7-c72f-4c06-b7c8-b370b48a74c6___RS_HL 5691.JPG,Apple___healthy,T4,0.5887935257933988,0.3794253917290522
1c2b0674-384b-4cad-8704-80781a89d78a___RS_HL 5848.JPG,Apple___healthy,T4,0.503669661842376,0.06745095128661202
2fbd9205-be67-4f43-be2a-93a8def382a6___RS_HL 7680.JPG,Apple___healthy,T4,0.0520609647514796,0.2754523153387359
f0033a40-7a27-46e8-bf31-5af5cd0a9691___RS_HL 7941.JPG,Apple___healthy,T1,0.0025928033896161387,0.28780506148402135
7f7a6126-8b21-49fd-8880-25ffd0234302___RS_HL 6027.JPG,Apple___healthy,T2,0.03214558654948414,0.10226493374246394
a0ebd8aa-d4d7-459e-8ecf-72f6854436aa___RS_HL 6238.JPG,Apple___healthy,T3,0.062102117708198,0.2122455985069861
603b96cc-3237-4ddf-97b9-11ddbf4840f0___RS_HL 7598.JPG,Apple___healthy,T1,0.004180432877081788,0.12403213060372192
198ed991-931b-444a-986d-a3facdb8255b___RS_HL 8105.JPG,Apple___healthy,T4,0.039329190431599555,0.08186193495424934
d57beb14-b60a-431f-8a41-17a342cba57a___RS_HL 5737.JPG,Apple___healthy,T3,0.4203695009803651,0.05038811072214561
076255ae-2574-415a-b9db-feb739266656___RS_HL 7540.JPG,Apple___healthy,T1,0.06060127415363555,0.06489086995049387
57ef10ab-f1fe-4b14-ad46-91b4255f2e49___RS_HL 5796.JPG,Apple___healthy,T1,0.43031784841075793,0.021679232625763857
d05d3b29-86dc-411c-a7c2-ca2f9a784e02___RS_HL 8138.JPG,Apple___healthy,T1,0.008966400630604,0.35265411604363317
0055dd26-23a7-4415-ac61-e0b44ebfaf80___RS_HL 5672.JPG,Apple___healthy,T2,0.5815826032718097,0.10274067475419581
036e9351-118e-4795-9f80-74c369b98c88___RS_HL 7513.JPG,Apple___healthy,T4,0.017741575541173844,0.048311118441845484
bf73cd4a-c19c-457c-827b-144d15f88b37___RS_HL 7830.JPG,Apple___healthy,T3,0.011272141706924315,0.12796963982928314
11636fd2-75f3-40e5-99c4-777589bfc392___RS_HL 8203.JPG,Apple___healthy,T4,0.07262090235604592,0.4523121283291128
0756094c-e815-4897-8b74-5ec4e4cc59b6___RS_HL 7956.JPG,Apple___healthy,T2,0.032900757008568336,0.13981329911517756
7be4cfca-8984-4624-ac7e-94d19aa2e5fe___RS_HL 7656.JPG,Apple___healthy,T3,0.014310376158459022,0.1185910024674314
e3bbf9e4-4af5-4137-b996-440c5de827dd___RS_HL 5780.JPG,Apple___healthy,T1,0.577228801186531,0.09135912477614591
9284bd52-df45-4fc3-aaa6-4323666b41c4___RS_HL 7348.JPG,Apple___healthy,T4,0.3427302393038434,0.0567433410844051
d96d3f24-2fb9-4650-8cd4-c58e1a42f18f___RS_HL 8176.JPG,Apple___healthy,T3,0.07164892461438192,0.12436268818614528
d1b50c46-7da6-4940-89e2-800d8c56c228___RS_HL 7594.JPG,Apple___healthy,T1,5.393743257820928e-05,0.09029154760668229
fa6db5ca-4c60-4ab4-8c23-b6bb852eafbe___RS_HL 7809.JPG,Apple___healthy,T3,0.0032581780268473868,0.1104629124811727
017fd21b-142f-4988-849a-5fd316ea9a1b___RS_HL 6279.JPG,Apple___healthy,T4,0.053521917663987645,0.126757534338249
0bff693d-bab0-4438-9dac-e4503e5e83bb___RS_HL 5741.JPG,Apple___healthy,T4,0.6079057059093357,0.6201966266507842
449205c0-c994-4e4f-9ea4-ef7fa45f2151___RS_HL 7730.JPG,Apple___healthy,T4,0.02067256238382245,0.17322438626762154
1f2d1c4b-78cd-418a-b0c3-2565b530fe5b___RS_HL 7572.JPG,Apple___healthy,T3,0.01214564822419672,0.3997425422020799
0da48999-25da-4373-8277-3718a8203d0a___RS_HL 8012.JPG,Apple___healthy,T1,0.00725262313111197,0.2622422713373086
c5f61d94-be12-4995-99e0-551384b7df17___RS_HL 7860.JPG,Apple___healthy,T2,0.010897734068708885,0.04239488134363058
cbd14a0d-dbbd-42b7-a28e-4ad56133b425___RS_HL 7491.JPG,Apple___healthy,T3,0.07334942251335977,0.03483607686577468
ae67e27b-7937-4094-9263-580fcff3718d___RS_HL 7663.JPG,Apple___healthy,T2,0.01829180469537664,0.1757168662675858
f665c2bb-bdd4-4b6e-bb2d-6e6d017c8764___RS_HL 7679.JPG,Apple___healthy,T3,0.04110356417617814,0.0531479354874557
f33146e2-5f03-4bb7-ace6-0ebdf535d6e7___RS_HL 6214.JPG,Apple___healthy,T4,0.023796463182091266,0.4107959843221287
33c721c9-aa91-4173-8695-916b61852017___RS_HL 7816.JPG,Apple___healthy,T2,0.03342971643078172,0.1763003057860338
77ce37f4-d184-4798-87e9-57f7ca0d9536___RS_HL 6017.JPG,Apple___healthy,T4,0.05776151631477927,0.26895277138379475
c870969d-cf55-467f-85fe-f9752cb76ec6___RS_HL 6323.JPG,Apple___healthy,T2,0.08200343726982569,0.02830290990704247
7236c207-e185-4e16-ad82-77b1dde69e23___RS_HL 6173.JPG,Apple___healthy,T2,0.07527063599458728,0.13263512603064115
72e2d888-0fd6-4bd0-be79-82715f062290___RS_HL 7621.JPG,Apple___healthy,T1,0.011719745222929937,0.34695974497238125
95e92b80-49d6-4589-95ad-be379775d193___RS_HL 7451.JPG,Apple___healthy,T2,0.01313098257383621,0.31258913499956514
f109ab3b-0e85-47e6-9c7b-fe1b7a52a530___RS_HL 7975.JPG,Apple___healthy,T3,0.01567959096719216,0.0536233320527638
435d4aff-f96c-415a-91a4-07e21179a3d0___RS_HL 8159.JPG,Apple___healthy,T3,0.004215568862275449,0.19888731911869517
fda25357-1076-4707-83e7-d409448a11a8___RS_HL 6221.JPG,Apple___healthy,T3,0.09020732998599583,0.4728775814630361
8a6cad28-0c10-47aa-af0e-fd82de61ba70___RS_HL 6246.JPG,Apple___healthy,T4,0.09330603889457523,0.22682168630041716
1cb890ab-c267-467f-abbc-be9023cb55ff___RS_HL 5667.JPG,Apple___healthy,T2,0.6058169454144459,0.038444025528709014
f7b08c73-ec97-42c3-a013-5c4aec725f6f___RS_HL 5923.JPG,Apple___healthy,T4,0.1727463206523111,0.33738938982641975
90fd9659-9d97-4428-bc35-c84def0ba3ba___RS_HL 7981.JPG,Apple___healthy,T1,0.016102768228695497,0.11027372767824607
abc9f5f6-ea98-46c0-8df7-2986969318bf___RS_HL 5928.JPG,Apple___healthy,T3,0.06451072947005457,0.25222052018967206
7873b55d-17cc-4d91-8914-e2473d18b766___RS_HL 8067.JPG,Apple___healthy,T1,0.02577166600712307,0.20783668514690962
741841f6-e95c-4206-ac05-c5cb98c7e7cd___RS_HL 5908.JPG,Apple___healthy,T4,0.12150226116449972,0.13855676553034127
d88aa4e9-2d7d-4bd6-9a1d-e2f5a77507ff___RS_HL 7673.JPG,Apple___healthy,T4,0.038055208451664206,0.044705462913214325
d6daf7ae-43ab-4a27-a881-8b716d6c55a1___RS_HL 5845.JPG,Apple___healthy,T3,0.594436832523133,0.7853981633974483
4d3a7082-8a74-4cbe-8c75-eb9ffd47490b___RS_HL 7792.JPG,Apple___healthy,T1,0.001065098841172461,0.09599950588403032
56ca7e9b-3db1-4130-ab97-8627eb1a3850___RS_HL 7593.JPG,Apple___healthy,T3,0.014435349000968224,0.2636944413267459
1fd5cde9-dc78-4b8d-a82c-ab9a29880894___RS_HL 7918.JPG,Apple___healthy,T2,0.0009388831761076586,0.17697161747178447
afc70f71-aaa3-4de5-9fe4-1e951fda71cc___RS_HL 6211.JPG,Apple___healthy,T2,0.016702070057061934,0.2463384820198473
56bc065a-e27d-4ec9-a15b-63188f6ddf66___RS_HL 7933.JPG,Apple___healthy,T4,0.003042658066086533,0.23342346494005575
ab3bb73a-9828-4951-89c1-44a47e980ca2___RS_HL 7695.JPG,Apple___healthy,T1,0.03152178914914178,0.16681561772237202
c6d3d356-50ed-4d65-8d29-e1b1b9f8f478___RS_HL 7347.JPG,Apple___healthy,T1,0.1858712715855573,0.0764766513747855
e703a7bf-2f28-4577-9463-e67397c1b673___RS_HL 8100.JPG,Apple___healthy,T1,0.026189424068345853,0.34453224027231383
46c590f0-7e60-4ccd-af4e-45f911abf66a___RS_HL 6152.JPG,Apple___healthy,T4,0.11529411764705882,0.09175235997191705
176a0917-16d8-43c6-8698-1ae095282e66___RS_HL 7903.JPG,Apple___healthy,T1,0.00938891915275419,0.32322678888757034
e30a5d07-5f6a-459a-a92d-52f86824bd2a___RS_HL 7896.JPG,Apple___healthy,T3,0.12056760409292747,0.3634241053663371
62acb368-c1b6-496c-910d-64cd4b8c5941___RS_HL 7964.JPG,Apple___healthy,T4,0.027830938402153817,0.18593784490086107
bda31474-87d3-4256-ace8-00d20ef05139___RS_HL 7443.JPG,Apple___healthy,T3,0.19933949801849404,0.05136760670324405
8c678916-c5d8-445d-9283-88c90c529edc___RS_HL 5740.JPG,Apple___healthy,T3,0.4934148352200752,0.24345521827143488
0d776b17-9724-44b9-9186-c89fd17bcf16___RS_HL 8073.JPG,Apple___healthy,T4,0.010254449388209122,0.33854915513011724
686a65da-b541-4b08-94bf-631cf6d27449___RS_HL 7584.JPG,Apple___healthy,T1,0.03577072259732797,0.20289669774270722
3abb0d3f-f131-4025-af6d-68bd6f4d253e___RS_HL 8110.JPG,Apple___healthy,T4,0.012535486487482948,0.30214070757800104
89ce10db-057c-4c03-9324-b512db8ca3d6___RS_HL 5797.JPG,Apple___healthy,T2,0.5987728763355549,0.17374016073266085
17e328e5-37ef-4f34-b610-092fdfbbb314___RS_HL 5915.JPG,Apple___healthy,T4,0.032236601350677005,0.4541723334094784
28c298e3-0846-4372-a9ab-562f2ce7cf9d___RS_HL 5846.JPG,Apple___healthy,T3,0.4727456886211584,0.10061062269418107
d99bef24-fac5-4739-8e4e-02465dba4fa8___RS_HL 5686.JPG,Apple___healthy,T3,0.9016464354267485,0.04647352450026352
a8d012ca-b1ac-45b6-b8fa-44257fd4605f___RS_HL 5824.JPG,Apple___healthy,T4,0.38184971098265896,0.024052936122118566
8bc978ac-e3b2-4466-a180-731dcbb71a59___RS_HL 8167.JPG,Apple___healthy,T4,0.004078566062037136,0.3358799647805855
d509b6e5-a4b7-49c8-ac55-c06c8dab3005___RS_HL 7626.JPG,Apple___healthy,T4,0.047058823529411764,0.26933150773908515
8acb2f43-d1ff-4a60-8462-04e578be3be2___RS_HL 7753.JPG,Apple___healthy,T4,0.017068240880361896,0.2768816852923491
1c116208-4ef8-4b42-ba20-92c3b9ca957c___RS_HL 5885.JPG,Apple___healthy,T2,0.49824922760041196,0.09424129895753966
55e7b07d-f05f-403a-ab00-e8102cb0341c___RS_HL 7410.JPG,Apple___healthy,T1,0.0798461359132766,0.14316457269147934
df6bce5a-1d1b-49f6-a9cb-8f262701b335___RS_HL 8164.JPG,Apple___healthy,T3,0.02240432394734548,0.14168984083602074
923ac4fd-39d5-4387-9636-ddfed02bc62e___RS_HL 8039.JPG,Apple___healthy,T1,0.08167212139244273,0.15895908752343987
daf045c7-3756-4753-922e-8f36a84a3422___RS_HL 5719.JPG,Apple___healthy,T4,0.21355787905392823,0.12941749630652438
5b0eb6d3-92f9-4332-8228-6c587810f9c6___RS_HL 7949.JPG,Apple___healthy,T2,0.03327348892878516,0.4063244829066402
cc804c2c-87af-4c9f-b347-344701081271___RS_HL 7275.JPG,Apple___healthy,T4,0.0030732772984781724,0.606264477007882
bd61a0a7-939f-43ba-bb02-168ceb97a32a___RS_HL 5902.JPG,Apple___healthy,T2,0.11928779776373359,0.352357465680033
75ab3bb8-40ec-4292-9c61-deaa6fcf71f0___RS_HL 8054.JPG,Apple___healthy,T4,0.04056560992703137,0.08058770845245654
38292be8-d182-458a-adcd-343435c343ec___RS_HL 5801.JPG,Apple___healthy,T2,0.4891872519711194,0.34317557110952795
5d738917-48c8-4a27-90e9-0a4eac076fbc___RS_HL 5999.JPG,Apple___healthy,T1,0.05762885424963022,0.036464166965788324
bf26ad48-1ebb-4186-a52c-e249dc19317e___RS_HL 8195.JPG,Apple___healthy,T3,0.0068499577742328985,0.3824300831793849
80b2c0f7-a3fe-40d9-904d-0d78ac00e35f___RS_HL 7883.JPG,Apple___healthy,T2,0.00029212006134521286,0.19791691693268412
d9de1954-e451-48e5-ad8b-5aeca90fe7ea___RS_HL 6034.JPG,Apple___healthy,T3,0.12845924722447874,0.12052290432129897
ede0990f-ed5b-492b-9ecf-2f57027f2cd1___RS_HL 6319.JPG,Apple___healthy,T1,0.1386227058632451,0.3830921333297134
d87f5af4-6d78-40a7-838c-c5016a07a111___RS_HL 5676.JPG,Apple___healthy,T2,0.7219208727896785,0.05942850044808256
3adc3359-b27d-4eea-bffc-7422a9a15536___RS_HL 5755.JPG,Apple___healthy,T1,0.7551975987993997,0.40744569707440254
c5415525-b654-4f0d-8aaf-c529db6c630f___RS_HL 8115.JPG,Apple___healthy,T2,0.03120551002347147,0.08740330541361721
cc97a80b-968e-46ba-a7ad-afd3d0ffb21f___RS_HL 6048.JPG,Apple___healthy,T3,0.0659601051225712,0.4730571292568634
5a2ee566-426a-4422-b8e7-14e2e3190846___RS_HL 7486.JPG,Apple___healthy,T3,0.000762605418984389,0.2687141557548038
7a56c531-cfa6-43c7-8241-dddf921f39d4___RS_HL 6240.JPG,Apple___healthy,T4,0.2878487218396171,0.19065480442229343
c928c4dd-fae7-4650-88e3-8b8cd738243e___RS_HL 7579.JPG,Apple___healthy,T1,0.0033086941217881027,0.30631047868193795
be76ffa1-32a2-4d45-a5b4-740f0eb73156___RS_HL 5974.JPG,Apple___healthy,T3,0.04366868478680922,0.5239393401485412
95884f1c-6886-41a1-9ce3-cffa1dcaf8e5___RS_HL 6051.JPG,Apple___healthy,T3,0.02064100598067781,0.44428806697581397
d8da7e4d-9520-4a25-8f29-4ff677e7c214___RS_HL 7763.JPG,Apple___healthy,T3,0.008241758241758242,0.3681060680234391
4f9b8500-4510-4d79-bcbf-d9b680cd8fe8___RS_HL 6304.JPG,Apple___healthy,T1,0.05526486651644197,0.1405685726448303
b687a4b9-a56c-4d15-b1a4-0e0ce647f7d3___RS_HL 7935.JPG,Apple___healthy,T1,0.06364922206506365,0.36310287198408897
a7fde017-ef6b-44c7-9b1e-825ed048fcce___RS_HL 6049.JPG,Apple___healthy,T2,0.14788707697702963,0.17544762236711955
189c5270-4ba6-4c14-bfb2-3a7dd4d3e7aa___RS_HL 5984.JPG,Apple___healthy,T4,0.023976786805131337,0.04251357986664019
d43caafc-79b9-43fb-ad92-d72d56a98494___RS_HL 7398.JPG,Apple___healthy,T2,0.13819672131147542,0.03440122444217777
a2b40acc-cec7-4c42-a1d4-199b85f7e4a1___RS_HL 7675.JPG,Apple___healthy,T2,0.0014065404129200783,0.03618682381309689
9d98700c-5613-4156-95db-e09fbb00cb04___RS_HL 8007.JPG,Apple___healthy,T3,0.007175447490543228,0.2148459166386275
f18afd6d-b745-4c09-b615-b1b6200bcd89___RS_HL 7683.JPG,Apple___healthy,T3,0.0010800196367206677,0.060288166645610285
2d6efa59-1d5a-4f92-8879-2fdfa163d404___RS_HL 6157.JPG,Apple___healthy,T1,0.11860333616058807,0.3566606258623191
02d0257a-d21a-43a4-9348-472043df801e___RS_HL 6065.JPG,Apple___healthy,T1,0.1445480631276901,0.24015987630705693
49cc68a3-a1df-47c2-99d5-c2cb3a4c0227___RS_HL 7854.JPG,Apple___healthy,T4,0.020351908852850646,0.261961518969795
fe89ea86-5245-49a9-9f61-fae47ecc51e9___RS_HL 8116.JPG,Apple___healthy,T1,0.012767725607222453,0.09563488410900857
bed5806d-7325-4a3f-9515-e357432636f1___RS_HL 6301.JPG,Apple___healthy,T1,0.12929691226508094,0.16397354360332164
d454a4da-a867-45f8-962e-465946df58c9___RS_HL 5876.JPG,Apple___healthy,T4,0.6487900008864462,0.7356527103331427
e29afa6a-10d2-4d5c-a31c-b06fdf1bbadd___RS_HL 7691.JPG,Apple___healthy,T2,0.04854296758846268,0.4600147384225692
d163d7d1-4557-443d-8584-dab6934f858f___RS_HL 7545.JPG,Apple___healthy,T1,0.014740473576917046,0.09239818531664358
f4a37893-7443-478a-a9af-ba75e1f32767___RS_HL 5653.JPG,Apple___healthy,T4,0.5133751599712832,0.04183716596718841
2551a3b8-b5dd-4716-88e6-517a012a44f1___RS_HL 7551.JPG,Apple___healthy,T2,0.05955060069937333,0.11822039400114887
00907d8b-6ae6-4306-bfd7-d54471981a86___RS_HL 5709.JPG,Apple___healthy,T4,0.5242607376458007,0.046994342121320844
0e8c4b90-36d4-4b8c-a134-88c344e97ac2___RS_HL 5721.JPG,Apple___healthy,T1,0.4388978219558544,0.08460817194121235
253bd68f-d969-4fa8-9373-6c49ba5fb274___RS_HL 7439.JPG,Apple___healthy,T2,0.016992292525542213,0.18167424100830734
9aa3bace-83a4-4572-a2b2-cc12dcb4cafa___RS_HL 5742.JPG,Apple___healthy,T3,0.531918480895277,0.7092129337588643
8201f21f-cd54-4ff6-9fc7-f3e97b0a8b42___RS_HL 8077.JPG,Apple___healthy,T2,0.003615415176797775,0.4372781325700378
da3ef282-bae6-465c-9ffb-a393c4c38f1d___RS_HL 7528.JPG,Apple___healthy,T3,0.003478948408776438,0.2822115003652692
d2ccc66e-eedd-4a68-8b8b-d4b8018f6a56___RS_HL 5792.JPG,Apple___healthy,T4,0.324997284674704,0.05292289073374049
98834a65-1043-4c21-b06e-5f625274b0c4___RS_HL 6267.JPG,Apple___healthy,T2,0.03536433279885979,0.35384925387305355
62e8755e-c7c8-4eb9-b937-4dd4f1e14723___RS_HL 7339.JPG,Apple___healthy,T1,0.2707385273315423,0.09849531082335955
71b2b307-ddd7-48bf-b904-4d1101c9fc4b___RS_HL 7755.JPG,Apple___healthy,T2,0.01007006680788659,0.23454579180276702
a6cfd8cf-37d2-42ea-9946-daf4fc794e3e___RS_HL 7853.JPG,Apple___healthy,T4,0.0066094853683148335,0.34700097931258295
09074cd1-a3f0-4d64-97d9-16919451bd58___RS_HL 6258.JPG,Apple___healthy,T2,0.13261845215663434,0.3370670529798748
3c469e15-452e-4332-9f4b-93104f32d5e9___RS_HL 7954.JPG,Apple___healthy,T4,0.013597575564239572,0.21660990927303517
6d92d301-d0e2-4c46-8715-afa326a6d5d9___RS_HL 8193.JPG,Apple___healthy,T1,0.02367982212340189,0.4309425556193875
20a6a1df-7c88-4c01-bfe0-2110c1eb0324___RS_HL 8133.JPG,Apple___healthy,T3,0.0018291567587342234,0.20928647214021945
3d0032d5-ac37-4dbe-8c2c-ef567472578b___RS_HL 7750.JPG,Apple___healthy,T2,0.0002245374528471349,0.43151777096401334
0ec3bd54-80a1-4dcd-9411-bcfafd147272___RS_HL 7534.JPG,Apple___healthy,T1,0.0031647000316470004,0.1956182903405374
c338ab5c-055e-4159-949f-9797c7314963___RS_HL 5989.JPG,Apple___healthy,T3,0.04293077575520324,0.04439294466266436
0a553fc0-fc2c-4598-baba-3bc10191447c___RS_HL 5969.JPG,Apple___healthy,T4,0.1471777369388291,0.41170578631064186
1b22388a-cf05-4795-892f-a5b6f35304d5___RS_HL 8141.JPG,Apple___healthy,T4,0.03939153701318006,0.17879250464828972
eed4b520-3e7c-4a4f-8e7a-26cd9a893a32___RS_HL 5661.JPG,Apple___healthy,T4,0.3574964639321075,0.15148269910047168
223dbe3b-9f96-473b-a6a6-ea354777ae1f___RS_HL 8040.JPG,Apple___healthy,T1,0.023260132782394725,0.20678350556096853
5f067f00-b2c7-4948-b961-b940b4b148db___RS_HL 5860.JPG,Apple___healthy,T4,0.7273493124626338,0.03578692055377544
9fa007fa-08c0-4d3a-b2b4-9ac7ad72c316___RS_HL 7833.JPG,Apple___healthy,T4,0.048643006263048016,0.11591798518128646
c8fe407d-1806-41a1-9fee-0c7d2c538fba___RS_HL 6166.JPG,Apple___healthy,T2,0.09403354412977728,0.032551438658810834
682b3d72-607f-404f-b9e8-48acc1574f41___RS_HL 7419.JPG,Apple___healthy,T3,0.02140335392762577,0.0329642830972489
c4fcb18d-d501-43da-a069-85bb58831714___RS_HL 5840.JPG,Apple___healthy,T1,0.5106413398692811,0.20527426883204944
ca4458ac-56ef-41f3-b7a9-6084846069fd___RS_HL 6072.JPG,Apple___healthy,T2,0.04244015053287372,0.188510003043539
1398b04d-e259-418b-a5db-d4b20b7a3380___RS_HL 7536.JPG,Apple___healthy,T3,0.020411211231144522,0.1688423867976708
25aa6094-5f2e-4551-9349-a3fe0edd3b92___RS_HL 7296.JPG,Apple___healthy,T3,0.0005124788602470148,0.5697823949703106
09b428ff-8046-4c05-9dc3-991b58e4a649___RS_HL 7731.JPG,Apple___healthy,T3,0.033857596652979,0.06233799708073303
ddbedf65-df68-476a-b6d5-c2b72d5e9b0b___RS_HL 5753.JPG,Apple___healthy,T3,0.6876231156820868,0.7550460447066981
2b76e710-42aa-4732-9d60-c7fdaa14f9fa___RS_HL 5822.JPG,Apple___healthy,T2,0.2836948345035105,0.0922990064772143
ecfed640-129c-4440-8617-fbe0372c0556___RS_HL 7485.JPG,Apple___healthy,T4,0.02915622834603699,0.10383510755978695
68dd3ff0-d8d5-49a7-8813-46293114d967___RS_HL 7990.JPG,Apple___healthy,T4,0.019267822736030827,0.28381925926951573
d54ab4d3-cd8b-4485-81b5-a38273f5fe1f___RS_HL 6076.JPG,Apple___healthy,T1,0.16087731322823853,0.460144766923895
723a658e-85ee-431c-bfe7-a411686bd528___RS_HL 6074.JPG,Apple___healthy,T3,0.12469742275380892,0.18101258721865388
d3f4f38e-212e-451f-9a8f-26a6ea5e3877___RS_HL 5924.JPG,Apple___healthy,T3,0.14195246633349864,0.25187758721247566
314b2ac4-0d06-4940-8517-0d4c1072acbf___RS_HL 5929.JPG,Apple___healthy,T1,0.09700937360511828,0.26420265691319944
720d9250-e209-42bd-8be8-c3ee3e2a057f___RS_HL 5869.JPG,Apple___healthy,T1,0.65327828098316,0.09925637346059199
6d276438-7f26-4b65-b425-a18ce241ab04___RS_HL 6050.JPG,Apple___healthy,T2,0.07487789506853632,0.31579330459997534
77004cfa-f435-49af-8435-7986927228ca___RS_HL 7609.JPG,Apple___healthy,T1,0.007927416028960271,0.2210264034331633
606de063-baa7-4f80-b474-6e5cf4ea010a___RS_HL 7979.JPG,Apple___healthy,T3,0.008268815505345762,0.09038153103126825
d5f63752-d817-4b29-a773-f0e87544d61f___RS_HL 7247.JPG,Apple___healthy,T1,0.061124600146452386,0.07508904935149087
6b106a6f-b47f-40a3-8825-f7bfea6163d7___RS_HL 7905.JPG,Apple___healthy,T2,0.005043013942450311,0.5411695749123094
8098a8fe-6a51-485f-ab92-97350982e651___RS_HL 7474.JPG,Apple___healthy,T3,0.08955223880597014,0.016745285658037047
177523d1-d9b9-4ba5-94b9-22d5832aa664___RS_HL 5762.JPG,Apple___healthy,T4,0.5665483234714004,0.05433003695490172
5356ef92-e60f-4456-8687-f8b624d60b53___RS_HL 5829.JPG,Apple___healthy,T3,0.5780211260781083,0.1808989201429272
dc3fca98-91d0-4c97-aaa1-cdd1ad618b38___RS_HL 6290.JPG,Apple___healthy,T4,0.16011653667566994,0.31118434807430273
7e721779-b328-4c32-ad15-889743f9846a___RS_HL 7832.JPG,Apple___healthy,T4,0.004629221409046821,0.13332173985835158
3d300955-5956-4ed8-9348-d2d02388d4d3___RS_HL 7772.JPG,Apple___healthy,T3,0.13611853930121431,0.08854748881474486
445d268a-415e-41d4-80de-0116fdaca73d___RS_HL 5982.JPG,Apple___healthy,T3,0.13455475373082043,0.364517893970838
c07b5a20-2ebb-44b8-8a17-f8ce3890de91___RS_HL 7638.JPG,Apple___healthy,T1,0.014214906948470963,0.10715078902120574
fe768ce6-56c8-408f-921d-7c7d991bb742___RS_HL 7357.JPG,Apple___healthy,T2,0.0443266569726535,0.06647739370950567
decde1a5-7bb9-4f9c-ae10-99b8edcb24fd___RS_HL 7375.JPG,Apple___healthy,T3,0.05813900631846902,0.1021496198652935
962f2c1c-b6e2-4428-9ed1-077a92250128___RS_HL 5806.JPG,Apple___healthy,T2,0.42025420254202545,0.04109995529828352
16f4ae2e-0592-4a9b-ba7d-df9db0cc04fc___RS_HL 7688.JPG,Apple___healthy,T4,0.06467236467236467,0.06946245265293759
fdc0d1ae-70a8-40a6-aab8-2be6c10391a6___RS_HL 8145.JPG,Apple___healthy,T4,0.032332310390179746,0.15068028620665963
d56f2b29-74ed-4997-a16c-f3416fe36c04___RS_HL 7988.JPG,Apple___healthy,T4,0.036821772874395295,0.3040533948409478
39bd8139-dfe4-45ec-8bf9-d9cabbdd1ea8___RS_HL 5659.JPG,Apple___healthy,T1,0.5722218429257413,0.10291919997987119
08f0fe63-3c64-49a2-b413-c0de91abcafd___RS_HL 8008.JPG,Apple___healthy,T1,0.010017159022399481,0.16460767658132908
3a26bfb8-eb90-4f61-bc32-8cbe65c708df___RS_HL 6174.JPG,Apple___healthy,T4,0.14417109309477216,0.1954523244505586
1116c1cc-48d8-4bb5-8349-099690ba0b0b___RS_HL 5980.JPG,Apple___healthy,T1,0.013352011557150987,0.3086911843307987
8e11b695-ac84-42c4-926a-b48b311bcfe8___RS_HL 7782.JPG,Apple___healthy,T3,0.04611863251193143,0.03467585064860923
e81989f9-3f71-4473-b997-fc0230a2f87e___RS_HL 7568.JPG,Apple___healthy,T1,0.017082785808147174,0.021923298555323052
0f33804a-5389-49cc-abb1-c414b243991b___RS_HL 7321.JPG,Apple___healthy,T2,0.08383741908097209,0.1389404126050042
41a4e6fd-7e26-4c73-ac08-bcfffda53c0f___RS_HL 7322.JPG,Apple___healthy,T1,0.056943895693401816,0.09040195118352472
ed151c2d-14c0-49e0-bab4-48e5d879d9ca___RS_HL 7554.JPG,Apple___healthy,T2,0.017040676315672996,0.11321231920801315
a30bee25-14fb-43d2-9ab2-b179c920839c___RS_HL 5778.JPG,Apple___healthy,T3,0.666618796545145,0.31331850397577554
179ad6a1-385b-42a2-8232-538664869673___RS_HL 5771.JPG,Apple___healthy,T4,0.6699011238715225,0.22995723986870992
58200f54-e3ef-4546-9378-0700a030e697___RS_HL 8005.JPG,Apple___healthy,T1,0.014127244689847286,0.07116846757566501
9781c9ee-9e01-4599-b799-3651b487ccc7___RS_HL 7304.JPG,Apple___healthy,T2,0.011032141720589795,0.06058874410979754
e3a3c4f3-12b0-49f2-a14c-c73cdc542e74___RS_HL 7773.JPG,Apple___healthy,T2,0.0330812854442344,0.09274065730730709
c9ea6277-0581-43dd-91d6-3fddfdf447be___RS_HL 7412.JPG,Apple___healthy,T4,0.04555218947948224,0.09737778692907445
6224ac4b-d395-4137-974b-e945c5655dbe___RS_HL 5960.JPG,Apple___healthy,T2,0.18990333545782875,0.4394845281006639
a6ff09a1-af72-4357-a122-4549efdb90b3___RS_HL 7646.JPG,Apple___healthy,T1,0.02714040230465986,0.12694147066537595
153e84e2-1849-4cf6-96b7-a1507376d496___RS_HL 8198.JPG,Apple___healthy,T3,0.12794046149818616,0.3137083454196921
fb5116a2-272b-49af-9c27-9b117376a306___RS_HL 8021.JPG,Apple___healthy,T4,0.046082138774074397,0.11097874514611271
f549a038-8cff-43b5-814c-70ecbfc2476a___RS_HL 6044.JPG,Apple___healthy,T3,0.15360735843633228,0.21581081225894583
99b369d2-fa9b-4d3b-8516-462dbae8561a___RS_HL 7242.JPG,Apple___healthy,T3,0.014900323386139424,0.35093989689047256
2b21526f-9ab0-444b-829a-fa97cd727733___RS_HL 7844.JPG,Apple___healthy,T1,0.055219856837408196,0.06044190718618508
ff89a869-8eb9-4a0a-9132-dc63e94421bd___RS_HL 7649.JPG,Apple___healthy,T4,0.008177570093457943,0.05639985991349323
e6fe30f6-a65f-473c-b266-f9a5cec8f6b4___RS_HL 7559.JPG,Apple___healthy,T2,0.010092653871608206,0.057728463278675646
03109942-bfa2-4728-b375-4f02a95957de___RS_HL 8066.JPG,Apple___healthy,T2,0.003183530535363718,0.41147432376903653
5fc41ba8-baf5-47ce-b6e5-3741dd3b154f___RS_HL 5965.JPG,Apple___healthy,T1,0.05309266422030481,0.3066325597535367
264deb35-dd16-459c-bbd5-4991f6b21be3___RS_HL 5842.JPG,Apple___healthy,T3,0.45938418295643285,0.13443960022899223
7e2b569c-2eb5-4f4e-af96-e4cde4971634___RS_HL 6136.JPG,Apple___healthy,T4,0.031631541380217135,0.38972464535357376
6acc4c43-8bc1-4a6e-a6d6-93474e9c8502___RS_HL 7654.JPG,Apple___healthy,T3,0.011903392754456584,0.06861381791825329
85ebf3f6-11f4-45df-ac16-bd04b355cb31___RS_HL 5991.JPG,Apple___healthy,T4,0.05564981336952833,0.22374212770517138
21321d47-a7a7-40e7-9514-cfa4f45e2f22___RS_HL 5651.JPG,Apple___healthy,T3,0.42615214699287124,0.03002259765508429
30fb7843-8e70-407e-b361-aa54a7473c32___RS_HL 6143.JPG,Apple___healthy,T3,0.10008010177637469,0.21898804677161218
89ddfb64-92d0-494d-b4a2-bb13f2c0db4c___RS_HL 7642.JPG,Apple___healthy,T4,0.00411240575736806,0.09137872244609653
2b76f048-cc2d-4e91-9652-ca3608dd0481___RS_HL 6201.JPG,Apple___healthy,T1,0.17389115018253534,0.4294780267121811
c9ecb848-37bb-4076-9f57-c1bbe22dbec2___RS_HL 7288.JPG,Apple___healthy,T1,0.04704944178628389,0.13242136721336065
8a5ead41-d268-4bc8-867e-036f90f3d99c___RS_HL 7771.JPG,Apple___healthy,T3,0.05526340950377665,0.07461239724970992
1a219a0d-defa-4ed1-8878-e3f6aeac847b___RS_HL 6046.JPG,Apple___healthy,T2,0.09123293093211954,0.04050382612321416
d89ecf86-b89a-4be1-9ac9-017d54734563___RS_HL 7402.JPG,Apple___healthy,T1,0.11909428861101723,0.026551399931552172
7569e8c8-96c8-4d87-8bcd-139566dd4d87___RS_HL 5763.JPG,Apple___healthy,T3,0.8177406936561085,0.7494879002508621
b06260e3-9149-43c1-ab1d-2a592ee2b7fc___RS_HL 5825.JPG,Apple___healthy,T2,0.41234711706464766,0.03922554600275104
37715958-a2d4-41d6-9672-9cafd0f1c146___RS_HL 7502.JPG,Apple___healthy,T1,0.004178591871780195,0.12711434248358372
7b7dde04-2c9d-47da-9b22-dc356a851810___RS_HL 5722.JPG,Apple___healthy,T1,0.4261446449213449,0.05004961048369154
07942abf-8326-4742-bcba-52ddba093974___RS_HL 5731.JPG,Apple___healthy,T4,0.5718482528742126,0.04591778425345477
6034f340-2122-4fe1-8696-cd5327f6984f___RS_HL 7445.JPG,Apple___healthy,T2,0.18795373965895662,0.07010059655490077
430fd7d8-9390-411c-b849-e421cf11f7a7___RS_HL 7314.JPG,Apple___healthy,T3,0.05648806610428123,0.33764332058363333
fd7d6a50-e28f-4014-8e15-6028b5f349d0___RS_HL 5953.JPG,Apple___healthy,T3,0.08411242172710062,0.3094954068952943
8b60fc20-52fa-40a2-8d91-367307968f8e___RS_HL 7264.JPG,Apple___healthy,T2,0.0,0.5602513072083947
00fca0da-2db3-481b-b98a-9b67bb7b105c___RS_HL 7708.JPG,Apple___healthy,T3,0.007387508394895903,0.19829767866972242
03152113-855b-4eab-8a4f-7d78d92240d0___RS_HL 5838.JPG,Apple___healthy,T4,0.6069261611609835,0.010936566756312462
e162d750-979e-4e0c-b530-5ebde0367453___RS_HL 7345.JPG,Apple___healthy,T2,0.42969928592979983,0.06129163125600873
65c5f31a-626b-4e2c-afd1-d740ce4ab7d8___RS_HL 7995.JPG,Apple___healthy,T1,0.017804996755353665,0.29162596630452187
5a92a89d-a10e-423c-aed8-8505e04e15dc___RS_HL 7836.JPG,Apple___healthy,T2,0.0035413899955732625,0.24611168356531968
8293f7a8-cfde-4dea-be03-8d750b133e30___RS_HL 7440.JPG,Apple___healthy,T3,0.05419869611754403,0.0354882136804518
5ac41a3d-ca1b-4215-a7a5-500d77acc67a___RS_HL 5931.JPG,Apple___healthy,T4,0.12374480609418283,0.28039801946183923
ccf86248-4dee-4fa3-8192-fc145a227ff1___RS_HL 8097.JPG,Apple___healthy,T2,0.0016297926088905187,0.21760916752915213
e83245d3-f5e6-43f4-9621-899b089f1c08___RS_HL 7586.JPG,Apple___healthy,T4,0.00040872332350451056,0.3993161684276546
7c388477-2953-4b3d-8f22-7f9eed5fff5c___RS_HL 7527.JPG,Apple___healthy,T2,0.0034063847104572995,0.45880508590674746
8b9db905-ed0e-4f6b-b5f0-451f8b27ecbd___RS_HL 7640.JPG,Apple___healthy,T4,0.00441749026654687,0.08615213494781718
792beb2d-d492-4a19-aa08-412963b87fc7___RS_HL 6314.JPG,Apple___healthy,T2,0.11904251211874223,0.4757717928627844
c96313e1-59f4-4c05-ba19-a03a613b7d6c___RS_HL 5707.JPG,Apple___healthy,T1,0.29330626931771003,0.015216182697440768
0199bffc-baee-499f-8e03-5dadb8b671be___RS_HL 8042.JPG,Apple___healthy,T4,0.023660033343975026,0.23945188470372938
956ef90c-41af-4e70-89a7-291687859623___RS_HL 6063.JPG,Apple___healthy,T4,0.02545029239766082,0.09863862650410765
3e694355-bfdc-4dfe-978e-16c08b70bdba___RS_HL 8028.JPG,Apple___healthy,T2,0.00440153343745563,0.08984302899386193
f31086c2-e23e-4ae1-85a4-89eb742271bc___RS_HL 7611.JPG,Apple___healthy,T1,0.008854732269651657,0.18196263202371407
fdd77f89-e3b1-4492-9da3-f46bbc8666d9___RS_HL 6219.JPG,Apple___healthy,T2,0.1265193022230619,0.587829524210316
9a7d0452-4015-4cef-ab3c-f8f9633b6e9b___RS_HL 8117.JPG,Apple___healthy,T2,0.04078206773970574,0.09516133740543584
42feb98c-4131-453a-b189-5e7c147f3f32___RS_HL 6264.JPG,Apple___healthy,T4,0.08561700032819167,0.4258176370140355
039d297c-374b-47cd-bed1-a94ac757eb8b___RS_HL 7612.JPG,Apple___healthy,T4,0.0003870905307978904,0.2182247660361165
5ee4cb1c-d933-4e89-b364-9b740b48e077___RS_HL 6224.JPG,Apple___healthy,T2,0.09088286208886324,0.02523128722712025
461e67e8-40dd-4bf6-964a-d16c7fc59ac9___RS_HL 7244.JPG,Apple___healthy,T4,0.006513687257865384,0.4317431361122495
18571abd-0d3c-42de-a257-f46c1a6d1517___RS_HL 6126.JPG,Apple___healthy,T3,0.04718721180448816,0.07416355993356813
063d4c39-48ee-4c1a-903a-fe1d8da621e1___RS_HL 7694.JPG,Apple___healthy,T4,0.030760674253443997,0.34024960662258297
228c3cfc-c511-4f1d-80ef-eb6a9e89cc0b___RS_HL 7383.JPG,Apple___healthy,T4,0.05429890034755854,0.04058060708176042
42fdd9ce-6860-4862-8717-4f147884c7d6___RS_HL 5739.JPG,Apple___healthy,T1,0.4339887640449438,0.10995550314866052
0c056dd8-2040-48cf-a9a8-53d8ae5662d0___RS_HL 7987.JPG,Apple___healthy,T2,0.011740498668603244,0.1345081889396113
0d01a8a3-9faa-4a1f-afe0-be6bffa42056___RS_HL 6204.JPG,Apple___healthy,T2,0.06839038878945966,0.2384359603905931
8f38f758-8514-442b-82e9-90b53120db38___RS_HL 5781.JPG,Apple___healthy,T2,0.6701247152748021,0.05369282208939267
be0f61c7-6307-4492-8a2c-50987ca6890e___RS_HL 7403.JPG,Apple___healthy,T1,0.10826210826210826,0.028386411888733844
8fba2297-e4e5-4fab-b41d-d5cb537dc840___RS_HL 6220.JPG,Apple___healthy,T2,0.08747862435873076,0.48980359781452376
e2cce5a6-04a9-436d-8e56-3bf4979b47bc___RS_HL 5886.JPG,Apple___healthy,T1,0.7377749973933896,0.06023179689255002
5915bea7-aecc-4247-acfe-6e115e7c9836___RS_HL 7703.JPG,Apple___healthy,T2,0.010824277307675788,0.11427757273251815
772e7314-c24e-4126-aa12-224b27098319___RS_HL 5663.JPG,Apple___healthy,T3,0.5423030303030303,0.1443275731843641
892258ae-052d-4df5-8a8c-27924cd64a85___RS_HL 7497.JPG,Apple___healthy,T4,0.018552200800291015,0.09846068296804208
3b0f637d-dd22-44a0-a4b4-2a7792e2ac76___RS_HL 7258.JPG,Apple___healthy,T2,0.009315392577258613,0.5082320545854963
47c9915d-7fb5-4426-a1b8-5928c3b20666___RS_HL 7565.JPG,Apple___healthy,T2,0.012405778894472362,0.06828430251459185
51e374ab-4fe6-4207-9d81-ec059f4cd3b8___RS_HL 8050.JPG,Apple___healthy,T3,0.05336376003861851,0.20510256168163662
c419612e-2fa8-4d25-96c5-0bf68b3c7205___RS_HL 7720.JPG,Apple___healthy,T3,0.0053642415824512665,0.42781967971202695
01b32971-5125-4982-98e2-22daa9ae864a___RS_HL 7977.JPG,Apple___healthy,T3,0.01830708661417323,0.05943863849336855
b6a2a9d1-5fff-4f42-bc18-12c9777001e6___RS_HL 6067.JPG,Apple___healthy,T4,0.14290706910246226,0.15229675081558033
270ca100-e754-4ed1-9fe8-0d3270cba958___RS_HL 5660.JPG,Apple___healthy,T4,0.37648632148152456,0.1051623588977693
b9d6f390-c210-486f-802b-e204e27990ea___RS_HL 7756.JPG,Apple___healthy,T2,0.08418403684535397,0.08490543359185829
bdf80993-e555-4609-8a83-7f1676bce18b___RS_HL 5682.JPG,Apple___healthy,T1,0.8702229034085229,0.02420533323420392
63f2f961-ac3f-4a2d-9fc1-6987e8da97cc___RS_HL 7447.JPG,Apple___healthy,T4,0.08589461104679388,0.1044279524920516
3100088b-5df1-43b2-a1d9-8ff1d414b67b___RS_HL 5834.JPG,Apple___healthy,T3,0.40401188707280833,0.04764963921740268
5348c7f1-02d4-40ae-989e-1537043644cf___RS_HL 7657.JPG,Apple___healthy,T4,0.035086879517495576,0.13466108259164736
60be19f7-984f-4e9d-ad1d-4d21ea4c0eef___RS_HL 7966.JPG,Apple___healthy,T3,0.01113093720791911,0.1981239608886507
f17a1770-7878-4f53-a432-e93429328836___RS_HL 6090.JPG,Apple___healthy,T4,0.139044989976667,0.3060377868344168
c53e1b93-f910-412e-b902-19f1693ea08d___RS_HL 5962.JPG,Apple___healthy,T3,0.03859001061028805,0.44225275813067516
d15fe9d3-0631-4482-a482-68d9169f1970___RS_HL 7894.JPG,Apple___healthy,T1,0.027057227232819857,0.07523918985439246
47c52b97-c8c7-41da-8bff-608d8db48408___RS_HL 6243.JPG,Apple___healthy,T2,0.22336156932679446,0.23302392899676772
8e153b00-732e-420f-8cea-f947b19403ad___RS_HL 7728.JPG,Apple___healthy,T1,0.0,0.08853058715128093
e4bca84a-8bf3-477f-8c67-208f7484b0af___RS_HL 7287.JPG,Apple___healthy,T1,0.0,0.18062107631355867
46ef8441-3792-4ca8-919b-eb6cedd0ed3f___RS_HL 5998.JPG,Apple___healthy,T1,0.16890508762294673,0.07434572902725953
d2efd9dd-384c-4ad9-8b41-9780b0ed0c72___RS_HL 5703.JPG,Apple___healthy,T1,0.6493703597358382,0.04889992277607696
55e058db-7a66-4468-b6f8-a2e3fd4d567d___RS_HL 8128.JPG,Apple___healthy,T1,0.005710544502236933,0.23958659466039783
e9a9e270-a397-4f0c-a1aa-d064d38379e2___RS_HL 8158.JPG,Apple___healthy,T1,0.00828555721353962,0.3187291733626305
ef39563c-7897-48be-b7d5-5371b873b110___RS_HL 8024.JPG,Apple___healthy,T2,0.0033584203285587115,0.2876216789108022
32d7538b-1c41-49c4-a67e-4ef228aaa438___RS_HL 7529.JPG,Apple___healthy,T1,0.011202674565236517,0.5343543005618978
30995ef5-ad2d-4949-b0e0-f98b074b4a96___RS_HL 7378.JPG,Apple___healthy,T1,0.1221336401742418,0.024523194044038764
3b7ee41f-9af2-4425-a7ea-574ef63979c8___RS_HL 7838.JPG,Apple___healthy,T1,0.006937650093391444,0.3740940555886367
bd44da3a-be59-458e-a81b-cf8f9d38724d___RS_HL 7336.JPG,Apple___healthy,T3,0.22038170687792583,0.038312030117183433
b7e9a2ff-31e8-4ddc-b739-17a8889715e7___RS_HL 6285.JPG,Apple___healthy,T2,0.039020340390203405,0.3826153915751859
23b5f9bf-18d8-43d3-a289-6398a7abde91___RS_HL 7914.JPG,Apple___healthy,T4,0.009212209833668434,0.38660236936840675
7cbd343b-9af0-47cb-9aa5-e19e675b3057___RS_HL 7265.JPG,Apple___healthy,T2,0.019181096335980103,0.2034137689824746
688b1671-7399-46a1-b93e-53b11cf210f7___RS_HL 7842.JPG,Apple___healthy,T4,0.07975185826859665,0.10018097093268821
0776a839-af75-4f70-81b5-2c8dbecc0c55___RS_HL 7851.JPG,Apple___healthy,T2,0.029064564244619645,0.22543185038864166
2255256e-1e76-4c19-8d32-f168ac6eeaa2___RS_HL 5784.JPG,Apple___healthy,T2,0.6966164464270684,0.7334720530504703
bcd55989-eab4-4d03-8fe2-2f24ba37c637___RS_HL 7394.JPG,Apple___healthy,T1,0.2437664550100666,0.09049011779277272
55b3e1e7-0bd4-4e0b-b929-19d68fc43e23___RS_HL 7653.JPG,Apple___healthy,T2,0.009042010572196977,0.09977733941299581
8fd3cfbd-fbca-4c33-a2a7-1e7ecc71ec9e___RS_HL 6091.JPG,Apple___healthy,T1,0.07317502973699282,0.09313440103803997
1b9f5fe1-6d06-4ff6-a35d-3155f623e4fb___RS_HL 6228.JPG,Apple___healthy,T2,0.17501557078031854,0.09026775388034307
7a4ee5b1-1dff-4719-a2be-e5b1674ac63d___RS_HL 6162.JPG,Apple___healthy,T1,0.46773696641906,0.055709399322042816
c53b358c-9cf4-4388-9743-7c3447715424___RS_HL 7880.JPG,Apple___healthy,T3,0.013558848196812972,0.014922611057301922
ae11ce7e-dfd2-42bc-9e1b-0b6a29f9e538___RS_HL 5674.JPG,Apple___healthy,T1,0.7919558071585099,0.029881817654957527
0098dbd9-286a-4d6a-bf4b-5459d66f88c0___RS_HL 5776.JPG,Apple___healthy,T1,0.6679681502116739,0.4389391556484594
1c807ca4-b6f5-4123-8d3b-cd44238df38d___RS_HL 6140.JPG,Apple___healthy,T2,0.11418559690671821,0.27625714686162595
afac9fcd-ff8d-4ab8-9be2-c5649a59d6a0___RS_HL 6324.JPG,Apple___healthy,T4,0.08169660590545968,0.37562056081515915
53b0c397-52b3-40c1-9ef5-c52b6ae7f4bb___RS_HL 6329.JPG,Apple___healthy,T2,0.11235436299937536,0.5002165949207179
de1cec8e-3880-4410-9fdb-99e79ce2dcbe___RS_HL 7819.JPG,Apple___healthy,T4,0.027087698293923976,0.07924768125268786
fac07867-acdd-4a19-8be5-987958575af0___RS_HL 5972.JPG,Apple___healthy,T4,0.17648190916089299,0.3735349503978116
53d09cc6-89ef-4180-a823-31c5f6566656___RS_HL 6070.JPG,Apple___healthy,T1,0.21377149713371552,0.09583164367168921
9ee2b5e6-46cf-400f-a82f-660a2ac05157___RS_HL 5643.JPG,Apple___healthy,T4,0.7468865111383968,0.19759970991866874
de10e57b-5529-437c-8d64-15821f05c574___RS_HL 8094.JPG,Apple___healthy,T2,0.05823792931806869,0.11728993419226257
c87060be-7d4e-4cb2-b688-fe5378438d16___RS_HL 7473.JPG,Apple___healthy,T2,0.05981416957026713,0.016407009839058517
07778a5c-8037-425f-aa83-d10b1e1d5db4___RS_HL 7269.JPG,Apple___healthy,T4,0.0,0.4614659646165002
91a935c4-659c-4344-8355-eba55d673af5___RS_HL 8189.JPG,Apple___healthy,T3,0.0021452407436834578,0.3964672282270054
828a6b50-e2fb-4e63-a595-556aa41d43a7___RS_HL 6250.JPG,Apple___healthy,T4,0.1014405762304922,0.28204013285771096
18873cb4-cf30-414d-9ffd-c965879d84b1___RS_HL 6239.JPG,Apple___healthy,T1,0.14309072781655036,0.396492205240507
44acd453-48a7-48db-997a-34b00a4d437a___RS_HL 7892.JPG,Apple___healthy,T2,0.31144056538604603,0.030030142643005305
6e158c4d-f39d-4667-9fb1-7ff184fd7288___RS_HL 6192.JPG,Apple___healthy,T2,0.06559034281806558,0.37647188574884616
514b3065-844b-40c8-8a86-043200a1779e___RS_HL 7721.JPG,Apple___healthy,T3,0.005488744989207524,0.07174824898510836
997e59bf-7010-4153-a994-47aee2fdc666___RS_HL 8023.JPG,Apple___healthy,T2,0.030221600530074357,0.21566016600756444
f0cc8fe8-a9ec-42bb-83b7-274f8f5f00f0___RS_HL 7940.JPG,Apple___healthy,T2,0.0,0.29868436373959234
8b36cf3e-4ce6-477b-9773-442f5d3c90e1___RS_HL 7931.JPG,Apple___healthy,T1,0.018437025796661607,0.10253393036186668
1652d645-fb1b-4529-acbe-17093566cd2a___RS_HL 8074.JPG,Apple___healthy,T1,0.0,0.3947651276220487
4b8147d5-9bcb-4375-ab29-de19201bc9af___RS_HL 7372.JPG,Apple___healthy,T4,0.020184190330007675,0.02908668628771305
e25a6ff6-6872-4e79-ac62-14221935dd6b___RS_HL 5736.JPG,Apple___healthy,T3,0.669491943034544,0.028433984962314255
33acc3da-5f90-49e4-b70d-b3d60921e08e___RS_HL 7263.JPG,Apple___healthy,T4,0.05680632677099108,0.2545482787906983
229d89f1-b2ac-4427-b7e7-47139f62b73d___RS_HL 7341.JPG,Apple___healthy,T1,0.06734282474486582,0.34213239738614604
8de1ca48-0d3b-4473-bc5a-9b4a881006ff___RS_HL 7433.JPG,Apple___healthy,T1,0.0767092126879818,0.03207805299209975
857684fb-c4a3-43a4-ad47-da0058b403cd___RS_HL 8053.JPG,Apple___healthy,T4,0.013946034908397938,0.19756002030504557
7c5e4508-64ba-4b06-8a5b-6d0147280d88___RS_HL 7577.JPG,Apple___healthy,T2,0.04389161256128263,0.1591338250874206
dab1c693-aed0-4a33-ab47-66948821a615___RS_HL 7706.JPG,Apple___healthy,T3,0.04384651580613423,0.16983529266081426
7ac83dd1-c411-4348-82d9-f59abcf75924___RS_HL 7245.JPG,Apple___healthy,T1,0.02586649080383967,0.36527858249640877
a63295f1-8032-4db2-b0d7-4e51f6e30bad___RS_HL 6089.JPG,Apple___healthy,T1,0.11189937730412962,0.46064391130637433
735b41f2-e433-4ca1-98eb-85b9af69a7bc___RS_HL 5879.JPG,Apple___healthy,T4,0.5971102852131791,0.1621878346297374
70491e38-2a9e-4fb7-9ab5-dfa49d46b202___RS_HL 7758.JPG,Apple___healthy,T4,0.01693995004886524,0.23976487053606904
4ffc00fe-a8ce-4103-9fab-30165684d8c5___RS_HL 7490.JPG,Apple___healthy,T2,0.022739651416122005,0.06733816482083578
3a6789e3-2dd3-4513-b21d-be34f521c4a1___RS_HL 8031.JPG,Apple___healthy,T2,0.04830851574830165,0.3035406252116611
4839a9b1-c89f-475c-849f-c40c44e9cfff___RS_HL 6040.JPG,Apple___healthy,T4,0.20274331136099263,0.32426838565884586
7de88302-023d-4979-ad91-88cb5c02f14b___RS_HL 7255.JPG,Apple___healthy,T1,0.013938913701195793,0.30253231484827925
0e9d1f0c-19b3-4765-87cc-470413d16275___RS_HL 7637.JPG,Apple___healthy,T1,0.09163107814490147,0.04827275797319798
9ec4f654-e45e-4910-8b1f-8b9825cefbd1___RS_HL 8173.JPG,Apple___healthy,T2,0.004593233813267379,0.22324716778063883
2796f6e4-6b9f-4b3b-9f96-a6788b2e0f02___RS_HL 5712.JPG,Apple___healthy,T3,0.42496590835299464,0.041981393600025896
1cf4ad6b-8c00-42de-aff0-ee2662c54df1___RS_HL 7462.JPG,Apple___healthy,T4,0.06343949044585988,0.06679585416683045
06c0c5f7-59cd-498b-8284-51290720a18d___RS_HL 7636.JPG,Apple___healthy,T2,0.012402879749091168,0.09943603004569657
d7308460-64d2-4e9e-aa0d-5b4f62d378ef___RS_HL 5802.JPG,Apple___healthy,T3,0.5196709889026733,0.2764772544749218
232e37bf-da7c-4c4e-94fd-ce592dd37786___RS_HL 7770.JPG,Apple___healthy,T1,0.019475138121546963,0.10135637607287266
56c8fb12-185b-4225-bdee-abdbdcc6101b___RS_HL 7574.JPG,Apple___healthy,T2,0.007882882882882882,0.4463371479855245
0580ddaa-0221-4adc-8b64-8ce1842f5f07___RS_HL 6242.JPG,Apple___healthy,T3,0.23824175824175825,0.2582798946386036
5941b857-a525-4aff-ba20-def608d63c4d___RS_HL 6119.JPG,Apple___healthy,T3,0.09664621676891616,0.11692145006319803
65fcf384-964b-41c5-9a54-aecb473283d2___RS_HL 7672.JPG,Apple___healthy,T4,0.026141871053018063,0.06837824691677427
ceead707-a3f7-4ac7-801e-113399dcf68a___RS_HL 7254.JPG,Apple___healthy,T3,0.020547664852032254,0.43276543491385894
d3524c88-0d60-43e0-a181-3ecc0facd54a___RS_HL 8181.JPG,Apple___healthy,T4,0.03451861093782491,0.11032111378523479
2c7fe12b-945d-4828-a327-fc17eb0c4afc___RS_HL 5942.JPG,Apple___healthy,T2,0.06978585909782058,0.4011417685244163
7519aef6-3f42-4dd9-8e9e-f3eced492298___RS_HL 5863.JPG,Apple___healthy,T3,0.607949332623043,0.0819385365138263
9b958d1b-ef54-4290-9636-4aa08eb55dda___RS_HL 5843.JPG,Apple___healthy,T3,0.5944172039689587,0.40195485908440837
d5578393-868f-49fa-8fff-4f0484b4507e___RS_HL 5995.JPG,Apple___healthy,T2,0.09814907840333861,0.12636297934195026
2d1542c5-6771-4433-a912-313e77945d85___RS_HL 5683.JPG,Apple___healthy,T1,0.6454757756607481,0.02422405990190303
e0b3b9e7-70ab-4cd5-ba2f-2924568dc837___RS_HL 7774.JPG,Apple___healthy,T2,0.011430437622468974,0.0448903073810711
d6035c7f-f163-4c6b-ba51-d61d10ca1fed___RS_HL 8109.JPG,Apple___healthy,T1,0.01945831204056763,0.13051397824603667
96717630-6d48-4660-b472-268f5f1304d9___RS_HL 7978.JPG,Apple___healthy,T2,0.016436363636363638,0.06507778888192718
4c50a62b-3af4-43f9-a31d-794abd545413___RS_HL 7739.JPG,Apple___healthy,T4,0.005549241157986227,0.45771426373801327
638ea400-bbc7-4642-b7f3-f57e2f3409cb___RS_HL 7718.JPG,Apple___healthy,T3,0.009295810518273271,0.17966562956806711
a64b16af-0fb8-4c07-a4d3-b3f87e33d6ca___RS_HL 5795.JPG,Apple___healthy,T1,0.4488176886068175,0.02857031820728457
e3aa227f-1e49-4a2a-8e10-6a1c5c985214___RS_HL 6057.JPG,Apple___healthy,T3,0.012889417360285375,0.414029589157955
ab4fd2f9-da8a-4fe7-9634-50be1efa0730___RS_HL 7714.JPG,Apple___healthy,T4,0.016994964454976304,0.19296891028667026
eff8a4a7-8aa4-4549-ae15-035f85c15486___RS_HL 7783.JPG,Apple___healthy,T4,0.001026928343222273,0.4481931831541633
595381e5-c16b-4348-aaea-00763903646d___RS_HL 6153.JPG,Apple___healthy,T3,0.019078261657678886,0.08031870710080048
b876a8f5-9fee-48fe-817c-f810a55c9ee2___RS_HL 7496.JPG,Apple___healthy,T2,0.03028118240807498,0.1290926559696637
803fcf75-7e13-45a8-bb3d-352140702555___RS_HL 5677.JPG,Apple___healthy,T1,0.6641137855579868,0.11785713123291963
35acdaad-cf75-4ea6-ae8b-02f5a6e7caeb___RS_HL 7620.JPG,Apple___healthy,T3,0.018231756404792347,0.1826525622644524
3561a457-ec26-442a-925a-cdbe7f37a430___RS_HL 5786.JPG,Apple___healthy,T3,0.6182450116203597,0.37621775611604275
7c1289d0-4fe5-478c-a9f4-5d94b461d7bf___RS_HL 7970.JPG,Apple___healthy,T2,0.019341611543073768,0.22210600647750875
35f0c52c-8a43-4bf2-8d55-2a827dbc5c4d___RS_HL 7251.JPG,Apple___healthy,T3,0.059856437171966655,0.17347658299812918
818854a8-1153-49bb-8981-8c6e5f34fbbe___RS_HL 8089.JPG,Apple___healthy,T3,0.014199366784994723,0.1366608289893905
269865f0-68b7-4046-8076-22e347b36567___RS_HL 6256.JPG,Apple___healthy,T4,0.07729294779536831,0.17575511341136144
cd18fd71-59d6-4d48-8c52-d31ff68f1fe2___RS_HL 5716.JPG,Apple___healthy,T3,0.3879161176638674,0.4164493279887722
53ad510e-0bf0-4366-928b-8d80f1a51b50___RS_HL 5873.JPG,Apple___healthy,T3,0.527087851862217,0.06046147824160494
84ed8ffd-a47f-4b52-befa-938a10012a4c___RS_HL 6135.JPG,Apple___healthy,T3,0.0239275849445905,0.4277931451368045
013b7c70-5e3b-42b7-86af-167815a5b04f___RS_HL 7480.JPG,Apple___healthy,T4,0.15281486426346239,0.06795755815355246
13ee12c2-f465-4e44-a81f-36695ded6955___RS_HL 7897.JPG,Apple___healthy,T2,0.0497348692631194,0.24585717344515678
9ae0c2e4-ff70-4be7-a231-65d4c2acd8ee___RS_HL 7476.JPG,Apple___healthy,T2,0.0896815654559896,0.03914641823304921
94e40c05-1631-42bc-99b8-ec4afafd8d7b___RS_HL 5710.JPG,Apple___healthy,T3,0.5394470247186809,0.27486543976416944
b93cadc6-112d-40f1-bec9-60c88e79f919___RS_HL 6229.JPG,Apple___healthy,T4,0.06670808418109808,0.19656717151831063
f85fb3d4-c93d-4ef3-8ff2-47171f8aea77___RS_HL 6132.JPG,Apple___healthy,T4,0.04295208401706597,0.20173293388915917
cb32fb76-f899-4c50-8599-2d9551ff036d___RS_HL 6084.JPG,Apple___healthy,T1,0.052569712009403774,0.36462937819429475
40b69253-5e07-452f-82b5-8d4f0f15e400___RS_HL 5813.JPG,Apple___healthy,T3,0.6070178199126707,0.6165593405398252
94aeb96c-b0f5-4554-9627-98d131c7b321___RS_HL 5988.JPG,Apple___healthy,T3,0.039769787894464566,0.06227900189799391
d321145e-6ab0-4ad2-8109-f34ee4389149___RS_HL 7848.JPG,Apple___healthy,T1,0.004661665088498798,0.043177690670595764
5e6846df-21b1-444c-ac0d-34c67443dbef___RS_HL 7270.JPG,Apple___healthy,T3,0.0020913044511514057,0.34464705008969704
2b96d8f8-6642-4897-b43e-dde7fb2fcb2a___RS_HL 7295.JPG,Apple___healthy,T3,0.0316551019310419,0.39038022463918065
885dd825-a34b-4149-bbb0-445fa62a4e64___RS_HL 7814.JPG,Apple___healthy,T2,0.001829268292682927,0.19458629927895346
404ef08f-0f34-4530-bc4b-ce356b3c2da1___RS_HL 7484.JPG,Apple___healthy,T4,0.008422416585681892,0.40399948566141547
b9a7faa2-e43b-4d8d-8df0-2256c8ee3607___RS_HL 7483.JPG,Apple___healthy,T4,0.014640187535937016,0.1383892177951509
12253089-92a5-4a3d-b742-f554cc2a0fe0___RS_HL 5756.JPG,Apple___healthy,T3,0.39162228594838183,0.18403630720034844
1630633a-63cb-433f-96bc-bc47a933506c___RS_HL 5718.JPG,Apple___healthy,T4,0.6543372184157965,0.029294423688886212
3d2a5995-d293-471e-bcd3-862a8850d78d___RS_HL 5773.JPG,Apple___healthy,T1,0.8635431974630675,0.7775329798265843
dff74209-1167-4878-8236-e0bf62e877dd___RS_HL 7815.JPG,Apple___healthy,T4,0.0020103563813585134,0.07788041781686209
a88f01ad-8550-49f1-9757-e9e9649d81b2___RS_HL 7360.JPG,Apple___healthy,T2,0.0333466853595033,0.14254027287094487
a1867bda-d965-4389-8a19-ed13c82df5f6___RS_HL 7655.JPG,Apple___healthy,T3,0.011965164710336993,0.07101463951340647
e323a987-eb04-44a2-aaa0-0d85518bb3dd___RS_HL 7668.JPG,Apple___healthy,T2,0.01050766693139471,0.304874368559029
844a6049-175e-4f5b-bdf4-142866cf0bc8___RS_HL 8022.JPG,Apple___healthy,T2,0.019151218017465912,0.21823290345275073
b68238fa-2e01-43b2-bf8c-0e9d38848b02___RS_HL 6289.JPG,Apple___healthy,T2,0.11761666953676597,0.1888794018655625
43619607-151e-41c1-b428-89f24c177515___RS_HL 5723.JPG,Apple___healthy,T2,0.4132764016336922,0.06814366047042562
b0178b88-d413-498c-a6de-1d7cef560d3a___RS_HL 7925.JPG,Apple___healthy,T4,0.03470118424676398,0.06281601791203054
dbe783c1-f25b-4c7b-9151-4f4abab0ec31___RS_HL 5701.JPG,Apple___healthy,T4,0.7845761365062105,0.08351356434147347
6b11324f-6b70-40d7-9cd2-f7d36b0c69cd___RS_HL 7431.JPG,Apple___healthy,T2,0.027749674808498336,0.03581889147468926
fb0953a0-71a5-4c1c-9fb3-f0d9888c2170___RS_HL 8036.JPG,Apple___healthy,T1,0.015072052917552562,0.2634649885351647
3673d121-b5de-481c-b057-d4ee5b4959b1___RS_HL 6269.JPG,Apple___healthy,T4,0.1684280713452242,0.3117108127119849
7ccedff8-c997-40f4-bcd6-50e43a783389___RS_HL 7936.JPG,Apple___healthy,T4,0.04161098286963917,0.2419098906129184
58bebbd8-1cfa-486b-86b3-64cf33697320___RS_HL 7651.JPG,Apple___healthy,T4,0.031229137304354275,0.07436331461284974
3e8eb97c-b2ad-4aeb-82ff-2f1334801c9b___RS_HL 6098.JPG,Apple___healthy,T3,0.06860792527985715,0.1546730345882281
14828181-53d0-4dfb-92b1-d7a52602f3cb___RS_HL 7517.JPG,Apple___healthy,T3,0.017601067180494312,0.15384668529925635
32a59e5f-9167-42d4-8040-40563e416572___RS_HL 6156.JPG,Apple___healthy,T1,0.29818489153620154,0.12395089943857451
4b22a1e7-745b-4c78-a49e-14ca8cfba26a___RS_HL 8111.JPG,Apple___healthy,T3,0.0010953202442564145,0.23103129355677504
b7bc8a7b-c93c-44c2-9b8f-d142e05cee7f___RS_HL 7617.JPG,Apple___healthy,T4,0.00022037110494072017,0.08559695366986107
a16cfc1d-26ae-4bf8-bd37-5f1ba495447b___RS_HL 5905.JPG,Apple___healthy,T2,0.04298193131506522,0.3435459929303565
4c6671cb-b873-4e04-9dd8-fafb839a3d28___RS_HL 7797.JPG,Apple___healthy,T4,0.04528933524629364,0.1300621631693226
76c0783e-5e1a-4a25-8371-9e7ef2a8c9d7___RS_HL 7465.JPG,Apple___healthy,T1,0.10779944289693594,0.03023422540176175
